library	raw_pairs_M	clean_pairs_M	kept_pct	clean_Gb	dup_rate_pct	expected_pairs_M	expected_Gb	too_short_pct_of_raw_reads
4122-0-22_S11	9.04	0.60	6.6	0.15	75.1			85.7
4122-0-44_S10	24.50	15.06	61.5	4.29	33.0			37.3
4125-0-22_S17	8.39	2.07	24.6	0.56	55.3			69.0
4125-0-44_S16	22.69	9.94	43.8	2.82	44.9			51.1
4128-0-22_S28	6.60	0.50	7.6	0.12	68.9			82.4
4128-0-44_S27	10.09	1.80	17.8	0.50	64.8			74.0
4128_S30	11.41	3.23	28.3	0.87	56.8			67.0
MV-4122_S12	30.07	19.04	63.3	5.58	30.1	19.1	5.6	34.5
MV-4125_S18	24.47	12.84	52.5	3.75	41.5	12.9	3.7	45.2
MV-4128_S29	29.76	20.30	68.2	5.99	27.7	20.3	6.0	29.8
NC1_S64	4.69	0.05	1.1	0.01	73.7			87.3
