library	clean_reads	mapped_pct	orig:MV_assembly	orig:Tib_cellular_assembly	orig:Biragzang_final	class:cellular_nonviral|MVenriched(10-100x)	class:cellular_nonviral|MVspecific(>=100x)	class:cellular_nonviral|cellular_enriched(<0.1x)	class:cellular_nonviral|shared(0.1-10x)	class:cellular_nonviral|unmapped	class:cellular_with_provirus|MVspecific(>=100x)	class:cellular_with_provirus|cellular_enriched(<0.1x)	class:viral|MVenriched(10-100x)	class:viral|MVspecific(>=100x)	class:viral|cellular_enriched(<0.1x)	class:viral|shared(0.1-10x)	class:viral|unmapped
MV-4122_S12	38071806	90.361	88.2625	2.0984	0.0003	0.8061	78.0340	0.0050	6.4431	0.0000	4.5874	0.0003	0.0677	0.3412	0.0022	0.0743	0.0000
MV-4125_S18	25680390	87.688	86.9491	0.7387	0.0002	1.0004	73.4977	0.0021	2.4477	0.0000	9.8866	0.0000	0.0214	0.8123	0.0001	0.0197	0.0000
MV-4128_S29	40598794	91.650	91.4913	0.1584	0.0006	1.3287	71.0363	0.0080	1.7693	0.0000	16.3163	0.0000	0.0158	1.1680	0.0006	0.0073	0.0000
4122-0-22_S11	1193866	51.567	0.1062	51.4593	0.0013	0.0230	0.0204	43.0843	0.0756	0.0000	0.0031	4.5390	0.0007	0.0000	3.8205	0.0003	0.0000
4122-0-44_S10	30115448	87.926	0.0154	87.9102	0.0005	0.0007	0.0020	70.4376	0.0163	0.0000	0.0003	8.9589	0.0001	0.0000	8.5100	0.0002	0.0000
4125-0-22_S17	4130804	1.099	0.0605	1.0366	0.0016	0.0080	0.0055	0.9668	0.0598	0.0000	0.0007	0.0058	0.0003	0.0001	0.0512	0.0004	0.0000
4125-0-44_S16	19880220	3.174	1.1108	2.0603	0.0026	0.0230	0.0356	1.4124	1.5584	0.0000	0.0033	0.0025	0.0023	0.0003	0.1188	0.0170	0.0000
4128-0-22_S28	1001786	23.394	0.1419	0.0581	23.1942	0.0138	0.0039	22.4157	0.1552	0.0000	0.0004	0.0012	0.0002	0.0000	0.8022	0.0017	0.0000
4128-0-44_S27	3599252	47.633	0.0526	0.0532	47.5276	0.0046	0.0084	46.8793	0.0482	0.0000	0.0003	0.0029	0.0002	0.0001	0.6890	0.0004	0.0000
4128_S30	6453914	7.766	0.0066	0.0030	7.7565	0.0021	0.0027	7.5074	0.0017	0.0000	0.0000	0.0002	0.0000	0.0000	0.2518	0.0002	0.0000
NC1_S64	103764	0.003	0.0029	0.0000	0.0000	0.0019	0.0010	0.0000	0.0000	0.0000	0.0000	0.0000	0.0000	0.0000	0.0000	0.0000	0.0000
