NODE_8048_length_1128_cov_3.222740_2	Ribosomal_L1
NODE_518_length_11600_cov_11.794370_4	Ribosomal_L1
NODE_441_length_13358_cov_20.706157_13	Ribosomal_L1
NODE_1_length_685560_cov_728.732645_484	Ribosomal_L1
NODE_549_length_11117_cov_20.989062_6	Ribosomal_L1
NODE_10238_length_936_cov_4.397276_1	Ribosomal_L1
NODE_4488_length_1750_cov_4.789971_2	Ribosomal_L1
NODE_211_length_22670_cov_37.964316_24	Ribosomal_L1
NODE_20395_length_528_cov_2.025370_1	Ribosomal_L1
NODE_16450_length_633_cov_1.401384_1	Ribosomal_L1
NODE_27134_length_423_cov_1.426630_1	Ribosomal_L1
NODE_20890_length_517_cov_3.160173_1	Ribosomal_L1
NODE_88619_length_230_cov_0.897143_1	Ribosomal_L1
NODE_211_length_22670_cov_37.964316_11	Ribosomal_L10
NODE_37846_length_334_cov_2.064516_1	Ribosomal_L10
NODE_4488_length_1750_cov_4.789971_1	Ribosomal_L10
NODE_549_length_11117_cov_20.989062_7	Ribosomal_L10
NODE_10_length_168267_cov_702.126067_139	Ribosomal_L10
NODE_518_length_11600_cov_11.794370_14	Ribosomal_L10
NODE_18649_length_569_cov_2.821012_1	Ribosomal_L10
NODE_343_length_16249_cov_21.687847_6	Ribosomal_L10
NODE_25067_length_448_cov_1.478372_1	Ribosomal_L10
NODE_211_length_22670_cov_37.964316_25	Ribosomal_L11
NODE_518_length_11600_cov_11.794370_3	Ribosomal_L11
NODE_19093_length_557_cov_2.601594_1	Ribosomal_L11
NODE_1_length_685560_cov_728.732645_485	Ribosomal_L11
NODE_441_length_13358_cov_20.706157_12	Ribosomal_L11
NODE_549_length_11117_cov_20.989062_5	Ribosomal_L11
NODE_30053_length_392_cov_1.679525_1	Ribosomal_L11_N
NODE_549_length_11117_cov_20.989062_5	Ribosomal_L11_N
NODE_92738_length_225_cov_2.458824_1	Ribosomal_L11_N
NODE_1_length_685560_cov_728.732645_485	Ribosomal_L11_N
NODE_211_length_22670_cov_37.964316_25	Ribosomal_L11_N
NODE_518_length_11600_cov_11.794370_3	Ribosomal_L11_N
NODE_441_length_13358_cov_20.706157_12	Ribosomal_L11_N
NODE_19093_length_557_cov_2.601594_1	Ribosomal_L11_N
NODE_518_length_11600_cov_11.794370_15	Ribosomal_L12
NODE_549_length_11117_cov_20.989062_8	Ribosomal_L12
NODE_10_length_168267_cov_702.126067_138	Ribosomal_L12
NODE_211_length_22670_cov_37.964316_10	Ribosomal_L12
NODE_8578_length_1075_cov_2.146078_2	Ribosomal_L12
NODE_343_length_16249_cov_21.687847_7	Ribosomal_L12
NODE_92001_length_226_cov_1.122807_1	Ribosomal_L12
NODE_38735_length_329_cov_1.718978_1	Ribosomal_L12_N
NODE_154_length_27219_cov_23.184546_24	Ribosomal_L13
NODE_55_length_45571_cov_44.707114_6	Ribosomal_L13
NODE_1_length_685560_cov_728.732645_238	Ribosomal_L13
NODE_9278_length_1010_cov_12.291099_2	Ribosomal_L13
NODE_107_length_33962_cov_17.262807_31	Ribosomal_L13
NODE_30677_length_386_cov_2.141994_1	Ribosomal_L13
NODE_55292_length_268_cov_1.572770_1	Ribosomal_L13
NODE_73229_length_246_cov_1.005236_1	Ribosomal_L13
NODE_47396_length_285_cov_0.834783_1	Ribosomal_L13
NODE_30597_length_387_cov_1.268072_1	Ribosomal_L13
NODE_264_length_19477_cov_23.086345_13	Ribosomal_L14
NODE_908_length_7166_cov_14.483617_3	Ribosomal_L14
NODE_11_length_163381_cov_739.494569_48	Ribosomal_L14
NODE_166_length_26102_cov_21.271356_21	Ribosomal_L14
NODE_111_length_32837_cov_35.789336_38	Ribosomal_L14
NODE_13111_length_763_cov_3.107345_1	Ribosomal_L14
NODE_16070_length_644_cov_1.590832_1	Ribosomal_L14
NODE_44433_length_298_cov_1.181070_1	Ribosomal_L14
NODE_103262_length_216_cov_0.956522_1	Ribosomal_L14
NODE_111_length_32837_cov_35.789336_41	Ribosomal_L16
NODE_264_length_19477_cov_23.086345_10	Ribosomal_L16
NODE_908_length_7166_cov_14.483617_6	Ribosomal_L16
NODE_166_length_26102_cov_21.271356_24	Ribosomal_L16
NODE_5732_length_1462_cov_2.800995_3	Ribosomal_L16
NODE_11_length_163381_cov_739.494569_45	Ribosomal_L16
NODE_24800_length_452_cov_1.931990_2	Ribosomal_L16
NODE_101115_length_218_cov_1.000000_1	Ribosomal_L16
NODE_18745_length_566_cov_2.818004_2	Ribosomal_L16
NODE_92596_length_226_cov_1.087719_1	Ribosomal_L16
NODE_166_length_26102_cov_21.271356_5	Ribosomal_L17
NODE_554_length_10971_cov_11.401704_13	Ribosomal_L17
NODE_20312_length_530_cov_1.907368_1	Ribosomal_L17
NODE_5066_length_1601_cov_3.210867_1	Ribosomal_L17
NODE_264_length_19477_cov_23.086345_30	Ribosomal_L17
NODE_11_length_163381_cov_739.494569_65	Ribosomal_L17
NODE_111_length_32837_cov_35.789336_20	Ribosomal_L17
NODE_16192_length_640_cov_1.618803_1	Ribosomal_L17
NODE_33610_length_363_cov_1.214286_1	Ribosomal_L17
NODE_62810_length_258_cov_1.418719_1	Ribosomal_L17
NODE_111_length_32837_cov_35.789336_33	Ribosomal_L18p
NODE_554_length_10971_cov_11.401704_4	Ribosomal_L18p
NODE_264_length_19477_cov_23.086345_19	Ribosomal_L18p
NODE_11_length_163381_cov_739.494569_54	Ribosomal_L18p
NODE_166_length_26102_cov_21.271356_15	Ribosomal_L18p
NODE_47140_length_286_cov_1.324675_1	Ribosomal_L18p
NODE_83161_length_235_cov_1.066667_1	Ribosomal_L18p
NODE_14066_length_721_cov_2.417417_2	Ribosomal_L18p
NODE_95972_length_222_cov_2.299401_1	Ribosomal_L18p
NODE_157_length_26905_cov_26.739069_11	Ribosomal_L19
NODE_17_length_106871_cov_44.092261_104	Ribosomal_L19
NODE_612_length_10255_cov_16.200588_1	Ribosomal_L19
NODE_12_length_141680_cov_673.733402_42	Ribosomal_L19
NODE_1659_length_3940_cov_20.834492_1	Ribosomal_L19
NODE_33532_length_363_cov_3.051948_1	Ribosomal_L19
NODE_7395_length_1203_cov_6.013066_1	Ribosomal_L19
NODE_31461_length_380_cov_1.320000_1	Ribosomal_L19
NODE_46145_length_290_cov_1.438298_1	Ribosomal_L19
NODE_22835_length_482_cov_1.906323_2	Ribosomal_L19
NODE_3_length_302913_cov_843.471888_177	Ribosomal_L20
NODE_37_length_59684_cov_27.153197_24	Ribosomal_L20
NODE_468_length_12594_cov_13.530824_11	Ribosomal_L20
NODE_40_length_57595_cov_45.206100_42	Ribosomal_L20
NODE_178_length_24894_cov_26.095455_17	Ribosomal_L20
NODE_39439_length_325_cov_1.422222_1	Ribosomal_L20
NODE_77050_length_241_cov_2.731183_1	Ribosomal_L20
NODE_110982_length_208_cov_2.509804_1	Ribosomal_L20
NODE_305_length_17756_cov_25.984464_14	Ribosomal_L21p
NODE_263_length_19499_cov_27.923678_13	Ribosomal_L21p
NODE_4_length_283295_cov_705.596582_17	Ribosomal_L21p
NODE_22700_length_484_cov_12.324009_1	Ribosomal_L21p
NODE_15_length_113356_cov_43.622245_21	Ribosomal_L21p
NODE_69278_length_250_cov_1.876923_1	Ribosomal_L21p
NODE_264_length_19477_cov_23.086345_8	Ribosomal_L22
NODE_19053_length_558_cov_2.421471_2	Ribosomal_L22
NODE_166_length_26102_cov_21.271356_26	Ribosomal_L22
NODE_111_length_32837_cov_35.789336_43	Ribosomal_L22
NODE_908_length_7166_cov_14.483617_8	Ribosomal_L22
NODE_11_length_163381_cov_739.494569_43	Ribosomal_L22
NODE_77495_length_241_cov_1.032258_1	Ribosomal_L22
NODE_89553_length_229_cov_1.097701_1	Ribosomal_L22
NODE_264_length_19477_cov_23.086345_5	Ribosomal_L23
NODE_21511_length_505_cov_2.073333_2	Ribosomal_L23
NODE_166_length_26102_cov_21.271356_29	Ribosomal_L23
NODE_11_length_163381_cov_739.494569_40	Ribosomal_L23
NODE_908_length_7166_cov_14.483617_11	Ribosomal_L23
NODE_111_length_32837_cov_35.789336_46	Ribosomal_L23
NODE_13907_length_728_cov_2.567608_1	Ribosomal_L23
NODE_41445_length_314_cov_1.243243_2	Ribosomal_L23
NODE_31_length_66345_cov_44.621723_41	Ribosomal_L25p
NODE_213_length_22430_cov_25.558257_6	Ribosomal_L25p
NODE_786_length_8164_cov_12.069799_6	Ribosomal_L25p
NODE_1_length_685560_cov_728.732645_632	Ribosomal_L25p
NODE_9423_length_999_cov_2.863347_1	Ribosomal_L25p
NODE_4163_length_1854_cov_25.811562_3	Ribosomal_L25p
NODE_12892_length_774_cov_3.102921_1	Ribosomal_L25p
NODE_3089_length_2325_cov_12.023348_1	Ribosomal_L27
NODE_34744_length_354_cov_2.909699_1	Ribosomal_L27
NODE_4_length_283295_cov_705.596582_16	Ribosomal_L27
NODE_28170_length_411_cov_2.224719_1	Ribosomal_L27
NODE_263_length_19499_cov_27.923678_14	Ribosomal_L27
NODE_305_length_17756_cov_25.984464_15	Ribosomal_L27
NODE_15_length_113356_cov_43.622245_20	Ribosomal_L27
NODE_61894_length_259_cov_2.754902_1	Ribosomal_L27
NODE_45424_length_293_cov_1.571429_1	Ribosomal_L27
NODE_83186_length_235_cov_1.066667_1	Ribosomal_L27
NODE_554_length_10971_cov_11.401704_7	Ribosomal_L27A
NODE_264_length_19477_cov_23.086345_22	Ribosomal_L27A
NODE_7_length_244923_cov_822.768377_196	Ribosomal_L28
NODE_96032_length_222_cov_1.982036_1	Ribosomal_L28
NODE_75318_length_243_cov_2.031915_1	Ribosomal_L28
NODE_186_length_24008_cov_47.492715_4	Ribosomal_L28
NODE_413_length_14291_cov_27.331413_8	Ribosomal_L28
NODE_1062_length_6080_cov_13.077510_1	Ribosomal_L28
NODE_421_length_14030_cov_24.098891_9	Ribosomal_L28
NODE_264_length_19477_cov_23.086345_11	Ribosomal_L29
NODE_166_length_26102_cov_21.271356_23	Ribosomal_L29
NODE_11_length_163381_cov_739.494569_46	Ribosomal_L29
NODE_908_length_7166_cov_14.483617_5	Ribosomal_L29
NODE_111_length_32837_cov_35.789336_40	Ribosomal_L29
NODE_5732_length_1462_cov_2.800995_2	Ribosomal_L29
NODE_908_length_7166_cov_14.483617_10	Ribosomal_L2_C
NODE_166_length_26102_cov_21.271356_28	Ribosomal_L2_C
NODE_111_length_32837_cov_35.789336_45	Ribosomal_L2_C
NODE_12627_length_788_cov_4.433834_1	Ribosomal_L2_C
NODE_264_length_19477_cov_23.086345_6	Ribosomal_L2_C
NODE_15783_length_653_cov_1.991639_1	Ribosomal_L2_C
NODE_18700_length_567_cov_3.994141_1	Ribosomal_L2_C
NODE_11_length_163381_cov_739.494569_41	Ribosomal_L2_C
NODE_16078_length_643_cov_4.141156_1	Ribosomal_L2_C
NODE_76271_length_242_cov_1.754011_1	Ribosomal_L2_C
NODE_84739_length_233_cov_2.112360_1	Ribosomal_L2_C
NODE_31036_length_383_cov_1.954268_1	Ribosomal_L2_C
NODE_111_length_32837_cov_35.789336_45	Ribosomal_L2_N
NODE_12627_length_788_cov_4.433834_1	Ribosomal_L2_N
NODE_908_length_7166_cov_14.483617_10	Ribosomal_L2_N
NODE_166_length_26102_cov_21.271356_28	Ribosomal_L2_N
NODE_264_length_19477_cov_23.086345_6	Ribosomal_L2_N
NODE_73829_length_245_cov_1.010526_1	Ribosomal_L2_N
NODE_11_length_163381_cov_739.494569_41	Ribosomal_L2_N
NODE_35196_length_351_cov_1.486486_1	Ribosomal_L2_N
NODE_56251_length_267_cov_0.905660_1	Ribosomal_L2_N
NODE_25_length_80807_cov_42.802903_44	Ribosomal_L31
NODE_11143_length_875_cov_3.374390_1	Ribosomal_L31
NODE_36260_length_344_cov_1.550173_1	Ribosomal_L31
NODE_56_length_45532_cov_24.749698_48	Ribosomal_L31
NODE_2117_length_3218_cov_12.591211_1	Ribosomal_L31
NODE_5_length_269456_cov_691.517337_136	Ribosomal_L31
NODE_821_length_7754_cov_27.623068_6	Ribosomal_L31
NODE_3_length_302913_cov_843.471888_134	Ribosomal_L32p
NODE_726_length_8721_cov_21.411262_10	Ribosomal_L32p
NODE_87509_length_231_cov_1.073864_2	Ribosomal_L34
NODE_282_length_18743_cov_25.481057_3	Ribosomal_L34
NODE_2783_length_2519_cov_5.116477_3	Ribosomal_L34
NODE_202_length_23292_cov_716.576408_5	Ribosomal_L34
NODE_40_length_57595_cov_45.206100_41	Ribosomal_L35p
NODE_37_length_59684_cov_27.153197_25	Ribosomal_L35p
NODE_468_length_12594_cov_13.530824_12	Ribosomal_L35p
NODE_25055_length_448_cov_1.900763_1	Ribosomal_L35p
NODE_111_length_32837_cov_35.789336_24	Ribosomal_L36
NODE_264_length_19477_cov_23.086345_4	Ribosomal_L4
NODE_908_length_7166_cov_14.483617_12	Ribosomal_L4
NODE_111_length_32837_cov_35.789336_47	Ribosomal_L4
NODE_166_length_26102_cov_21.271356_30	Ribosomal_L4
NODE_11_length_163381_cov_739.494569_39	Ribosomal_L4
NODE_13907_length_728_cov_2.567608_2	Ribosomal_L4
NODE_36282_length_344_cov_1.325260_1	Ribosomal_L4
NODE_37886_length_334_cov_1.405018_1	Ribosomal_L4
NODE_44955_length_295_cov_1.600000_1	Ribosomal_L4
NODE_93141_length_225_cov_1.129412_1	Ribosomal_L5
NODE_11_length_163381_cov_739.494569_50	Ribosomal_L5
NODE_111_length_32837_cov_35.789336_36	Ribosomal_L5
NODE_19124_length_557_cov_1.446215_2	Ribosomal_L5
NODE_264_length_19477_cov_23.086345_15	Ribosomal_L5
NODE_166_length_26102_cov_21.271356_19	Ribosomal_L5
NODE_29024_length_402_cov_1.631124_1	Ribosomal_L5
NODE_908_length_7166_cov_14.483617_1	Ribosomal_L5
NODE_264_length_19477_cov_23.086345_15	Ribosomal_L5_C
NODE_11_length_163381_cov_739.494569_50	Ribosomal_L5_C
NODE_166_length_26102_cov_21.271356_19	Ribosomal_L5_C
NODE_908_length_7166_cov_14.483617_1	Ribosomal_L5_C
NODE_111_length_32837_cov_35.789336_36	Ribosomal_L5_C
NODE_38109_length_333_cov_1.302158_1	Ribosomal_L5_C
NODE_106657_length_212_cov_2.324841_1	Ribosomal_L5_C
NODE_38509_length_330_cov_3.185455_1	Ribosomal_L5_C
NODE_166_length_26102_cov_21.271356_16	Ribosomal_L6
NODE_554_length_10971_cov_11.401704_3	Ribosomal_L6
NODE_111_length_32837_cov_35.789336_34	Ribosomal_L6
NODE_11470_length_852_cov_3.222083_1	Ribosomal_L6
NODE_264_length_19477_cov_23.086345_18	Ribosomal_L6
NODE_11_length_163381_cov_739.494569_53	Ribosomal_L6
NODE_8501_length_1083_cov_3.328794_2	Ribosomal_L6
NODE_14066_length_721_cov_2.417417_1	Ribosomal_L6
NODE_26091_length_435_cov_1.768421_1	Ribosomal_L6
NODE_28337_length_409_cov_2.796610_1	Ribosomal_L6
NODE_25956_length_437_cov_1.272251_1	Ribosomal_L9_C
NODE_35757_length_347_cov_2.568493_1	Ribosomal_L9_C
NODE_561_length_10865_cov_23.241443_9	Ribosomal_L9_C
NODE_6115_length_1396_cov_2.231916_2	Ribosomal_L9_C
NODE_68_length_42298_cov_22.499657_31	Ribosomal_L9_C
NODE_26883_length_426_cov_1.582210_1	Ribosomal_L9_C
NODE_401_length_14573_cov_42.725858_4	Ribosomal_L9_C
NODE_20_length_94254_cov_745.260831_67	Ribosomal_L9_C
NODE_1440_length_4556_cov_13.529660_4	Ribosomal_L9_C
NODE_561_length_10865_cov_23.241443_9	Ribosomal_L9_N
NODE_68_length_42298_cov_22.499657_31	Ribosomal_L9_N
NODE_908_length_7166_cov_14.483617_14	Ribosomal_S10
NODE_166_length_26102_cov_21.271356_32	Ribosomal_S10
NODE_264_length_19477_cov_23.086345_2	Ribosomal_S10
NODE_111_length_32837_cov_35.789336_49	Ribosomal_S10
NODE_4155_length_1857_cov_3.662597_2	Ribosomal_S10
NODE_11_length_163381_cov_739.494569_37	Ribosomal_S10
NODE_166_length_26102_cov_21.271356_7	Ribosomal_S11
NODE_264_length_19477_cov_23.086345_28	Ribosomal_S11
NODE_19686_length_544_cov_2.662577_2	Ribosomal_S11
NODE_27247_length_421_cov_3.147541_1	Ribosomal_S11
NODE_11_length_163381_cov_739.494569_63	Ribosomal_S11
NODE_554_length_10971_cov_11.401704_11	Ribosomal_S11
NODE_111_length_32837_cov_35.789336_22	Ribosomal_S11
NODE_19336_length_552_cov_2.120724_2	Ribosomal_S11
NODE_53926_length_270_cov_2.679070_1	Ribosomal_S11
NODE_11_length_163381_cov_739.494569_62	Ribosomal_S13
NODE_111_length_32837_cov_35.789336_23	Ribosomal_S13
NODE_166_length_26102_cov_21.271356_8	Ribosomal_S13
NODE_264_length_19477_cov_23.086345_27	Ribosomal_S13
NODE_554_length_10971_cov_11.401704_10	Ribosomal_S13
NODE_11_length_163381_cov_739.494569_51	Ribosomal_S14
NODE_28092_length_412_cov_1.865546_1	Ribosomal_S14
NODE_264_length_19477_cov_23.086345_16	Ribosomal_S14
NODE_41027_length_316_cov_1.563218_1	Ribosomal_S14
NODE_186_length_24008_cov_47.492715_6	Ribosomal_S14
NODE_166_length_26102_cov_21.271356_18	Ribosomal_S14
NODE_23647_length_469_cov_2.045894_1	Ribosomal_S14
NODE_8_length_215474_cov_787.018587_28	Ribosomal_S15
NODE_673_length_9405_cov_25.453262_7	Ribosomal_S15
NODE_25509_length_442_cov_2.480620_1	Ribosomal_S15
NODE_83_length_37980_cov_44.067343_13	Ribosomal_S15
NODE_1129_length_5729_cov_21.657913_3	Ribosomal_S15
NODE_254_length_19973_cov_14.081584_11	Ribosomal_S15
NODE_47095_length_286_cov_1.658009_1	Ribosomal_S15
NODE_86894_length_231_cov_1.090909_1	Ribosomal_S15
NODE_12_length_141680_cov_673.733402_36	Ribosomal_S16
NODE_612_length_10255_cov_16.200588_6	Ribosomal_S16
NODE_442_length_13350_cov_25.635051_2	Ribosomal_S16
NODE_102235_length_216_cov_2.981366_1	Ribosomal_S16
NODE_157_length_26905_cov_26.739069_4	Ribosomal_S16
NODE_17_length_106871_cov_44.092261_97	Ribosomal_S16
NODE_68315_length_251_cov_2.448980_1	Ribosomal_S16
NODE_4519_length_1738_cov_4.249554_1	Ribosomal_S16
NODE_32934_length_368_cov_1.226837_1	Ribosomal_S17
NODE_5732_length_1462_cov_2.800995_1	Ribosomal_S17
NODE_111_length_32837_cov_35.789336_39	Ribosomal_S17
NODE_264_length_19477_cov_23.086345_12	Ribosomal_S17
NODE_908_length_7166_cov_14.483617_4	Ribosomal_S17
NODE_33283_length_365_cov_2.296774_1	Ribosomal_S17
NODE_11_length_163381_cov_739.494569_47	Ribosomal_S17
NODE_166_length_26102_cov_21.271356_22	Ribosomal_S17
NODE_49148_length_279_cov_1.714286_1	Ribosomal_S17
NODE_561_length_10865_cov_23.241443_7	Ribosomal_S18
NODE_68_length_42298_cov_22.499657_32	Ribosomal_S18
NODE_20956_length_516_cov_1.813449_2	Ribosomal_S18
NODE_20_length_94254_cov_745.260831_68	Ribosomal_S18
NODE_1350_length_4775_cov_14.641525_1	Ribosomal_S18
NODE_401_length_14573_cov_42.725858_5	Ribosomal_S18
NODE_58578_length_264_cov_0.918660_1	Ribosomal_S18
NODE_6115_length_1396_cov_2.231916_3	Ribosomal_S18
NODE_111_length_32837_cov_35.789336_44	Ribosomal_S19
NODE_908_length_7166_cov_14.483617_9	Ribosomal_S19
NODE_264_length_19477_cov_23.086345_7	Ribosomal_S19
NODE_11_length_163381_cov_739.494569_42	Ribosomal_S19
NODE_166_length_26102_cov_21.271356_27	Ribosomal_S19
NODE_58110_length_264_cov_1.755981_1	Ribosomal_S19
NODE_19053_length_558_cov_2.421471_1	Ribosomal_S19
NODE_398_length_14688_cov_13.568236_1	Ribosomal_S2
NODE_43_length_54008_cov_23.028006_17	Ribosomal_S2
NODE_502_length_11832_cov_21.683281_9	Ribosomal_S2
NODE_15_length_113356_cov_43.622245_98	Ribosomal_S2
NODE_5_length_269456_cov_691.517337_125	Ribosomal_S2
NODE_28981_length_402_cov_3.008646_1	Ribosomal_S2
NODE_48161_length_281_cov_2.548673_1	Ribosomal_S2
NODE_19865_length_540_cov_2.672165_2	Ribosomal_S2
NODE_40989_length_316_cov_2.053640_1	Ribosomal_S2
NODE_35247_length_351_cov_1.067568_1	Ribosomal_S2
NODE_91746_length_226_cov_2.198830_1	Ribosomal_S2
NODE_58029_length_264_cov_2.392344_1	Ribosomal_S2
NODE_56785_length_266_cov_1.071090_1	Ribosomal_S2
NODE_71827_length_247_cov_1.645833_1	Ribosomal_S2
NODE_78662_length_240_cov_1.037838_1	Ribosomal_S2
NODE_8255_length_1104_cov_2.145853_2	Ribosomal_S2
NODE_65_length_43381_cov_43.560541_41	Ribosomal_S20p
NODE_10_length_168267_cov_702.126067_107	Ribosomal_S20p
NODE_278_length_18849_cov_24.721826_1	Ribosomal_S20p
NODE_1150_length_5626_cov_23.915814_1	Ribosomal_S20p
NODE_39191_length_326_cov_2.833948_1	Ribosomal_S20p
NODE_454_length_13057_cov_14.546147_1	Ribosomal_S20p
NODE_5732_length_1462_cov_2.800995_4	Ribosomal_S3_C
NODE_166_length_26102_cov_21.271356_25	Ribosomal_S3_C
NODE_264_length_19477_cov_23.086345_9	Ribosomal_S3_C
NODE_908_length_7166_cov_14.483617_7	Ribosomal_S3_C
NODE_11_length_163381_cov_739.494569_44	Ribosomal_S3_C
NODE_36590_length_342_cov_1.337979_1	Ribosomal_S3_C
NODE_111_length_32837_cov_35.789336_42	Ribosomal_S3_C
NODE_92236_length_226_cov_1.122807_1	Ribosomal_S3_C
NODE_18745_length_566_cov_2.818004_1	Ribosomal_S3_C
NODE_23375_length_473_cov_2.502392_1	Ribosomal_S3_C
NODE_24285_length_459_cov_2.470297_1	Ribosomal_S3_C
NODE_21702_length_502_cov_1.176734_2	Ribosomal_S3_C
NODE_81933_length_236_cov_1.790055_1	Ribosomal_S3_C
NODE_19336_length_552_cov_2.120724_1	Ribosomal_S4
NODE_9808_length_969_cov_3.099562_1	Ribosomal_S4
NODE_323_length_17207_cov_23.336287_13	Ribosomal_S4
NODE_3_length_302913_cov_843.471888_74	Ribosomal_S4
NODE_45290_length_294_cov_1.125523_1	Ribosomal_S4
NODE_427_length_13785_cov_23.777349_14	Ribosomal_S4
NODE_353_length_15959_cov_14.353999_10	Ribosomal_S4
NODE_5227_length_1564_cov_2.721670_2	Ribosomal_S4
NODE_111_length_32837_cov_35.789336_32	Ribosomal_S5
NODE_264_length_19477_cov_23.086345_20	Ribosomal_S5
NODE_29555_length_397_cov_1.444444_1	Ribosomal_S5
NODE_39606_length_324_cov_1.732342_2	Ribosomal_S5
NODE_166_length_26102_cov_21.271356_14	Ribosomal_S5
NODE_554_length_10971_cov_11.401704_5	Ribosomal_S5
NODE_11_length_163381_cov_739.494569_55	Ribosomal_S5
NODE_42104_length_310_cov_1.819608_1	Ribosomal_S5
NODE_88742_length_229_cov_2.034483_1	Ribosomal_S5
NODE_23582_length_470_cov_2.298795_1	Ribosomal_S5
NODE_36210_length_344_cov_2.512111_1	Ribosomal_S5
NODE_14652_length_696_cov_2.689548_1	Ribosomal_S5
NODE_554_length_10971_cov_11.401704_5	Ribosomal_S5_C
NODE_14652_length_696_cov_2.689548_1	Ribosomal_S5_C
NODE_166_length_26102_cov_21.271356_14	Ribosomal_S5_C
NODE_264_length_19477_cov_23.086345_20	Ribosomal_S5_C
NODE_111_length_32837_cov_35.789336_32	Ribosomal_S5_C
NODE_11_length_163381_cov_739.494569_55	Ribosomal_S5_C
NODE_23582_length_470_cov_2.298795_1	Ribosomal_S5_C
NODE_82919_length_235_cov_1.500000_1	Ribosomal_S5_C
NODE_401_length_14573_cov_42.725858_7	Ribosomal_S6
NODE_29941_length_393_cov_1.801775_1	Ribosomal_S6
NODE_20_length_94254_cov_745.260831_69	Ribosomal_S6
NODE_561_length_10865_cov_23.241443_6	Ribosomal_S6
NODE_68_length_42298_cov_22.499657_33	Ribosomal_S6
NODE_1350_length_4775_cov_14.641525_2	Ribosomal_S6
NODE_934_length_6950_cov_20.153590_2	Ribosomal_S7
NODE_620_length_10114_cov_13.353017_3	Ribosomal_S7
NODE_1349_length_4778_cov_20.397629_4	Ribosomal_S7
NODE_11_length_163381_cov_739.494569_34	Ribosomal_S7
NODE_22635_length_485_cov_4.739535_1	Ribosomal_S7
NODE_47_length_48646_cov_40.516721_19	Ribosomal_S7
NODE_11970_length_825_cov_1.892208_1	Ribosomal_S7
NODE_28085_length_412_cov_1.899160_1	Ribosomal_S7
NODE_110880_length_209_cov_0.915584_1	Ribosomal_S7
NODE_104929_length_214_cov_1.207547_1	Ribosomal_S7
NODE_57733_length_265_cov_0.914286_1	Ribosomal_S7
NODE_111_length_32837_cov_35.789336_35	Ribosomal_S8
NODE_264_length_19477_cov_23.086345_17	Ribosomal_S8
NODE_554_length_10971_cov_11.401704_2	Ribosomal_S8
NODE_11_length_163381_cov_739.494569_52	Ribosomal_S8
NODE_166_length_26102_cov_21.271356_17	Ribosomal_S8
NODE_11470_length_852_cov_3.222083_2	Ribosomal_S8
NODE_40433_length_319_cov_1.818182_2	Ribosomal_S8
NODE_30725_length_386_cov_1.235650_1	Ribosomal_S8
NODE_111859_length_208_cov_1.104575_1	Ribosomal_S8
NODE_8501_length_1083_cov_3.328794_1	Ribosomal_S8
NODE_79078_length_239_cov_1.565217_1	Ribosomal_S8
NODE_9278_length_1010_cov_12.291099_1	Ribosomal_S9
NODE_107_length_33962_cov_17.262807_30	Ribosomal_S9
NODE_154_length_27219_cov_23.184546_25	Ribosomal_S9
NODE_1_length_685560_cov_728.732645_237	Ribosomal_S9
NODE_13858_length_730_cov_2.835556_1	Ribosomal_S9
NODE_26462_length_431_cov_1.127660_1	Ribosomal_S9
NODE_55_length_45571_cov_44.707114_5	Ribosomal_S9
NODE_33606_length_363_cov_1.246753_1	Ribosomal_S9
NODE_42245_length_309_cov_2.267717_1	Ribosomal_S9
NODE_30648_length_386_cov_2.900302_1	Ribosomal_S9
NODE_71865_length_247_cov_1.463542_1	Ribosomal_S9
NODE_99829_length_219_cov_1.140244_1	Ribosomal_S9
NODE_94428_length_224_cov_1.136095_1	Ribosomal_S9
NODE_20346_length_529_cov_3.101266_2	Ribosomal_S9
NODE_13139_length_762_cov_2.575672_1	Ribosomal_TL5_C
NODE_25183_length_446_cov_2.455243_1	Ribosomal_TL5_C
NODE_9423_length_999_cov_2.863347_1	Ribosomal_TL5_C
NODE_45805_length_291_cov_2.033898_1	Ribosomal_TL5_C
NODE_786_length_8164_cov_12.069799_6	Ribosomal_TL5_C
NODE_213_length_22430_cov_25.558257_6	Ribosomal_TL5_C
NODE_12892_length_774_cov_3.102921_1	Ribosomal_TL5_C
NODE_1_length_685560_cov_728.732645_632	Ribosomal_TL5_C
NODE_30408_length_389_cov_0.985030_1	Ribosomal_TL5_C
NODE_4163_length_1854_cov_25.811562_3	Ribosomal_TL5_C
NODE_19224_length_554_cov_4.244489_1	Ribosom_S12_S23
NODE_26089_length_435_cov_1.786842_1	Ribosom_S12_S23
NODE_11_length_163381_cov_739.494569_33	Ribosom_S12_S23
NODE_47_length_48646_cov_40.516721_18	Ribosom_S12_S23
NODE_1349_length_4778_cov_20.397629_3	Ribosom_S12_S23
NODE_620_length_10114_cov_13.353017_4	Ribosom_S12_S23
NODE_934_length_6950_cov_20.153590_3	Ribosom_S12_S23
NODE_39071_length_327_cov_1.569853_1	Ribosom_S12_S23
NODE_48692_length_280_cov_1.706667_1	Ribosom_S12_S23
NODE_84740_length_233_cov_2.112360_1	Ribosom_S12_S23
NODE_71112_length_248_cov_0.994819_1	Ribosom_S12_S23
