library	reads_tested	hit_MV4128big	hit_MV4122big	pct_MV4128big	pct_MV4122big
4105_S1	20000	0	1	0.000	0.005
4106_S2	20000	0	0	0.000	0.000
4107_S3	20000	0	1	0.000	0.005
4109_S4	20000	0	0	0.000	0.000
4112_S5	20000	0	0	0.000	0.000
4114-0-22_S8	20000	0	0	0.000	0.000
4114-0-44_S7	20000	0	0	0.000	0.000
4114_S6	20000	0	0	0.000	0.000
4115_S9	20000	0	0	0.000	0.000
4122-0-22_S11	20000	0	0	0.000	0.000
4122-0-44_S10	20000	0	0	0.000	0.000
4124-0-22_S15	20000	0	0	0.000	0.000
4124-0-44_S14	20000	0	1	0.000	0.005
4124_S13	20000	0	0	0.000	0.000
4125-0-22_S17	20000	0	0	0.000	0.000
4125-0-44_S16	20000	2	1	0.010	0.005
4126-0-22_S23	20000	0	0	0.000	0.000
4126-0-44_S22	20000	1	0	0.005	0.000
4126B_S19	20000	0	0	0.000	0.000
4126C_S20	20000	0	0	0.000	0.000
4126F_S21	20000	0	0	0.000	0.000
4127-0-22_S25	20000	0	0	0.000	0.000
4127-0-44_S24	20000	0	0	0.000	0.000
4127B_S26	20000	0	0	0.000	0.000
4128-0-22_S28	20000	0	0	0.000	0.000
4128-0-44_S27	20000	0	0	0.000	0.000
4128_S30	20000	0	0	0.000	0.000
4129A_S31	20000	0	0	0.000	0.000
4129B_S32	20000	0	0	0.000	0.000
4130_S33	20000	0	0	0.000	0.000
4135-0-22_S36	20000	0	0	0.000	0.000
4135-0-44_S35	20000	0	0	0.000	0.000
4135_S34	20000	0	0	0.000	0.000
4136_S37	20000	0	0	0.000	0.000
4138-0-22_S40	20000	0	0	0.000	0.000
4138-0-44_S39	20000	2	5	0.010	0.025
4138_S38	20000	0	0	0.000	0.000
4139_S41	20000	0	0	0.000	0.000
4140_S42	20000	0	0	0.000	0.000
4145-0-22_S44	20000	1	0	0.005	0.000
4145-0-44_S43	20000	0	0	0.000	0.000
4146-0-22_S46	20000	0	0	0.000	0.000
4146-0-44_S45	20000	0	0	0.000	0.000
4148_S47	20000	0	0	0.000	0.000
4149-0-22_S52	20000	0	0	0.000	0.000
4149-0-44_S51	20000	0	0	0.000	0.000
4149A_S48	20000	0	0	0.000	0.000
4149B_S49	20000	0	0	0.000	0.000
4149C_S50	20000	0	0	0.000	0.000
4150-0-22_S54	20000	0	0	0.000	0.000
4150-0-44_S53	20000	1	0	0.005	0.000
MV-4122_S12	20000	93	5675	0.465	28.375
MV-4125_S18	20000	3930	1229	19.650	6.145
MV-4128_S29	20000	9237	415	46.185	2.075
NC1_S64	20000	0	0	0.000	0.000
Undetermined_S0	20000	111	100	0.555	0.500
