vOTU_002	NODE_16460_length_1528_cov_2.014257	98.889	89	90	43385	43474	43474	1528	161
vOTU_011	NODE_3427_length_4494_cov_5.506420	71.515	944	1320	20342	21628	26064	4494	289
vOTU_011	NODE_9256_length_2254_cov_9.050477	83.333	105	126	20346	20468	26064	2254	111
vOTU_021	NODE_1401_length_7970_cov_24.231586	76.471	312	408	1752	2148	16581	7970	200
vOTU_021	NODE_4579_length_3706_cov_18.476856	75.556	306	405	1752	2151	16581	3706	189
vOTU_021	NODE_3939_length_4105_cov_30.769877	72.889	328	450	2476	2906	16581	4105	122
vOTU_021	NODE_1122_length_8948_cov_26.937704	76.518	189	247	2668	2906	16581	8948	121
vOTU_076	NODE_353_length_16533_cov_11.542663	77.685	2618	3370	1324	4644	5969	16533	1958
vOTU_076	NODE_353_length_16533_cov_11.542663	87.755	258	294	1	294	5969	16533	344
vOTU_076	NODE_353_length_16533_cov_11.542663	84.155	239	284	440	718	5969	16533	268
vOTU_076	NODE_1737_length_6927_cov_11.476572	78.344	1107	1413	2036	3426	5969	6927	881
vOTU_076	NODE_1737_length_6927_cov_11.476572	75.323	934	1240	4672	5880	5969	6927	549
vOTU_076	NODE_13155_length_1777_cov_30.000000	85.166	666	782	677	1453	5969	1777	787
vOTU_076	k141_27103_length_1032_cov_29.9955	79.210	842	1063	2866	3909	5969	1032	693
vOTU_076	NODE_7290_length_2681_cov_32.896420	81.595	133	163	120	281	5969	2681	134
