votu	MV-4122_S12	MV-4125_S18	MV-4128_S29
vOTU_001	1	0	0
vOTU_002	0	1	0
vOTU_003	1	1	0
vOTU_004	1	0	0
vOTU_005	0	1	1
vOTU_006	1	1	1
vOTU_007	0	1	1
vOTU_008	0	1	1
vOTU_009	1	0	0
vOTU_010	1	0	0
vOTU_011	0	1	0
vOTU_012	1	1	0
vOTU_013	0	1	0
vOTU_014	0	1	1
vOTU_015	1	0	0
vOTU_016	1	0	0
vOTU_017	0	1	1
vOTU_018	0	1	0
vOTU_019	1	1	0
vOTU_020	1	0	0
vOTU_021	1	0	0
vOTU_022	1	1	0
vOTU_023	1	0	0
vOTU_024	0	1	0
vOTU_025	1	1	0
vOTU_026	0	1	1
vOTU_027	0	0	1
vOTU_028	1	0	0
vOTU_029	1	0	0
vOTU_030	1	0	0
vOTU_031	1	0	0
vOTU_032	0	1	0
vOTU_033	0	1	0
vOTU_034	0	0	1
vOTU_035	1	0	0
vOTU_036	0	1	0
vOTU_037	0	1	0
vOTU_038	0	0	1
vOTU_039	0	0	1
vOTU_040	1	0	0
vOTU_041	0	0	1
vOTU_042	1	0	0
vOTU_043	1	0	0
vOTU_044	0	1	0
vOTU_045	1	0	0
vOTU_046	0	0	1
vOTU_047	0	1	0
vOTU_048	0	1	0
vOTU_049	1	0	0
vOTU_050	1	1	0
vOTU_051	1	0	0
vOTU_052	1	0	0
vOTU_053	1	0	1
vOTU_054	0	0	1
vOTU_055	1	0	0
vOTU_056	1	0	0
vOTU_057	0	0	1
vOTU_058	0	0	1
vOTU_059	1	0	0
vOTU_060	1	0	0
vOTU_061	1	1	0
vOTU_062	1	0	0
vOTU_063	0	1	0
vOTU_064	0	1	0
vOTU_065	0	1	0
vOTU_066	0	1	0
vOTU_067	0	1	0
vOTU_068	1	0	0
vOTU_069	1	0	0
vOTU_070	0	0	1
vOTU_071	1	1	0
vOTU_072	1	0	0
vOTU_073	0	1	1
vOTU_074	1	0	0
vOTU_075	1	0	0
vOTU_076	0	0	1
vOTU_077	1	0	0
vOTU_078	1	0	0
vOTU_079	1	0	0
vOTU_080	1	0	0
vOTU_081	0	1	0
vOTU_082	1	0	0
vOTU_083	1	0	0
vOTU_084	1	0	0
vOTU_085	0	0	1
vOTU_086	1	0	0
vOTU_087	1	0	0
vOTU_088	0	0	1
vOTU_089	0	0	1
vOTU_090	1	0	0
vOTU_091	0	0	1
vOTU_092	1	0	0
vOTU_093	1	0	0
vOTU_094	1	0	0
vOTU_095	0	0	1
vOTU_096	0	0	1
vOTU_097	1	0	0
