votu	representative	representative_length	members	samples	MV_4122_S12	MV_4125_S18	MV_4128_S29	nonpassing_member_pairs
vOTU_001	MV-4122_S12__NODE_79_length_88798_cov_36.475621||0_partial_1	43643	1	1	1	0	0	0
vOTU_002	MV-4125_S18__NODE_31_length_85557_cov_63.526303||full_1	43474	1	1	0	1	0	0
vOTU_003	MV-4122_S12__NODE_264_length_42130_cov_34.003636||full	42130	2	2	1	1	0	0
vOTU_004	MV-4122_S12__NODE_277_length_40752_cov_24.280438||full	40752	1	1	1	0	0	0
vOTU_005	MV-4128_S29__NODE_1_length_685560_cov_728.732645||0_partial_1	39533	3	2	0	2	1	1
vOTU_006	MV-4122_S12__NODE_1_length_347332_cov_162.618440||0_partial_1	39529	4	3	1	2	1	2
vOTU_007	MV-4128_S29__NODE_77_length_39259_cov_504.042343||full	39259	2	2	0	1	1	0
vOTU_008	MV-4125_S18__NODE_192_length_36032_cov_194.343914||full	36032	3	2	0	1	2	1
vOTU_009	MV-4122_S12__NODE_467_length_27200_cov_22.006705||full	27200	1	1	1	0	0	0
vOTU_010	MV-4122_S12__NODE_483_length_26567_cov_28.514673||full	26567	1	1	1	0	0	0
vOTU_011	MV-4125_S18__NODE_320_length_26064_cov_24.608905||full	26064	1	1	0	1	0	0
vOTU_012	MV-4122_S12__NODE_400_length_30910_cov_29.638243||full_1	25184	3	2	1	2	0	1
vOTU_013	MV-4125_S18__NODE_378_length_23580_cov_22.248247||full	23580	1	1	0	1	0	0
vOTU_014	MV-4128_S29__NODE_209_length_22758_cov_20.083822||full	22758	2	2	0	1	1	0
vOTU_015	MV-4122_S12__NODE_691_length_19802_cov_26.363245||full	19802	1	1	1	0	0	0
vOTU_016	MV-4122_S12__NODE_716_length_19268_cov_30.342268||full	19268	1	1	1	0	0	0
vOTU_017	MV-4125_S18__NODE_523_length_18801_cov_19.978342||full	18801	2	2	0	1	1	0
vOTU_018	MV-4125_S18__NODE_179_length_37735_cov_19.758519||0_partial	17956	1	1	0	1	0	0
vOTU_019	MV-4125_S18__NODE_560_length_17688_cov_16.352464||full	17688	2	2	1	1	0	0
vOTU_020	MV-4122_S12__NODE_824_length_16631_cov_10.014720||full	16631	1	1	1	0	0	0
vOTU_021	MV-4122_S12__NODE_827_length_16581_cov_8.773327||full	16581	1	1	1	0	0	0
vOTU_022	MV-4122_S12__NODE_832_length_16437_cov_29.122207||full	16437	2	2	1	1	0	0
vOTU_023	MV-4122_S12__NODE_860_length_15987_cov_9.805423||full	15987	1	1	1	0	0	0
vOTU_024	MV-4125_S18__NODE_636_length_15578_cov_10.995942||full	15578	1	1	0	1	0	0
vOTU_025	MV-4122_S12__NODE_887_length_15483_cov_77.281436||full	15483	2	2	1	1	0	0
vOTU_026	MV-4128_S29__NODE_219_length_22136_cov_837.337666||full_1	15200	2	2	0	1	1	0
vOTU_027	MV-4128_S29__NODE_168_length_25826_cov_27.249311||full_1	14847	1	1	0	0	1	0
vOTU_028	MV-4122_S12__NODE_854_length_16097_cov_13.038025||full_1	14391	1	1	1	0	0	0
vOTU_029	MV-4122_S12__NODE_986_length_14134_cov_12.305419||full	14134	1	1	1	0	0	0
vOTU_030	MV-4122_S12__NODE_26_length_151132_cov_95.491233||0_partial_1	14079	1	1	1	0	0	0
vOTU_031	MV-4122_S12__NODE_1007_length_13868_cov_8.435170||full	13868	1	1	1	0	0	0
vOTU_032	MV-4125_S18__NODE_842_length_12646_cov_16.005004||full	12646	1	1	0	1	0	0
vOTU_033	MV-4125_S18__NODE_848_length_12556_cov_10.932405||full	12556	1	1	0	1	0	0
vOTU_034	MV-4128_S29__NODE_492_length_12045_cov_6.625021||full	12045	1	1	0	0	1	0
vOTU_035	MV-4122_S12__NODE_1181_length_11914_cov_43.765916||full	11914	1	1	1	0	0	0
vOTU_036	MV-4125_S18__NODE_948_length_11464_cov_8.061180||full	11464	1	1	0	1	0	0
vOTU_037	MV-4125_S18__NODE_979_length_11202_cov_17.887862||full	11202	1	1	0	1	0	0
vOTU_038	MV-4128_S29__NODE_550_length_11069_cov_18.815689||full	11069	1	1	0	0	1	0
vOTU_039	MV-4128_S29__NODE_575_length_10738_cov_611.299729||full	10738	1	1	0	0	1	0
vOTU_040	MV-4122_S12__NODE_1306_length_10734_cov_9.159940||full	10734	1	1	1	0	0	0
vOTU_041	MV-4128_S29__NODE_587_length_10621_cov_10.908196||full	10621	1	1	0	0	1	0
vOTU_042	MV-4122_S12__NODE_1429_length_9843_cov_7.395484||full	9843	1	1	1	0	0	0
vOTU_043	MV-4122_S12__NODE_1453_length_9642_cov_7.815166||full	9642	1	1	1	0	0	0
vOTU_044	MV-4125_S18__NODE_1159_length_9638_cov_12.392257||full	9638	1	1	0	1	0	0
vOTU_045	MV-4122_S12__NODE_1458_length_9606_cov_8.548948||full	9606	1	1	1	0	0	0
vOTU_046	MV-4128_S29__NODE_675_length_9378_cov_4.630376||full	9378	1	1	0	0	1	0
vOTU_047	MV-4125_S18__NODE_1200_length_9348_cov_6.731949||full	9348	1	1	0	1	0	0
vOTU_048	MV-4125_S18__NODE_573_length_17263_cov_8.254998||full_1	9323	1	1	0	1	0	0
vOTU_049	MV-4122_S12__NODE_1510_length_9268_cov_28.739173||full	9268	1	1	1	0	0	0
vOTU_050	MV-4122_S12__NODE_1539_length_9111_cov_29.734982||full	9111	2	2	1	1	0	0
vOTU_051	MV-4122_S12__NODE_1593_length_8783_cov_26.674610||full	8783	1	1	1	0	0	0
vOTU_052	MV-4122_S12__NODE_1647_length_8539_cov_5.120344||full	8539	1	1	1	0	0	0
vOTU_053	MV-4128_S29__NODE_776_length_8224_cov_17.021912||full	8224	2	2	1	0	1	0
vOTU_054	MV-4128_S29__NODE_781_length_8212_cov_9.316170||full	8212	1	1	0	0	1	0
vOTU_055	MV-4122_S12__NODE_305_length_38149_cov_45.168215||0_partial_1	8169	1	1	1	0	0	0
vOTU_056	MV-4122_S12__NODE_271_length_41564_cov_9.960804||0_partial	8069	1	1	1	0	0	0
vOTU_057	MV-4128_S29__NODE_798_length_8036_cov_6.839494||full	8036	1	1	0	0	1	0
vOTU_058	MV-4128_S29__NODE_810_length_7879_cov_14.016488||full	7879	1	1	0	0	1	0
vOTU_059	MV-4122_S12__NODE_1781_length_7727_cov_19.344760||full	7727	1	1	1	0	0	0
vOTU_060	MV-4122_S12__NODE_74_length_92715_cov_81.746903||0_partial	7593	1	1	1	0	0	0
vOTU_061	MV-4125_S18__NODE_1571_length_7573_cov_10.957702||full	7573	2	2	1	1	0	0
vOTU_062	MV-4122_S12__NODE_1830_length_7457_cov_19.703864||full	7457	1	1	1	0	0	0
vOTU_063	MV-4125_S18__NODE_1628_length_7352_cov_10.227491||full	7352	1	1	0	1	0	0
vOTU_064	MV-4125_S18__NODE_1632_length_7348_cov_27.720143||full	7348	1	1	0	1	0	0
vOTU_065	MV-4125_S18__NODE_1644_length_7312_cov_12.132975||full	7312	1	1	0	1	0	0
vOTU_066	MV-4125_S18__NODE_1697_length_7142_cov_25.355722||full	7142	1	1	0	1	0	0
vOTU_067	MV-4125_S18__NODE_922_length_11680_cov_21.891097||full_1	7007	1	1	0	1	0	0
vOTU_068	MV-4122_S12__NODE_1928_length_7001_cov_18.047941||full	7001	1	1	1	0	0	0
vOTU_069	MV-4122_S12__NODE_2068_length_6406_cov_5.925366||full	6406	1	1	1	0	0	0
vOTU_070	MV-4128_S29__NODE_1009_length_6405_cov_9.196850||full	6405	1	1	0	0	1	0
vOTU_071	MV-4122_S12__NODE_2075_length_6393_cov_48.959766||full	6393	2	2	1	1	0	0
vOTU_072	MV-4122_S12__NODE_2114_length_6246_cov_8.643999||full	6246	1	1	1	0	0	0
vOTU_073	MV-4128_S29__NODE_1033_length_6209_cov_404.209945||full	6209	2	2	0	1	1	0
vOTU_074	MV-4122_S12__NODE_2132_length_6183_cov_4.819191||full	6183	1	1	1	0	0	0
vOTU_075	MV-4122_S12__NODE_2163_length_6100_cov_9.710174||full	6100	1	1	1	0	0	0
vOTU_076	MV-4128_S29__NODE_1078_length_5969_cov_4.838688||full	5969	1	1	0	0	1	0
vOTU_077	MV-4122_S12__NODE_2202_length_5967_cov_10.133627||full	5967	1	1	1	0	0	0
vOTU_078	MV-4122_S12__NODE_2224_length_5886_cov_21.770880||full	5886	1	1	1	0	0	0
vOTU_079	MV-4122_S12__NODE_2256_length_5800_cov_7.992341||full	5800	1	1	1	0	0	0
vOTU_080	MV-4122_S12__NODE_2273_length_5760_cov_9.433304||full	5760	1	1	1	0	0	0
vOTU_081	MV-4125_S18__NODE_2208_length_5722_cov_6.725428||full	5722	1	1	0	1	0	0
vOTU_082	MV-4122_S12__NODE_2294_length_5702_cov_10.309014||full	5702	1	1	1	0	0	0
vOTU_083	MV-4122_S12__NODE_2308_length_5669_cov_7.828108||full	5669	1	1	1	0	0	0
vOTU_084	MV-4122_S12__NODE_2317_length_5652_cov_7.599250||full	5652	1	1	1	0	0	0
vOTU_085	MV-4128_S29__NODE_1156_length_5590_cov_12.965131||full	5590	1	1	0	0	1	0
vOTU_086	MV-4122_S12__NODE_2392_length_5415_cov_20.102799||full	5415	1	1	1	0	0	0
vOTU_087	MV-4122_S12__NODE_2396_length_5403_cov_5.230180||full	5403	1	1	1	0	0	0
vOTU_088	MV-4128_S29__NODE_1199_length_5394_cov_5.271961||full	5394	1	1	0	0	1	0
vOTU_089	MV-4128_S29__NODE_1203_length_5381_cov_9.021592||full	5381	1	1	0	0	1	0
vOTU_090	MV-4122_S12__NODE_2426_length_5341_cov_4.953462||full	5341	1	1	1	0	0	0
vOTU_091	MV-4128_S29__NODE_1226_length_5275_cov_4.972797||full	5275	1	1	0	0	1	0
vOTU_092	MV-4122_S12__NODE_2476_length_5235_cov_5.253668||full	5235	1	1	1	0	0	0
vOTU_093	MV-4122_S12__NODE_2485_length_5204_cov_11.535444||full	5204	1	1	1	0	0	0
vOTU_094	MV-4122_S12__NODE_2491_length_5194_cov_4.531232||full	5194	1	1	1	0	0	0
vOTU_095	MV-4128_S29__NODE_1253_length_5169_cov_10.143723||full	5169	1	1	0	0	1	0
vOTU_096	MV-4128_S29__NODE_1257_length_5135_cov_19.258661||full	5135	1	1	0	0	1	0
vOTU_097	MV-4122_S12__NODE_2530_length_5093_cov_7.689559||full	5093	1	1	1	0	0	0
