votu	sequence_id	sample	length	representative	is_representative	identity_to_rep_pct	shorter_coverage_to_rep_pct
vOTU_001	MV-4122_S12__NODE_79_length_88798_cov_36.475621||0_partial_1	MV-4122_S12	43643	MV-4122_S12__NODE_79_length_88798_cov_36.475621||0_partial_1	True	100	100
vOTU_002	MV-4125_S18__NODE_31_length_85557_cov_63.526303||full_1	MV-4125_S18	43474	MV-4125_S18__NODE_31_length_85557_cov_63.526303||full_1	True	100	100
vOTU_003	MV-4122_S12__NODE_264_length_42130_cov_34.003636||full	MV-4122_S12	42130	MV-4122_S12__NODE_264_length_42130_cov_34.003636||full	True	100	100
vOTU_003	MV-4125_S18__NODE_1595_length_7461_cov_9.573994||full	MV-4125_S18	7461	MV-4122_S12__NODE_264_length_42130_cov_34.003636||full	False	100.0	100.0
vOTU_004	MV-4122_S12__NODE_277_length_40752_cov_24.280438||full	MV-4122_S12	40752	MV-4122_S12__NODE_277_length_40752_cov_24.280438||full	True	100	100
vOTU_005	MV-4128_S29__NODE_1_length_685560_cov_728.732645||0_partial_1	MV-4128_S29	39533	MV-4128_S29__NODE_1_length_685560_cov_728.732645||0_partial_1	True	100	100
vOTU_005	MV-4125_S18__NODE_44_length_72013_cov_269.769240||0_partial_1	MV-4125_S18	23934	MV-4128_S29__NODE_1_length_685560_cov_728.732645||0_partial_1	False	100.0	100.0
vOTU_005	MV-4125_S18__NODE_792_length_13205_cov_217.630570||full	MV-4125_S18	13205	MV-4128_S29__NODE_1_length_685560_cov_728.732645||0_partial_1	False	100.0	95.88035
vOTU_006	MV-4122_S12__NODE_1_length_347332_cov_162.618440||0_partial_1	MV-4122_S12	39529	MV-4122_S12__NODE_1_length_347332_cov_162.618440||0_partial_1	True	100	100
vOTU_006	MV-4125_S18__NODE_195_length_35915_cov_21.249247||full	MV-4125_S18	35915	MV-4122_S12__NODE_1_length_347332_cov_162.618440||0_partial_1	False	100.0	88.39482
vOTU_006	MV-4128_S29__NODE_95_length_35150_cov_35.603134||full	MV-4128_S29	35150	MV-4122_S12__NODE_1_length_347332_cov_162.618440||0_partial_1	False	100.0	99.61309
vOTU_006	MV-4125_S18__NODE_786_length_13336_cov_20.694225||full_1	MV-4125_S18	7783	MV-4122_S12__NODE_1_length_347332_cov_162.618440||0_partial_1	False	100.0	100.0
vOTU_007	MV-4128_S29__NODE_77_length_39259_cov_504.042343||full	MV-4128_S29	39259	MV-4128_S29__NODE_77_length_39259_cov_504.042343||full	True	100	100
vOTU_007	MV-4125_S18__NODE_264_length_29536_cov_160.334656||full	MV-4125_S18	29536	MV-4128_S29__NODE_77_length_39259_cov_504.042343||full	False	99.9932	99.58017
vOTU_008	MV-4125_S18__NODE_192_length_36032_cov_194.343914||full	MV-4125_S18	36032	MV-4125_S18__NODE_192_length_36032_cov_194.343914||full	True	100	100
vOTU_008	MV-4128_S29__NODE_12_length_141680_cov_673.733402||0_partial	MV-4128_S29	22423	MV-4125_S18__NODE_192_length_36032_cov_194.343914||full	False	100.0	96.40994
vOTU_008	MV-4128_S29__NODE_409_length_14342_cov_497.228109||full	MV-4128_S29	14342	MV-4125_S18__NODE_192_length_36032_cov_194.343914||full	False	100.0	100.0
vOTU_009	MV-4122_S12__NODE_467_length_27200_cov_22.006705||full	MV-4122_S12	27200	MV-4122_S12__NODE_467_length_27200_cov_22.006705||full	True	100	100
vOTU_010	MV-4122_S12__NODE_483_length_26567_cov_28.514673||full	MV-4122_S12	26567	MV-4122_S12__NODE_483_length_26567_cov_28.514673||full	True	100	100
vOTU_011	MV-4125_S18__NODE_320_length_26064_cov_24.608905||full	MV-4125_S18	26064	MV-4125_S18__NODE_320_length_26064_cov_24.608905||full	True	100	100
vOTU_012	MV-4122_S12__NODE_400_length_30910_cov_29.638243||full_1	MV-4122_S12	25184	MV-4122_S12__NODE_400_length_30910_cov_29.638243||full_1	True	100	100
vOTU_012	MV-4125_S18__NODE_1804_length_6787_cov_6.980392||full	MV-4125_S18	6787	MV-4122_S12__NODE_400_length_30910_cov_29.638243||full_1	False	99.98526	99.92633
vOTU_012	MV-4125_S18__NODE_1976_length_6297_cov_6.384652||full	MV-4125_S18	6297	MV-4122_S12__NODE_400_length_30910_cov_29.638243||full_1	False	99.93648	100.0
vOTU_013	MV-4125_S18__NODE_378_length_23580_cov_22.248247||full	MV-4125_S18	23580	MV-4125_S18__NODE_378_length_23580_cov_22.248247||full	True	100	100
vOTU_014	MV-4128_S29__NODE_209_length_22758_cov_20.083822||full	MV-4128_S29	22758	MV-4128_S29__NODE_209_length_22758_cov_20.083822||full	True	100	100
vOTU_014	MV-4125_S18__NODE_1573_length_7565_cov_4.803728||full	MV-4125_S18	7565	MV-4128_S29__NODE_209_length_22758_cov_20.083822||full	False	99.97356	100.0
vOTU_015	MV-4122_S12__NODE_691_length_19802_cov_26.363245||full	MV-4122_S12	19802	MV-4122_S12__NODE_691_length_19802_cov_26.363245||full	True	100	100
vOTU_016	MV-4122_S12__NODE_716_length_19268_cov_30.342268||full	MV-4122_S12	19268	MV-4122_S12__NODE_716_length_19268_cov_30.342268||full	True	100	100
vOTU_017	MV-4125_S18__NODE_523_length_18801_cov_19.978342||full	MV-4125_S18	18801	MV-4125_S18__NODE_523_length_18801_cov_19.978342||full	True	100	100
vOTU_017	MV-4128_S29__NODE_470_length_12571_cov_13.628875||full	MV-4128_S29	12571	MV-4125_S18__NODE_523_length_18801_cov_19.978342||full	False	99.93	90.90764
vOTU_018	MV-4125_S18__NODE_179_length_37735_cov_19.758519||0_partial	MV-4125_S18	17956	MV-4125_S18__NODE_179_length_37735_cov_19.758519||0_partial	True	100	100
vOTU_019	MV-4125_S18__NODE_560_length_17688_cov_16.352464||full	MV-4125_S18	17688	MV-4125_S18__NODE_560_length_17688_cov_16.352464||full	True	100	100
vOTU_019	MV-4122_S12__NODE_829_length_16471_cov_34.382493||full	MV-4122_S12	16471	MV-4125_S18__NODE_560_length_17688_cov_16.352464||full	False	100.0	100.0
vOTU_020	MV-4122_S12__NODE_824_length_16631_cov_10.014720||full	MV-4122_S12	16631	MV-4122_S12__NODE_824_length_16631_cov_10.014720||full	True	100	100
vOTU_021	MV-4122_S12__NODE_827_length_16581_cov_8.773327||full	MV-4122_S12	16581	MV-4122_S12__NODE_827_length_16581_cov_8.773327||full	True	100	100
vOTU_022	MV-4122_S12__NODE_832_length_16437_cov_29.122207||full	MV-4122_S12	16437	MV-4122_S12__NODE_832_length_16437_cov_29.122207||full	True	100	100
vOTU_022	MV-4125_S18__NODE_1800_length_6812_cov_7.428149||full	MV-4125_S18	6812	MV-4122_S12__NODE_832_length_16437_cov_29.122207||full	False	100.0	100.0
vOTU_023	MV-4122_S12__NODE_860_length_15987_cov_9.805423||full	MV-4122_S12	15987	MV-4122_S12__NODE_860_length_15987_cov_9.805423||full	True	100	100
vOTU_024	MV-4125_S18__NODE_636_length_15578_cov_10.995942||full	MV-4125_S18	15578	MV-4125_S18__NODE_636_length_15578_cov_10.995942||full	True	100	100
vOTU_025	MV-4122_S12__NODE_887_length_15483_cov_77.281436||full	MV-4122_S12	15483	MV-4122_S12__NODE_887_length_15483_cov_77.281436||full	True	100	100
vOTU_025	MV-4125_S18__NODE_1277_length_8858_cov_9.778371||full	MV-4125_S18	8858	MV-4122_S12__NODE_887_length_15483_cov_77.281436||full	False	99.96613	100.0
vOTU_026	MV-4128_S29__NODE_219_length_22136_cov_837.337666||full_1	MV-4128_S29	15200	MV-4128_S29__NODE_219_length_22136_cov_837.337666||full_1	True	100	100
vOTU_026	MV-4125_S18__NODE_418_length_22031_cov_283.621451||full_1	MV-4125_S18	15147	MV-4128_S29__NODE_219_length_22136_cov_837.337666||full_1	False	100.0	100.0
vOTU_027	MV-4128_S29__NODE_168_length_25826_cov_27.249311||full_1	MV-4128_S29	14847	MV-4128_S29__NODE_168_length_25826_cov_27.249311||full_1	True	100	100
vOTU_028	MV-4122_S12__NODE_854_length_16097_cov_13.038025||full_1	MV-4122_S12	14391	MV-4122_S12__NODE_854_length_16097_cov_13.038025||full_1	True	100	100
vOTU_029	MV-4122_S12__NODE_986_length_14134_cov_12.305419||full	MV-4122_S12	14134	MV-4122_S12__NODE_986_length_14134_cov_12.305419||full	True	100	100
vOTU_030	MV-4122_S12__NODE_26_length_151132_cov_95.491233||0_partial_1	MV-4122_S12	14079	MV-4122_S12__NODE_26_length_151132_cov_95.491233||0_partial_1	True	100	100
vOTU_031	MV-4122_S12__NODE_1007_length_13868_cov_8.435170||full	MV-4122_S12	13868	MV-4122_S12__NODE_1007_length_13868_cov_8.435170||full	True	100	100
vOTU_032	MV-4125_S18__NODE_842_length_12646_cov_16.005004||full	MV-4125_S18	12646	MV-4125_S18__NODE_842_length_12646_cov_16.005004||full	True	100	100
vOTU_033	MV-4125_S18__NODE_848_length_12556_cov_10.932405||full	MV-4125_S18	12556	MV-4125_S18__NODE_848_length_12556_cov_10.932405||full	True	100	100
vOTU_034	MV-4128_S29__NODE_492_length_12045_cov_6.625021||full	MV-4128_S29	12045	MV-4128_S29__NODE_492_length_12045_cov_6.625021||full	True	100	100
vOTU_035	MV-4122_S12__NODE_1181_length_11914_cov_43.765916||full	MV-4122_S12	11914	MV-4122_S12__NODE_1181_length_11914_cov_43.765916||full	True	100	100
vOTU_036	MV-4125_S18__NODE_948_length_11464_cov_8.061180||full	MV-4125_S18	11464	MV-4125_S18__NODE_948_length_11464_cov_8.061180||full	True	100	100
vOTU_037	MV-4125_S18__NODE_979_length_11202_cov_17.887862||full	MV-4125_S18	11202	MV-4125_S18__NODE_979_length_11202_cov_17.887862||full	True	100	100
vOTU_038	MV-4128_S29__NODE_550_length_11069_cov_18.815689||full	MV-4128_S29	11069	MV-4128_S29__NODE_550_length_11069_cov_18.815689||full	True	100	100
vOTU_039	MV-4128_S29__NODE_575_length_10738_cov_611.299729||full	MV-4128_S29	10738	MV-4128_S29__NODE_575_length_10738_cov_611.299729||full	True	100	100
vOTU_040	MV-4122_S12__NODE_1306_length_10734_cov_9.159940||full	MV-4122_S12	10734	MV-4122_S12__NODE_1306_length_10734_cov_9.159940||full	True	100	100
vOTU_041	MV-4128_S29__NODE_587_length_10621_cov_10.908196||full	MV-4128_S29	10621	MV-4128_S29__NODE_587_length_10621_cov_10.908196||full	True	100	100
vOTU_042	MV-4122_S12__NODE_1429_length_9843_cov_7.395484||full	MV-4122_S12	9843	MV-4122_S12__NODE_1429_length_9843_cov_7.395484||full	True	100	100
vOTU_043	MV-4122_S12__NODE_1453_length_9642_cov_7.815166||full	MV-4122_S12	9642	MV-4122_S12__NODE_1453_length_9642_cov_7.815166||full	True	100	100
vOTU_044	MV-4125_S18__NODE_1159_length_9638_cov_12.392257||full	MV-4125_S18	9638	MV-4125_S18__NODE_1159_length_9638_cov_12.392257||full	True	100	100
vOTU_045	MV-4122_S12__NODE_1458_length_9606_cov_8.548948||full	MV-4122_S12	9606	MV-4122_S12__NODE_1458_length_9606_cov_8.548948||full	True	100	100
vOTU_046	MV-4128_S29__NODE_675_length_9378_cov_4.630376||full	MV-4128_S29	9378	MV-4128_S29__NODE_675_length_9378_cov_4.630376||full	True	100	100
vOTU_047	MV-4125_S18__NODE_1200_length_9348_cov_6.731949||full	MV-4125_S18	9348	MV-4125_S18__NODE_1200_length_9348_cov_6.731949||full	True	100	100
vOTU_048	MV-4125_S18__NODE_573_length_17263_cov_8.254998||full_1	MV-4125_S18	9323	MV-4125_S18__NODE_573_length_17263_cov_8.254998||full_1	True	100	100
vOTU_049	MV-4122_S12__NODE_1510_length_9268_cov_28.739173||full	MV-4122_S12	9268	MV-4122_S12__NODE_1510_length_9268_cov_28.739173||full	True	100	100
vOTU_050	MV-4122_S12__NODE_1539_length_9111_cov_29.734982||full	MV-4122_S12	9111	MV-4122_S12__NODE_1539_length_9111_cov_29.734982||full	True	100	100
vOTU_050	MV-4125_S18__NODE_1368_length_8387_cov_15.933749||full	MV-4125_S18	8387	MV-4122_S12__NODE_1539_length_9111_cov_29.734982||full	False	100.0	99.09384
vOTU_051	MV-4122_S12__NODE_1593_length_8783_cov_26.674610||full	MV-4122_S12	8783	MV-4122_S12__NODE_1593_length_8783_cov_26.674610||full	True	100	100
vOTU_052	MV-4122_S12__NODE_1647_length_8539_cov_5.120344||full	MV-4122_S12	8539	MV-4122_S12__NODE_1647_length_8539_cov_5.120344||full	True	100	100
vOTU_053	MV-4128_S29__NODE_776_length_8224_cov_17.021912||full	MV-4128_S29	8224	MV-4128_S29__NODE_776_length_8224_cov_17.021912||full	True	100	100
vOTU_053	MV-4122_S12__NODE_1813_length_7570_cov_8.540519||full	MV-4122_S12	7570	MV-4128_S29__NODE_776_length_8224_cov_17.021912||full	False	99.94716	100.0
vOTU_054	MV-4128_S29__NODE_781_length_8212_cov_9.316170||full	MV-4128_S29	8212	MV-4128_S29__NODE_781_length_8212_cov_9.316170||full	True	100	100
vOTU_055	MV-4122_S12__NODE_305_length_38149_cov_45.168215||0_partial_1	MV-4122_S12	8169	MV-4122_S12__NODE_305_length_38149_cov_45.168215||0_partial_1	True	100	100
vOTU_056	MV-4122_S12__NODE_271_length_41564_cov_9.960804||0_partial	MV-4122_S12	8069	MV-4122_S12__NODE_271_length_41564_cov_9.960804||0_partial	True	100	100
vOTU_057	MV-4128_S29__NODE_798_length_8036_cov_6.839494||full	MV-4128_S29	8036	MV-4128_S29__NODE_798_length_8036_cov_6.839494||full	True	100	100
vOTU_058	MV-4128_S29__NODE_810_length_7879_cov_14.016488||full	MV-4128_S29	7879	MV-4128_S29__NODE_810_length_7879_cov_14.016488||full	True	100	100
vOTU_059	MV-4122_S12__NODE_1781_length_7727_cov_19.344760||full	MV-4122_S12	7727	MV-4122_S12__NODE_1781_length_7727_cov_19.344760||full	True	100	100
vOTU_060	MV-4122_S12__NODE_74_length_92715_cov_81.746903||0_partial	MV-4122_S12	7593	MV-4122_S12__NODE_74_length_92715_cov_81.746903||0_partial	True	100	100
vOTU_061	MV-4125_S18__NODE_1571_length_7573_cov_10.957702||full	MV-4125_S18	7573	MV-4125_S18__NODE_1571_length_7573_cov_10.957702||full	True	100	100
vOTU_061	MV-4122_S12__NODE_2167_length_6092_cov_42.774557||full	MV-4122_S12	6092	MV-4125_S18__NODE_1571_length_7573_cov_10.957702||full	False	100.0	100.0
vOTU_062	MV-4122_S12__NODE_1830_length_7457_cov_19.703864||full	MV-4122_S12	7457	MV-4122_S12__NODE_1830_length_7457_cov_19.703864||full	True	100	100
vOTU_063	MV-4125_S18__NODE_1628_length_7352_cov_10.227491||full	MV-4125_S18	7352	MV-4125_S18__NODE_1628_length_7352_cov_10.227491||full	True	100	100
vOTU_064	MV-4125_S18__NODE_1632_length_7348_cov_27.720143||full	MV-4125_S18	7348	MV-4125_S18__NODE_1632_length_7348_cov_27.720143||full	True	100	100
vOTU_065	MV-4125_S18__NODE_1644_length_7312_cov_12.132975||full	MV-4125_S18	7312	MV-4125_S18__NODE_1644_length_7312_cov_12.132975||full	True	100	100
vOTU_066	MV-4125_S18__NODE_1697_length_7142_cov_25.355722||full	MV-4125_S18	7142	MV-4125_S18__NODE_1697_length_7142_cov_25.355722||full	True	100	100
vOTU_067	MV-4125_S18__NODE_922_length_11680_cov_21.891097||full_1	MV-4125_S18	7007	MV-4125_S18__NODE_922_length_11680_cov_21.891097||full_1	True	100	100
vOTU_068	MV-4122_S12__NODE_1928_length_7001_cov_18.047941||full	MV-4122_S12	7001	MV-4122_S12__NODE_1928_length_7001_cov_18.047941||full	True	100	100
vOTU_069	MV-4122_S12__NODE_2068_length_6406_cov_5.925366||full	MV-4122_S12	6406	MV-4122_S12__NODE_2068_length_6406_cov_5.925366||full	True	100	100
vOTU_070	MV-4128_S29__NODE_1009_length_6405_cov_9.196850||full	MV-4128_S29	6405	MV-4128_S29__NODE_1009_length_6405_cov_9.196850||full	True	100	100
vOTU_071	MV-4122_S12__NODE_2075_length_6393_cov_48.959766||full	MV-4122_S12	6393	MV-4122_S12__NODE_2075_length_6393_cov_48.959766||full	True	100	100
vOTU_071	MV-4125_S18__NODE_1964_length_6325_cov_10.363955||full	MV-4125_S18	6325	MV-4122_S12__NODE_2075_length_6393_cov_48.959766||full	False	99.98419	100.0
vOTU_072	MV-4122_S12__NODE_2114_length_6246_cov_8.643999||full	MV-4122_S12	6246	MV-4122_S12__NODE_2114_length_6246_cov_8.643999||full	True	100	100
vOTU_073	MV-4128_S29__NODE_1033_length_6209_cov_404.209945||full	MV-4128_S29	6209	MV-4128_S29__NODE_1033_length_6209_cov_404.209945||full	True	100	100
vOTU_073	MV-4125_S18__NODE_2330_length_5494_cov_132.858614||full	MV-4125_S18	5494	MV-4128_S29__NODE_1033_length_6209_cov_404.209945||full	False	100.0	100.0
vOTU_074	MV-4122_S12__NODE_2132_length_6183_cov_4.819191||full	MV-4122_S12	6183	MV-4122_S12__NODE_2132_length_6183_cov_4.819191||full	True	100	100
vOTU_075	MV-4122_S12__NODE_2163_length_6100_cov_9.710174||full	MV-4122_S12	6100	MV-4122_S12__NODE_2163_length_6100_cov_9.710174||full	True	100	100
vOTU_076	MV-4128_S29__NODE_1078_length_5969_cov_4.838688||full	MV-4128_S29	5969	MV-4128_S29__NODE_1078_length_5969_cov_4.838688||full	True	100	100
vOTU_077	MV-4122_S12__NODE_2202_length_5967_cov_10.133627||full	MV-4122_S12	5967	MV-4122_S12__NODE_2202_length_5967_cov_10.133627||full	True	100	100
vOTU_078	MV-4122_S12__NODE_2224_length_5886_cov_21.770880||full	MV-4122_S12	5886	MV-4122_S12__NODE_2224_length_5886_cov_21.770880||full	True	100	100
vOTU_079	MV-4122_S12__NODE_2256_length_5800_cov_7.992341||full	MV-4122_S12	5800	MV-4122_S12__NODE_2256_length_5800_cov_7.992341||full	True	100	100
vOTU_080	MV-4122_S12__NODE_2273_length_5760_cov_9.433304||full	MV-4122_S12	5760	MV-4122_S12__NODE_2273_length_5760_cov_9.433304||full	True	100	100
vOTU_081	MV-4125_S18__NODE_2208_length_5722_cov_6.725428||full	MV-4125_S18	5722	MV-4125_S18__NODE_2208_length_5722_cov_6.725428||full	True	100	100
vOTU_082	MV-4122_S12__NODE_2294_length_5702_cov_10.309014||full	MV-4122_S12	5702	MV-4122_S12__NODE_2294_length_5702_cov_10.309014||full	True	100	100
vOTU_083	MV-4122_S12__NODE_2308_length_5669_cov_7.828108||full	MV-4122_S12	5669	MV-4122_S12__NODE_2308_length_5669_cov_7.828108||full	True	100	100
vOTU_084	MV-4122_S12__NODE_2317_length_5652_cov_7.599250||full	MV-4122_S12	5652	MV-4122_S12__NODE_2317_length_5652_cov_7.599250||full	True	100	100
vOTU_085	MV-4128_S29__NODE_1156_length_5590_cov_12.965131||full	MV-4128_S29	5590	MV-4128_S29__NODE_1156_length_5590_cov_12.965131||full	True	100	100
vOTU_086	MV-4122_S12__NODE_2392_length_5415_cov_20.102799||full	MV-4122_S12	5415	MV-4122_S12__NODE_2392_length_5415_cov_20.102799||full	True	100	100
vOTU_087	MV-4122_S12__NODE_2396_length_5403_cov_5.230180||full	MV-4122_S12	5403	MV-4122_S12__NODE_2396_length_5403_cov_5.230180||full	True	100	100
vOTU_088	MV-4128_S29__NODE_1199_length_5394_cov_5.271961||full	MV-4128_S29	5394	MV-4128_S29__NODE_1199_length_5394_cov_5.271961||full	True	100	100
vOTU_089	MV-4128_S29__NODE_1203_length_5381_cov_9.021592||full	MV-4128_S29	5381	MV-4128_S29__NODE_1203_length_5381_cov_9.021592||full	True	100	100
vOTU_090	MV-4122_S12__NODE_2426_length_5341_cov_4.953462||full	MV-4122_S12	5341	MV-4122_S12__NODE_2426_length_5341_cov_4.953462||full	True	100	100
vOTU_091	MV-4128_S29__NODE_1226_length_5275_cov_4.972797||full	MV-4128_S29	5275	MV-4128_S29__NODE_1226_length_5275_cov_4.972797||full	True	100	100
vOTU_092	MV-4122_S12__NODE_2476_length_5235_cov_5.253668||full	MV-4122_S12	5235	MV-4122_S12__NODE_2476_length_5235_cov_5.253668||full	True	100	100
vOTU_093	MV-4122_S12__NODE_2485_length_5204_cov_11.535444||full	MV-4122_S12	5204	MV-4122_S12__NODE_2485_length_5204_cov_11.535444||full	True	100	100
vOTU_094	MV-4122_S12__NODE_2491_length_5194_cov_4.531232||full	MV-4122_S12	5194	MV-4122_S12__NODE_2491_length_5194_cov_4.531232||full	True	100	100
vOTU_095	MV-4128_S29__NODE_1253_length_5169_cov_10.143723||full	MV-4128_S29	5169	MV-4128_S29__NODE_1253_length_5169_cov_10.143723||full	True	100	100
vOTU_096	MV-4128_S29__NODE_1257_length_5135_cov_19.258661||full	MV-4128_S29	5135	MV-4128_S29__NODE_1257_length_5135_cov_19.258661||full	True	100	100
vOTU_097	MV-4122_S12__NODE_2530_length_5093_cov_7.689559||full	MV-4122_S12	5093	MV-4122_S12__NODE_2530_length_5093_cov_7.689559||full	True	100	100
