query	subject	identity_pct	shorter_coverage_pct	retained_alignment_columns	strand	passes
MV-4122_S12__NODE_1_length_347332_cov_162.618440||0_partial_1	MV-4128_S29__NODE_95_length_35150_cov_35.603134||full	100.0	99.61309	35014	1	True
MV-4122_S12__NODE_1_length_347332_cov_162.618440||0_partial_1	MV-4125_S18__NODE_195_length_35915_cov_21.249247||full	100.0	88.39482	31747	1	True
MV-4122_S12__NODE_1_length_347332_cov_162.618440||0_partial_1	MV-4125_S18__NODE_786_length_13336_cov_20.694225||full_1	100.0	100.0	7783	1	True
MV-4122_S12__NODE_1_length_347332_cov_162.618440||0_partial_1	MV-4122_S12__NODE_860_length_15987_cov_9.805423||full	68.68305	9.6641	1587	1	False
MV-4122_S12__NODE_1_length_347332_cov_162.618440||0_partial_1	MV-4122_S12__NODE_79_length_88798_cov_36.475621||0_partial_1	68.07229	2.44125	996	1	False
MV-4122_S12__NODE_1_length_347332_cov_162.618440||0_partial_1	MV-4122_S12__NODE_1007_length_13868_cov_8.435170||full	68.40491	2.1921	326	-1	False
MV-4122_S12__NODE_26_length_151132_cov_95.491233||0_partial_1	MV-4125_S18__NODE_1277_length_8858_cov_9.778371||full	69.24342	27.28607	2432	-1	False
MV-4122_S12__NODE_26_length_151132_cov_95.491233||0_partial_1	MV-4122_S12__NODE_887_length_15483_cov_77.281436||full	69.24342	17.01825	2432	-1	False
MV-4122_S12__NODE_79_length_88798_cov_36.475621||0_partial_1	MV-4128_S29__NODE_95_length_35150_cov_35.603134||full	68.07229	2.74538	996	1	False
MV-4122_S12__NODE_79_length_88798_cov_36.475621||0_partial_1	MV-4125_S18__NODE_195_length_35915_cov_21.249247||full	68.07229	2.6869	996	1	False
MV-4122_S12__NODE_79_length_88798_cov_36.475621||0_partial_1	MV-4122_S12__NODE_1_length_347332_cov_162.618440||0_partial_1	68.07229	2.44125	996	1	False
MV-4122_S12__NODE_271_length_41564_cov_9.960804||0_partial	MV-4122_S12__NODE_827_length_16581_cov_8.773327||full	68.73411	47.8498	3934	1	False
MV-4122_S12__NODE_264_length_42130_cov_34.003636||full	MV-4125_S18__NODE_1595_length_7461_cov_9.573994||full	100.0	100.0	7461	1	True
MV-4122_S12__NODE_264_length_42130_cov_34.003636||full	MV-4125_S18__NODE_1800_length_6812_cov_7.428149||full	79.7219	12.66882	863	-1	False
MV-4122_S12__NODE_264_length_42130_cov_34.003636||full	MV-4122_S12__NODE_832_length_16437_cov_29.122207||full	76.40719	10.13567	1670	1	False
MV-4122_S12__NODE_264_length_42130_cov_34.003636||full	MV-4125_S18__NODE_1200_length_9348_cov_6.731949||full	67.85226	7.78776	731	1	False
MV-4122_S12__NODE_264_length_42130_cov_34.003636||full	MV-4122_S12__NODE_824_length_16631_cov_10.014720||full	76.92308	0.62534	104	1	False
MV-4122_S12__NODE_264_length_42130_cov_34.003636||full	MV-4122_S12__NODE_2132_length_6183_cov_4.819191||full	84.50704	1.14831	71	-1	False
MV-4122_S12__NODE_277_length_40752_cov_24.280438||full	MV-4122_S12__NODE_1928_length_7001_cov_18.047941||full	85.80051	89.38723	6296	-1	False
MV-4122_S12__NODE_277_length_40752_cov_24.280438||full	MV-4122_S12__NODE_2202_length_5967_cov_10.133627||full	78.81844	46.40523	2776	-1	False
MV-4122_S12__NODE_277_length_40752_cov_24.280438||full	MV-4128_S29__NODE_12_length_141680_cov_673.733402||0_partial	65.9867	9.82027	2255	1	False
MV-4122_S12__NODE_277_length_40752_cov_24.280438||full	MV-4125_S18__NODE_192_length_36032_cov_194.343914||full	65.9867	6.11123	2255	-1	False
MV-4122_S12__NODE_277_length_40752_cov_24.280438||full	MV-4122_S12__NODE_2256_length_5800_cov_7.992341||full	78.07638	12.13793	707	-1	False
MV-4122_S12__NODE_277_length_40752_cov_24.280438||full	MV-4125_S18__NODE_523_length_18801_cov_19.978342||full	65.90909	6.89857	1320	1	False
MV-4122_S12__NODE_277_length_40752_cov_24.280438||full	MV-4128_S29__NODE_470_length_12571_cov_13.628875||full	65.83333	10.3174	1320	1	False
MV-4122_S12__NODE_277_length_40752_cov_24.280438||full	MV-4122_S12__NODE_986_length_14134_cov_12.305419||full	73.72881	0.83487	118	-1	False
MV-4122_S12__NODE_277_length_40752_cov_24.280438||full	MV-4125_S18__NODE_560_length_17688_cov_16.352464||full	75.0	0.58797	104	-1	False
MV-4122_S12__NODE_277_length_40752_cov_24.280438||full	MV-4122_S12__NODE_829_length_16471_cov_34.382493||full	75.0	0.63141	104	-1	False
MV-4122_S12__NODE_400_length_30910_cov_29.638243||full_1	MV-4125_S18__NODE_1804_length_6787_cov_6.980392||full	99.98526	99.92633	6782	1	True
MV-4122_S12__NODE_400_length_30910_cov_29.638243||full_1	MV-4125_S18__NODE_1976_length_6297_cov_6.384652||full	99.93648	100.0	6297	-1	True
MV-4122_S12__NODE_467_length_27200_cov_22.006705||full	MV-4122_S12__NODE_1830_length_7457_cov_19.703864||full	94.48441	11.18412	834	1	False
MV-4122_S12__NODE_467_length_27200_cov_22.006705||full	MV-4125_S18__NODE_1159_length_9638_cov_12.392257||full	82.13018	8.757	845	1	False
MV-4122_S12__NODE_467_length_27200_cov_22.006705||full	MV-4122_S12__NODE_1181_length_11914_cov_43.765916||full	82.13018	7.0841	845	-1	False
MV-4122_S12__NODE_467_length_27200_cov_22.006705||full	MV-4125_S18__NODE_948_length_11464_cov_8.061180||full	66.84063	21.23168	2491	1	False
MV-4122_S12__NODE_824_length_16631_cov_10.014720||full	MV-4122_S12__NODE_264_length_42130_cov_34.003636||full	76.92308	0.62534	104	1	False
MV-4122_S12__NODE_824_length_16631_cov_10.014720||full	MV-4125_S18__NODE_1368_length_8387_cov_15.933749||full	66.34921	3.70812	315	1	False
MV-4122_S12__NODE_824_length_16631_cov_10.014720||full	MV-4122_S12__NODE_1539_length_9111_cov_29.734982||full	66.34921	3.41346	315	-1	False
MV-4122_S12__NODE_827_length_16581_cov_8.773327||full	MV-4122_S12__NODE_271_length_41564_cov_9.960804||0_partial	68.73411	47.8498	3934	1	False
MV-4122_S12__NODE_829_length_16471_cov_34.382493||full	MV-4125_S18__NODE_560_length_17688_cov_16.352464||full	100.0	100.0	16471	1	True
MV-4122_S12__NODE_829_length_16471_cov_34.382493||full	MV-4122_S12__NODE_2396_length_5403_cov_5.230180||full	63.70694	73.77383	4122	-1	False
MV-4122_S12__NODE_829_length_16471_cov_34.382493||full	MV-4128_S29__NODE_1078_length_5969_cov_4.838688||full	65.42373	9.80064	590	-1	False
MV-4122_S12__NODE_829_length_16471_cov_34.382493||full	MV-4128_S29__NODE_12_length_141680_cov_673.733402||0_partial	72.72727	0.86212	143	-1	False
MV-4122_S12__NODE_829_length_16471_cov_34.382493||full	MV-4125_S18__NODE_192_length_36032_cov_194.343914||full	72.72727	0.86212	143	1	False
MV-4122_S12__NODE_829_length_16471_cov_34.382493||full	MV-4122_S12__NODE_277_length_40752_cov_24.280438||full	75.0	0.63141	104	-1	False
MV-4122_S12__NODE_832_length_16437_cov_29.122207||full	MV-4125_S18__NODE_1800_length_6812_cov_7.428149||full	100.0	100.0	6812	-1	True
MV-4122_S12__NODE_832_length_16437_cov_29.122207||full	MV-4122_S12__NODE_264_length_42130_cov_34.003636||full	76.40719	10.13567	1670	1	False
MV-4122_S12__NODE_832_length_16437_cov_29.122207||full	MV-4125_S18__NODE_1595_length_7461_cov_9.573994||full	68.82217	5.7499	433	1	False
MV-4122_S12__NODE_854_length_16097_cov_13.038025||full_1	MV-4125_S18__NODE_320_length_26064_cov_24.608905||full	74.35897	40.92141	5967	1	False
MV-4122_S12__NODE_854_length_16097_cov_13.038025||full_1	MV-4125_S18__NODE_573_length_17263_cov_8.254998||full_1	75.38388	87.86871	8336	1	False
MV-4122_S12__NODE_854_length_16097_cov_13.038025||full_1	MV-4122_S12__NODE_2485_length_5204_cov_11.535444||full	78.7998	38.77786	2033	1	False
MV-4122_S12__NODE_854_length_16097_cov_13.038025||full_1	MV-4125_S18__NODE_922_length_11680_cov_21.891097||full_1	68.97732	32.90995	2337	-1	False
MV-4122_S12__NODE_854_length_16097_cov_13.038025||full_1	MV-4128_S29__NODE_168_length_25826_cov_27.249311||full_1	68.3526	18.82427	2768	1	False
MV-4122_S12__NODE_854_length_16097_cov_13.038025||full_1	MV-4125_S18__NODE_2208_length_5722_cov_6.725428||full	69.09582	38.34324	2223	1	False
MV-4122_S12__NODE_854_length_16097_cov_13.038025||full_1	MV-4125_S18__NODE_842_length_12646_cov_16.005004||full	67.03159	24.58485	3197	-1	False
MV-4122_S12__NODE_854_length_16097_cov_13.038025||full_1	MV-4125_S18__NODE_1697_length_7142_cov_25.355722||full	66.26181	30.34164	2223	1	False
MV-4122_S12__NODE_854_length_16097_cov_13.038025||full_1	MV-4128_S29__NODE_219_length_22136_cov_837.337666||full_1	67.25756	13.00813	1918	-1	False
MV-4122_S12__NODE_854_length_16097_cov_13.038025||full_1	MV-4125_S18__NODE_418_length_22031_cov_283.621451||full_1	67.25756	13.00813	1918	-1	False
MV-4122_S12__NODE_860_length_15987_cov_9.805423||full	MV-4128_S29__NODE_95_length_35150_cov_35.603134||full	68.68305	9.6641	1587	1	False
MV-4122_S12__NODE_860_length_15987_cov_9.805423||full	MV-4125_S18__NODE_195_length_35915_cov_21.249247||full	68.68305	9.6641	1587	1	False
MV-4122_S12__NODE_860_length_15987_cov_9.805423||full	MV-4122_S12__NODE_1_length_347332_cov_162.618440||0_partial_1	68.68305	9.6641	1587	1	False
MV-4122_S12__NODE_887_length_15483_cov_77.281436||full	MV-4125_S18__NODE_1277_length_8858_cov_9.778371||full	99.96613	100.0	8858	1	True
MV-4122_S12__NODE_887_length_15483_cov_77.281436||full	MV-4122_S12__NODE_26_length_151132_cov_95.491233||0_partial_1	69.24342	17.01825	2432	-1	False
MV-4122_S12__NODE_986_length_14134_cov_12.305419||full	MV-4122_S12__NODE_2294_length_5702_cov_10.309014||full	79.53417	91.17853	5238	-1	False
MV-4122_S12__NODE_986_length_14134_cov_12.305419||full	MV-4122_S12__NODE_277_length_40752_cov_24.280438||full	73.72881	0.83487	118	-1	False
MV-4122_S12__NODE_1007_length_13868_cov_8.435170||full	MV-4125_S18__NODE_179_length_37735_cov_19.758519||0_partial	73.73573	4.37698	613	1	False
MV-4122_S12__NODE_1007_length_13868_cov_8.435170||full	MV-4128_S29__NODE_95_length_35150_cov_35.603134||full	68.40491	2.1921	326	-1	False
MV-4122_S12__NODE_1007_length_13868_cov_8.435170||full	MV-4125_S18__NODE_195_length_35915_cov_21.249247||full	68.40491	2.1921	326	-1	False
MV-4122_S12__NODE_1007_length_13868_cov_8.435170||full	MV-4122_S12__NODE_1_length_347332_cov_162.618440||0_partial_1	68.40491	2.1921	326	-1	False
MV-4122_S12__NODE_1181_length_11914_cov_43.765916||full	MV-4125_S18__NODE_1159_length_9638_cov_12.392257||full	100.0	68.00166	6554	-1	False
MV-4122_S12__NODE_1181_length_11914_cov_43.765916||full	MV-4122_S12__NODE_1830_length_7457_cov_19.703864||full	83.93032	54.60641	4076	-1	False
MV-4122_S12__NODE_1181_length_11914_cov_43.765916||full	MV-4122_S12__NODE_467_length_27200_cov_22.006705||full	82.13018	7.0841	845	-1	False
MV-4122_S12__NODE_1539_length_9111_cov_29.734982||full	MV-4125_S18__NODE_1368_length_8387_cov_15.933749||full	100.0	99.09384	8311	-1	True
MV-4122_S12__NODE_1539_length_9111_cov_29.734982||full	MV-4122_S12__NODE_824_length_16631_cov_10.014720||full	66.34921	3.41346	315	-1	False
MV-4122_S12__NODE_1647_length_8539_cov_5.120344||full	MV-4128_S29__NODE_550_length_11069_cov_18.815689||full	72.76786	2.62326	224	1	False
MV-4122_S12__NODE_1647_length_8539_cov_5.120344||full	MV-4128_S29__NODE_12_length_141680_cov_673.733402||0_partial	75.94937	1.8152	158	-1	False
MV-4122_S12__NODE_1647_length_8539_cov_5.120344||full	MV-4125_S18__NODE_192_length_36032_cov_194.343914||full	75.94937	1.8152	158	1	False
MV-4122_S12__NODE_1813_length_7570_cov_8.540519||full	MV-4128_S29__NODE_776_length_8224_cov_17.021912||full	99.94716	100.0	7570	1	True
MV-4122_S12__NODE_1813_length_7570_cov_8.540519||full	MV-4128_S29__NODE_1156_length_5590_cov_12.965131||full	74.85714	3.09481	175	1	False
MV-4122_S12__NODE_1830_length_7457_cov_19.703864||full	MV-4125_S18__NODE_1159_length_9638_cov_12.392257||full	83.93032	54.60641	4076	1	False
MV-4122_S12__NODE_1830_length_7457_cov_19.703864||full	MV-4122_S12__NODE_1181_length_11914_cov_43.765916||full	83.93032	54.60641	4076	-1	False
MV-4122_S12__NODE_1830_length_7457_cov_19.703864||full	MV-4122_S12__NODE_467_length_27200_cov_22.006705||full	94.48441	11.18412	834	1	False
MV-4122_S12__NODE_1928_length_7001_cov_18.047941||full	MV-4122_S12__NODE_277_length_40752_cov_24.280438||full	85.80051	89.38723	6296	-1	False
MV-4122_S12__NODE_2075_length_6393_cov_48.959766||full	MV-4125_S18__NODE_1964_length_6325_cov_10.363955||full	99.98419	100.0	6325	1	True
MV-4122_S12__NODE_2114_length_6246_cov_8.643999||full	MV-4128_S29__NODE_1257_length_5135_cov_19.258661||full	66.96935	34.00195	1762	1	False
MV-4122_S12__NODE_2132_length_6183_cov_4.819191||full	MV-4128_S29__NODE_1226_length_5275_cov_4.972797||full	76.57658	2.10427	111	-1	False
MV-4122_S12__NODE_2132_length_6183_cov_4.819191||full	MV-4128_S29__NODE_1156_length_5590_cov_12.965131||full	78.94737	1.66369	95	-1	False
MV-4122_S12__NODE_2132_length_6183_cov_4.819191||full	MV-4122_S12__NODE_264_length_42130_cov_34.003636||full	84.50704	1.14831	71	-1	False
MV-4122_S12__NODE_2132_length_6183_cov_4.819191||full	MV-4128_S29__NODE_12_length_141680_cov_673.733402||0_partial	66.38418	5.54747	354	1	False
MV-4122_S12__NODE_2132_length_6183_cov_4.819191||full	MV-4125_S18__NODE_192_length_36032_cov_194.343914||full	66.38418	5.54747	354	-1	False
MV-4122_S12__NODE_2132_length_6183_cov_4.819191||full	MV-4128_S29__NODE_1033_length_6209_cov_404.209945||full	74.54545	1.77907	110	-1	False
MV-4122_S12__NODE_2132_length_6183_cov_4.819191||full	MV-4125_S18__NODE_2330_length_5494_cov_132.858614||full	74.54545	2.00218	110	-1	False
MV-4122_S12__NODE_2167_length_6092_cov_42.774557||full	MV-4125_S18__NODE_1571_length_7573_cov_10.957702||full	100.0	100.0	6092	-1	True
MV-4122_S12__NODE_2167_length_6092_cov_42.774557||full	MV-4125_S18__NODE_1159_length_9638_cov_12.392257||full	88.07339	1.78923	109	1	False
MV-4122_S12__NODE_2167_length_6092_cov_42.774557||full	MV-4128_S29__NODE_810_length_7879_cov_14.016488||full	81.05263	1.54301	95	1	False
MV-4122_S12__NODE_2202_length_5967_cov_10.133627||full	MV-4122_S12__NODE_277_length_40752_cov_24.280438||full	78.81844	46.40523	2776	-1	False
MV-4122_S12__NODE_2256_length_5800_cov_7.992341||full	MV-4122_S12__NODE_277_length_40752_cov_24.280438||full	78.07638	12.13793	707	-1	False
MV-4122_S12__NODE_2294_length_5702_cov_10.309014||full	MV-4122_S12__NODE_986_length_14134_cov_12.305419||full	79.53417	91.17853	5238	-1	False
MV-4122_S12__NODE_2317_length_5652_cov_7.599250||full	MV-4128_S29__NODE_1033_length_6209_cov_404.209945||full	72.95082	2.15853	122	-1	False
MV-4122_S12__NODE_2317_length_5652_cov_7.599250||full	MV-4125_S18__NODE_2330_length_5494_cov_132.858614||full	72.95082	2.2206	122	-1	False
MV-4122_S12__NODE_2392_length_5415_cov_20.102799||full	MV-4125_S18__NODE_1571_length_7573_cov_10.957702||full	90.08621	4.22899	232	1	False
MV-4122_S12__NODE_2396_length_5403_cov_5.230180||full	MV-4125_S18__NODE_560_length_17688_cov_16.352464||full	63.70694	73.77383	4122	-1	False
MV-4122_S12__NODE_2396_length_5403_cov_5.230180||full	MV-4122_S12__NODE_829_length_16471_cov_34.382493||full	63.70694	73.77383	4122	-1	False
MV-4122_S12__NODE_2476_length_5235_cov_5.253668||full	MV-4125_S18__NODE_2208_length_5722_cov_6.725428||full	70.55016	5.84527	309	-1	False
MV-4122_S12__NODE_2476_length_5235_cov_5.253668||full	MV-4128_S29__NODE_168_length_25826_cov_27.249311||full_1	73.46939	2.80802	147	-1	False
MV-4122_S12__NODE_2476_length_5235_cov_5.253668||full	MV-4125_S18__NODE_573_length_17263_cov_8.254998||full_1	67.89668	5.10029	271	-1	False
MV-4122_S12__NODE_2485_length_5204_cov_11.535444||full	MV-4122_S12__NODE_854_length_16097_cov_13.038025||full_1	78.7998	38.77786	2033	1	False
MV-4122_S12__NODE_2485_length_5204_cov_11.535444||full	MV-4125_S18__NODE_573_length_17263_cov_8.254998||full_1	76.74289	34.35819	1793	1	False
MV-4122_S12__NODE_2485_length_5204_cov_11.535444||full	MV-4125_S18__NODE_320_length_26064_cov_24.608905||full	77.85507	32.97463	1725	1	False
MV-4122_S12__NODE_2485_length_5204_cov_11.535444||full	MV-4125_S18__NODE_842_length_12646_cov_16.005004||full	67.62246	16.04535	837	-1	False
MV-4122_S12__NODE_2485_length_5204_cov_11.535444||full	MV-4125_S18__NODE_922_length_11680_cov_21.891097||full_1	71.17117	10.3382	555	-1	False
MV-4122_S12__NODE_2485_length_5204_cov_11.535444||full	MV-4125_S18__NODE_2208_length_5722_cov_6.725428||full	68.14721	14.91161	788	1	False
MV-4122_S12__NODE_2485_length_5204_cov_11.535444||full	MV-4128_S29__NODE_219_length_22136_cov_837.337666||full_1	70.88123	9.95388	522	-1	False
MV-4122_S12__NODE_2485_length_5204_cov_11.535444||full	MV-4125_S18__NODE_418_length_22031_cov_283.621451||full_1	70.88123	9.95388	522	-1	False
MV-4122_S12__NODE_2530_length_5093_cov_7.689559||full	MV-4128_S29__NODE_1257_length_5135_cov_19.258661||full	65.48913	7.1667	368	-1	False
MV-4125_S18__NODE_44_length_72013_cov_269.769240||0_partial_1	MV-4128_S29__NODE_1_length_685560_cov_728.732645||0_partial_1	100.0	100.0	23934	-1	True
MV-4125_S18__NODE_44_length_72013_cov_269.769240||0_partial_1	MV-4125_S18__NODE_792_length_13205_cov_217.630570||full	100.0	0.40136	53	-1	False
MV-4125_S18__NODE_44_length_72013_cov_269.769240||0_partial_1	MV-4128_S29__NODE_1033_length_6209_cov_404.209945||full	100.0	1.38509	86	-1	False
MV-4125_S18__NODE_44_length_72013_cov_269.769240||0_partial_1	MV-4125_S18__NODE_2330_length_5494_cov_132.858614||full	100.0	1.56534	86	-1	False
MV-4125_S18__NODE_179_length_37735_cov_19.758519||0_partial	MV-4122_S12__NODE_1007_length_13868_cov_8.435170||full	73.73573	4.37698	613	1	False
MV-4125_S18__NODE_31_length_85557_cov_63.526303||full_1	MV-4125_S18__NODE_378_length_23580_cov_22.248247||full	68.8806	11.25954	2680	-1	False
MV-4125_S18__NODE_31_length_85557_cov_63.526303||full_1	MV-4125_S18__NODE_979_length_11202_cov_17.887862||full	75.4386	1.01768	114	-1	False
MV-4125_S18__NODE_192_length_36032_cov_194.343914||full	MV-4128_S29__NODE_12_length_141680_cov_673.733402||0_partial	100.0	96.40994	21618	-1	True
MV-4125_S18__NODE_192_length_36032_cov_194.343914||full	MV-4128_S29__NODE_409_length_14342_cov_497.228109||full	100.0	100.0	14342	-1	True
MV-4125_S18__NODE_192_length_36032_cov_194.343914||full	MV-4125_S18__NODE_523_length_18801_cov_19.978342||full	78.64731	69.241	13085	-1	False
MV-4125_S18__NODE_192_length_36032_cov_194.343914||full	MV-4128_S29__NODE_470_length_12571_cov_13.628875||full	75.19962	50.26649	6387	-1	False
MV-4125_S18__NODE_192_length_36032_cov_194.343914||full	MV-4122_S12__NODE_277_length_40752_cov_24.280438||full	65.9867	6.11123	2255	-1	False
MV-4125_S18__NODE_192_length_36032_cov_194.343914||full	MV-4125_S18__NODE_264_length_29536_cov_160.334656||full	97.36842	0.77194	228	1	False
MV-4125_S18__NODE_192_length_36032_cov_194.343914||full	MV-4128_S29__NODE_77_length_39259_cov_504.042343||full	99.03846	0.28863	104	1	False
MV-4125_S18__NODE_192_length_36032_cov_194.343914||full	MV-4128_S29__NODE_550_length_11069_cov_18.815689||full	77.09924	1.18349	131	1	False
MV-4125_S18__NODE_192_length_36032_cov_194.343914||full	MV-4122_S12__NODE_1647_length_8539_cov_5.120344||full	75.94937	1.8152	158	1	False
MV-4125_S18__NODE_192_length_36032_cov_194.343914||full	MV-4122_S12__NODE_2132_length_6183_cov_4.819191||full	66.38418	5.54747	354	-1	False
MV-4125_S18__NODE_192_length_36032_cov_194.343914||full	MV-4125_S18__NODE_560_length_17688_cov_16.352464||full	72.72727	0.8028	143	1	False
MV-4125_S18__NODE_192_length_36032_cov_194.343914||full	MV-4122_S12__NODE_829_length_16471_cov_34.382493||full	72.72727	0.86212	143	1	False
MV-4125_S18__NODE_195_length_35915_cov_21.249247||full	MV-4122_S12__NODE_1_length_347332_cov_162.618440||0_partial_1	100.0	88.39482	31747	1	True
MV-4125_S18__NODE_195_length_35915_cov_21.249247||full	MV-4128_S29__NODE_95_length_35150_cov_35.603134||full	100.0	77.47368	27232	1	False
MV-4125_S18__NODE_195_length_35915_cov_21.249247||full	MV-4122_S12__NODE_860_length_15987_cov_9.805423||full	68.68305	9.6641	1587	1	False
MV-4125_S18__NODE_195_length_35915_cov_21.249247||full	MV-4122_S12__NODE_79_length_88798_cov_36.475621||0_partial_1	68.07229	2.6869	996	1	False
MV-4125_S18__NODE_195_length_35915_cov_21.249247||full	MV-4122_S12__NODE_1007_length_13868_cov_8.435170||full	68.40491	2.1921	326	-1	False
MV-4125_S18__NODE_264_length_29536_cov_160.334656||full	MV-4128_S29__NODE_77_length_39259_cov_504.042343||full	99.9932	99.58017	29412	1	True
MV-4125_S18__NODE_264_length_29536_cov_160.334656||full	MV-4125_S18__NODE_192_length_36032_cov_194.343914||full	97.36842	0.77194	228	1	False
MV-4125_S18__NODE_264_length_29536_cov_160.334656||full	MV-4128_S29__NODE_409_length_14342_cov_497.228109||full	97.11538	0.72514	104	-1	False
MV-4125_S18__NODE_320_length_26064_cov_24.608905||full	MV-4122_S12__NODE_854_length_16097_cov_13.038025||full_1	74.35897	40.92141	5967	1	False
MV-4125_S18__NODE_320_length_26064_cov_24.608905||full	MV-4125_S18__NODE_573_length_17263_cov_8.254998||full_1	75.39	33.12239	3141	1	False
MV-4125_S18__NODE_320_length_26064_cov_24.608905||full	MV-4122_S12__NODE_2485_length_5204_cov_11.535444||full	77.85507	32.97463	1725	1	False
MV-4125_S18__NODE_320_length_26064_cov_24.608905||full	MV-4125_S18__NODE_2208_length_5722_cov_6.725428||full	70.13233	18.12303	1058	1	False
MV-4125_S18__NODE_320_length_26064_cov_24.608905||full	MV-4125_S18__NODE_842_length_12646_cov_16.005004||full	67.0725	13.92535	1807	-1	False
MV-4125_S18__NODE_320_length_26064_cov_24.608905||full	MV-4125_S18__NODE_922_length_11680_cov_21.891097||full_1	69.74922	9.04809	638	-1	False
MV-4125_S18__NODE_320_length_26064_cov_24.608905||full	MV-4128_S29__NODE_219_length_22136_cov_837.337666||full_1	67.77658	6.01974	931	-1	False
MV-4125_S18__NODE_320_length_26064_cov_24.608905||full	MV-4125_S18__NODE_418_length_22031_cov_283.621451||full_1	67.77658	6.0408	931	-1	False
MV-4125_S18__NODE_320_length_26064_cov_24.608905||full	MV-4125_S18__NODE_1697_length_7142_cov_25.355722||full	65.57093	8.05097	578	1	False
MV-4125_S18__NODE_378_length_23580_cov_22.248247||full	MV-4125_S18__NODE_31_length_85557_cov_63.526303||full_1	68.8806	11.25954	2680	-1	False
MV-4125_S18__NODE_418_length_22031_cov_283.621451||full_1	MV-4128_S29__NODE_219_length_22136_cov_837.337666||full_1	100.0	100.0	15147	1	True
MV-4125_S18__NODE_418_length_22031_cov_283.621451||full_1	MV-4125_S18__NODE_922_length_11680_cov_21.891097||full_1	71.18093	13.05837	923	1	False
MV-4125_S18__NODE_418_length_22031_cov_283.621451||full_1	MV-4125_S18__NODE_2208_length_5722_cov_6.725428||full	68.97375	21.37365	1257	-1	False
MV-4125_S18__NODE_418_length_22031_cov_283.621451||full_1	MV-4125_S18__NODE_573_length_17263_cov_8.254998||full_1	66.94091	14.00837	1337	-1	False
MV-4125_S18__NODE_418_length_22031_cov_283.621451||full_1	MV-4125_S18__NODE_320_length_26064_cov_24.608905||full	67.77658	6.0408	931	-1	False
MV-4125_S18__NODE_418_length_22031_cov_283.621451||full_1	MV-4122_S12__NODE_2485_length_5204_cov_11.535444||full	70.88123	9.95388	522	-1	False
MV-4125_S18__NODE_418_length_22031_cov_283.621451||full_1	MV-4122_S12__NODE_854_length_16097_cov_13.038025||full_1	67.25756	13.00813	1918	-1	False
MV-4125_S18__NODE_418_length_22031_cov_283.621451||full_1	MV-4125_S18__NODE_842_length_12646_cov_16.005004||full	68.16901	8.22394	1065	1	False
MV-4125_S18__NODE_418_length_22031_cov_283.621451||full_1	MV-4128_S29__NODE_168_length_25826_cov_27.249311||full_1	66.84932	2.43147	365	-1	False
MV-4125_S18__NODE_418_length_22031_cov_283.621451||full_1	MV-4125_S18__NODE_1697_length_7142_cov_25.355722||full	66.26794	5.68468	418	-1	False
MV-4125_S18__NODE_523_length_18801_cov_19.978342||full	MV-4128_S29__NODE_470_length_12571_cov_13.628875||full	99.93	90.90764	11428	1	True
MV-4125_S18__NODE_523_length_18801_cov_19.978342||full	MV-4128_S29__NODE_409_length_14342_cov_497.228109||full	81.32843	73.77632	10599	1	False
MV-4125_S18__NODE_523_length_18801_cov_19.978342||full	MV-4125_S18__NODE_192_length_36032_cov_194.343914||full	78.64731	69.241	13085	-1	False
MV-4125_S18__NODE_523_length_18801_cov_19.978342||full	MV-4128_S29__NODE_12_length_141680_cov_673.733402||0_partial	67.21641	12.90357	2486	1	False
MV-4125_S18__NODE_523_length_18801_cov_19.978342||full	MV-4122_S12__NODE_277_length_40752_cov_24.280438||full	65.90909	6.89857	1320	1	False
MV-4125_S18__NODE_560_length_17688_cov_16.352464||full	MV-4122_S12__NODE_829_length_16471_cov_34.382493||full	100.0	100.0	16471	1	True
MV-4125_S18__NODE_560_length_17688_cov_16.352464||full	MV-4122_S12__NODE_2396_length_5403_cov_5.230180||full	63.70694	73.77383	4122	-1	False
MV-4125_S18__NODE_560_length_17688_cov_16.352464||full	MV-4128_S29__NODE_1078_length_5969_cov_4.838688||full	65.42373	9.80064	590	-1	False
MV-4125_S18__NODE_560_length_17688_cov_16.352464||full	MV-4128_S29__NODE_12_length_141680_cov_673.733402||0_partial	72.72727	0.8028	143	-1	False
MV-4125_S18__NODE_560_length_17688_cov_16.352464||full	MV-4125_S18__NODE_192_length_36032_cov_194.343914||full	72.72727	0.8028	143	1	False
MV-4125_S18__NODE_560_length_17688_cov_16.352464||full	MV-4122_S12__NODE_277_length_40752_cov_24.280438||full	75.0	0.58797	104	-1	False
MV-4125_S18__NODE_573_length_17263_cov_8.254998||full_1	MV-4122_S12__NODE_854_length_16097_cov_13.038025||full_1	75.38388	87.86871	8336	1	False
MV-4125_S18__NODE_573_length_17263_cov_8.254998||full_1	MV-4125_S18__NODE_320_length_26064_cov_24.608905||full	75.39	33.12239	3141	1	False
MV-4125_S18__NODE_573_length_17263_cov_8.254998||full_1	MV-4122_S12__NODE_2485_length_5204_cov_11.535444||full	76.74289	34.35819	1793	1	False
MV-4125_S18__NODE_573_length_17263_cov_8.254998||full_1	MV-4125_S18__NODE_2208_length_5722_cov_6.725428||full	71.49692	25.20098	1463	1	False
MV-4125_S18__NODE_573_length_17263_cov_8.254998||full_1	MV-4125_S18__NODE_922_length_11680_cov_21.891097||full_1	70.92751	18.15328	1283	-1	False
MV-4125_S18__NODE_573_length_17263_cov_8.254998||full_1	MV-4128_S29__NODE_168_length_25826_cov_27.249311||full_1	67.60057	14.5125	1392	1	False
MV-4125_S18__NODE_573_length_17263_cov_8.254998||full_1	MV-4125_S18__NODE_842_length_12646_cov_16.005004||full	67.88677	21.63467	2049	-1	False
MV-4125_S18__NODE_573_length_17263_cov_8.254998||full_1	MV-4128_S29__NODE_219_length_22136_cov_837.337666||full_1	66.94091	14.00837	1337	-1	False
MV-4125_S18__NODE_573_length_17263_cov_8.254998||full_1	MV-4125_S18__NODE_1697_length_7142_cov_25.355722||full	68.34264	7.35088	537	1	False
MV-4125_S18__NODE_573_length_17263_cov_8.254998||full_1	MV-4125_S18__NODE_418_length_22031_cov_283.621451||full_1	66.94091	14.00837	1337	-1	False
MV-4125_S18__NODE_636_length_15578_cov_10.995942||full	MV-4125_S18__NODE_1628_length_7352_cov_10.227491||full	98.33333	0.8161	60	-1	False
MV-4125_S18__NODE_786_length_13336_cov_20.694225||full_1	MV-4128_S29__NODE_95_length_35150_cov_35.603134||full	100.0	100.0	7783	1	True
MV-4125_S18__NODE_786_length_13336_cov_20.694225||full_1	MV-4122_S12__NODE_1_length_347332_cov_162.618440||0_partial_1	100.0	100.0	7783	1	True
MV-4125_S18__NODE_792_length_13205_cov_217.630570||full	MV-4128_S29__NODE_1_length_685560_cov_728.732645||0_partial_1	100.0	95.88035	12661	1	True
MV-4125_S18__NODE_792_length_13205_cov_217.630570||full	MV-4125_S18__NODE_44_length_72013_cov_269.769240||0_partial_1	100.0	0.40136	53	-1	False
MV-4125_S18__NODE_842_length_12646_cov_16.005004||full	MV-4125_S18__NODE_922_length_11680_cov_21.891097||full_1	70.58446	21.93521	1557	1	False
MV-4125_S18__NODE_842_length_12646_cov_16.005004||full	MV-4125_S18__NODE_2208_length_5722_cov_6.725428||full	69.51087	31.56239	1840	-1	False
MV-4125_S18__NODE_842_length_12646_cov_16.005004||full	MV-4122_S12__NODE_854_length_16097_cov_13.038025||full_1	67.03159	24.58485	3197	-1	False
MV-4125_S18__NODE_842_length_12646_cov_16.005004||full	MV-4125_S18__NODE_320_length_26064_cov_24.608905||full	67.0725	13.92535	1807	-1	False
MV-4125_S18__NODE_842_length_12646_cov_16.005004||full	MV-4122_S12__NODE_2485_length_5204_cov_11.535444||full	67.62246	16.04535	837	-1	False
MV-4125_S18__NODE_842_length_12646_cov_16.005004||full	MV-4125_S18__NODE_573_length_17263_cov_8.254998||full_1	67.88677	21.63467	2049	-1	False
MV-4125_S18__NODE_842_length_12646_cov_16.005004||full	MV-4128_S29__NODE_168_length_25826_cov_27.249311||full_1	68.63544	11.39491	1473	-1	False
MV-4125_S18__NODE_842_length_12646_cov_16.005004||full	MV-4125_S18__NODE_1697_length_7142_cov_25.355722||full	67.07493	38.2946	2776	-1	False
MV-4125_S18__NODE_842_length_12646_cov_16.005004||full	MV-4128_S29__NODE_219_length_22136_cov_837.337666||full_1	68.16901	8.22394	1065	1	False
MV-4125_S18__NODE_842_length_12646_cov_16.005004||full	MV-4125_S18__NODE_418_length_22031_cov_283.621451||full_1	68.16901	8.22394	1065	1	False
MV-4125_S18__NODE_848_length_12556_cov_10.932405||full	MV-4128_S29__NODE_550_length_11069_cov_18.815689||full	70.44229	8.21212	927	1	False
MV-4125_S18__NODE_922_length_11680_cov_21.891097||full_1	MV-4128_S29__NODE_168_length_25826_cov_27.249311||full_1	67.64866	25.53161	1833	-1	False
MV-4125_S18__NODE_922_length_11680_cov_21.891097||full_1	MV-4125_S18__NODE_2208_length_5722_cov_6.725428||full	71.34449	55.60993	3228	-1	False
MV-4125_S18__NODE_922_length_11680_cov_21.891097||full_1	MV-4125_S18__NODE_842_length_12646_cov_16.005004||full	70.58446	21.93521	1557	1	False
MV-4125_S18__NODE_922_length_11680_cov_21.891097||full_1	MV-4122_S12__NODE_854_length_16097_cov_13.038025||full_1	68.97732	32.90995	2337	-1	False
MV-4125_S18__NODE_922_length_11680_cov_21.891097||full_1	MV-4125_S18__NODE_573_length_17263_cov_8.254998||full_1	70.92751	18.15328	1283	-1	False
MV-4125_S18__NODE_922_length_11680_cov_21.891097||full_1	MV-4125_S18__NODE_320_length_26064_cov_24.608905||full	69.74922	9.04809	638	-1	False
MV-4125_S18__NODE_922_length_11680_cov_21.891097||full_1	MV-4122_S12__NODE_2485_length_5204_cov_11.535444||full	71.17117	10.3382	555	-1	False
MV-4125_S18__NODE_922_length_11680_cov_21.891097||full_1	MV-4128_S29__NODE_219_length_22136_cov_837.337666||full_1	71.75989	10.3468	733	1	False
MV-4125_S18__NODE_922_length_11680_cov_21.891097||full_1	MV-4125_S18__NODE_418_length_22031_cov_283.621451||full_1	71.75989	10.3468	733	1	False
MV-4125_S18__NODE_948_length_11464_cov_8.061180||full	MV-4122_S12__NODE_467_length_27200_cov_22.006705||full	66.84063	21.23168	2491	1	False
MV-4125_S18__NODE_979_length_11202_cov_17.887862||full	MV-4125_S18__NODE_31_length_85557_cov_63.526303||full_1	75.4386	1.01768	114	-1	False
MV-4125_S18__NODE_1159_length_9638_cov_12.392257||full	MV-4122_S12__NODE_1181_length_11914_cov_43.765916||full	100.0	68.00166	6554	-1	False
MV-4125_S18__NODE_1159_length_9638_cov_12.392257||full	MV-4122_S12__NODE_1830_length_7457_cov_19.703864||full	83.93032	54.60641	4076	1	False
MV-4125_S18__NODE_1159_length_9638_cov_12.392257||full	MV-4122_S12__NODE_467_length_27200_cov_22.006705||full	82.13018	8.757	845	1	False
MV-4125_S18__NODE_1159_length_9638_cov_12.392257||full	MV-4125_S18__NODE_1571_length_7573_cov_10.957702||full	88.07339	1.43932	109	-1	False
MV-4125_S18__NODE_1159_length_9638_cov_12.392257||full	MV-4122_S12__NODE_2167_length_6092_cov_42.774557||full	88.07339	1.78923	109	1	False
MV-4125_S18__NODE_1200_length_9348_cov_6.731949||full	MV-4122_S12__NODE_264_length_42130_cov_34.003636||full	67.85226	7.78776	731	1	False
MV-4125_S18__NODE_1277_length_8858_cov_9.778371||full	MV-4122_S12__NODE_887_length_15483_cov_77.281436||full	99.96613	100.0	8858	1	True
MV-4125_S18__NODE_1277_length_8858_cov_9.778371||full	MV-4122_S12__NODE_26_length_151132_cov_95.491233||0_partial_1	69.24342	27.28607	2432	-1	False
MV-4125_S18__NODE_1368_length_8387_cov_15.933749||full	MV-4122_S12__NODE_1539_length_9111_cov_29.734982||full	100.0	99.09384	8311	-1	True
MV-4125_S18__NODE_1368_length_8387_cov_15.933749||full	MV-4122_S12__NODE_824_length_16631_cov_10.014720||full	66.34921	3.70812	315	1	False
MV-4125_S18__NODE_1571_length_7573_cov_10.957702||full	MV-4122_S12__NODE_2167_length_6092_cov_42.774557||full	100.0	100.0	6092	-1	True
MV-4125_S18__NODE_1571_length_7573_cov_10.957702||full	MV-4122_S12__NODE_2392_length_5415_cov_20.102799||full	90.08621	4.22899	232	1	False
MV-4125_S18__NODE_1571_length_7573_cov_10.957702||full	MV-4125_S18__NODE_1159_length_9638_cov_12.392257||full	88.07339	1.43932	109	-1	False
MV-4125_S18__NODE_1571_length_7573_cov_10.957702||full	MV-4128_S29__NODE_810_length_7879_cov_14.016488||full	81.05263	1.24125	95	-1	False
MV-4125_S18__NODE_1573_length_7565_cov_4.803728||full	MV-4128_S29__NODE_209_length_22758_cov_20.083822||full	99.97356	100.0	7565	-1	True
MV-4125_S18__NODE_1595_length_7461_cov_9.573994||full	MV-4122_S12__NODE_264_length_42130_cov_34.003636||full	100.0	100.0	7461	1	True
MV-4125_S18__NODE_1595_length_7461_cov_9.573994||full	MV-4122_S12__NODE_832_length_16437_cov_29.122207||full	68.82217	5.7499	433	1	False
MV-4125_S18__NODE_1628_length_7352_cov_10.227491||full	MV-4125_S18__NODE_636_length_15578_cov_10.995942||full	98.33333	0.8161	60	-1	False
MV-4125_S18__NODE_1697_length_7142_cov_25.355722||full	MV-4128_S29__NODE_168_length_25826_cov_27.249311||full_1	66.89008	51.14814	3730	1	False
MV-4125_S18__NODE_1697_length_7142_cov_25.355722||full	MV-4122_S12__NODE_854_length_16097_cov_13.038025||full_1	66.26181	30.34164	2223	1	False
MV-4125_S18__NODE_1697_length_7142_cov_25.355722||full	MV-4125_S18__NODE_573_length_17263_cov_8.254998||full_1	68.34264	7.35088	537	1	False
MV-4125_S18__NODE_1697_length_7142_cov_25.355722||full	MV-4125_S18__NODE_842_length_12646_cov_16.005004||full	67.06565	38.04257	2757	-1	False
MV-4125_S18__NODE_1697_length_7142_cov_25.355722||full	MV-4125_S18__NODE_320_length_26064_cov_24.608905||full	65.57093	8.05097	578	1	False
MV-4125_S18__NODE_1697_length_7142_cov_25.355722||full	MV-4128_S29__NODE_219_length_22136_cov_837.337666||full_1	66.26794	5.68468	418	-1	False
MV-4125_S18__NODE_1697_length_7142_cov_25.355722||full	MV-4125_S18__NODE_418_length_22031_cov_283.621451||full_1	66.26794	5.68468	418	-1	False
MV-4125_S18__NODE_1800_length_6812_cov_7.428149||full	MV-4122_S12__NODE_832_length_16437_cov_29.122207||full	100.0	100.0	6812	-1	True
MV-4125_S18__NODE_1800_length_6812_cov_7.428149||full	MV-4122_S12__NODE_264_length_42130_cov_34.003636||full	79.7219	12.66882	863	-1	False
MV-4125_S18__NODE_1804_length_6787_cov_6.980392||full	MV-4122_S12__NODE_400_length_30910_cov_29.638243||full_1	99.98526	99.92633	6782	1	True
MV-4125_S18__NODE_1964_length_6325_cov_10.363955||full	MV-4122_S12__NODE_2075_length_6393_cov_48.959766||full	99.98419	100.0	6325	1	True
MV-4125_S18__NODE_1976_length_6297_cov_6.384652||full	MV-4122_S12__NODE_400_length_30910_cov_29.638243||full_1	99.93648	100.0	6297	-1	True
MV-4125_S18__NODE_2208_length_5722_cov_6.725428||full	MV-4128_S29__NODE_168_length_25826_cov_27.249311||full_1	74.28571	28.01468	1645	1	False
MV-4125_S18__NODE_2208_length_5722_cov_6.725428||full	MV-4125_S18__NODE_922_length_11680_cov_21.891097||full_1	71.34449	55.60993	3228	-1	False
MV-4125_S18__NODE_2208_length_5722_cov_6.725428||full	MV-4125_S18__NODE_573_length_17263_cov_8.254998||full_1	71.49692	25.20098	1463	1	False
MV-4125_S18__NODE_2208_length_5722_cov_6.725428||full	MV-4122_S12__NODE_854_length_16097_cov_13.038025||full_1	69.09582	38.34324	2223	1	False
MV-4125_S18__NODE_2208_length_5722_cov_6.725428||full	MV-4125_S18__NODE_842_length_12646_cov_16.005004||full	69.51087	31.56239	1840	-1	False
MV-4125_S18__NODE_2208_length_5722_cov_6.725428||full	MV-4125_S18__NODE_320_length_26064_cov_24.608905||full	70.13233	18.12303	1058	1	False
MV-4125_S18__NODE_2208_length_5722_cov_6.725428||full	MV-4122_S12__NODE_2485_length_5204_cov_11.535444||full	68.14721	14.91161	788	1	False
MV-4125_S18__NODE_2208_length_5722_cov_6.725428||full	MV-4128_S29__NODE_219_length_22136_cov_837.337666||full_1	68.97375	21.37365	1257	-1	False
MV-4125_S18__NODE_2208_length_5722_cov_6.725428||full	MV-4125_S18__NODE_418_length_22031_cov_283.621451||full_1	68.97375	21.37365	1257	-1	False
MV-4125_S18__NODE_2208_length_5722_cov_6.725428||full	MV-4122_S12__NODE_2476_length_5235_cov_5.253668||full	70.55016	5.84527	309	-1	False
MV-4125_S18__NODE_2330_length_5494_cov_132.858614||full	MV-4128_S29__NODE_1033_length_6209_cov_404.209945||full	100.0	100.0	5494	1	True
MV-4125_S18__NODE_2330_length_5494_cov_132.858614||full	MV-4128_S29__NODE_77_length_39259_cov_504.042343||full	98.11321	0.96469	53	-1	False
MV-4125_S18__NODE_2330_length_5494_cov_132.858614||full	MV-4128_S29__NODE_1_length_685560_cov_728.732645||0_partial_1	100.0	1.56534	86	1	False
MV-4125_S18__NODE_2330_length_5494_cov_132.858614||full	MV-4125_S18__NODE_44_length_72013_cov_269.769240||0_partial_1	100.0	1.56534	86	-1	False
MV-4125_S18__NODE_2330_length_5494_cov_132.858614||full	MV-4128_S29__NODE_1226_length_5275_cov_4.972797||full	76.76768	1.87678	99	1	False
MV-4125_S18__NODE_2330_length_5494_cov_132.858614||full	MV-4128_S29__NODE_1156_length_5590_cov_12.965131||full	81.57895	1.38333	76	1	False
MV-4125_S18__NODE_2330_length_5494_cov_132.858614||full	MV-4122_S12__NODE_2132_length_6183_cov_4.819191||full	74.54545	2.00218	110	-1	False
MV-4125_S18__NODE_2330_length_5494_cov_132.858614||full	MV-4122_S12__NODE_2317_length_5652_cov_7.599250||full	72.95082	2.2206	122	-1	False
MV-4128_S29__NODE_1_length_685560_cov_728.732645||0_partial_1	MV-4125_S18__NODE_44_length_72013_cov_269.769240||0_partial_1	100.0	100.0	23934	-1	True
MV-4128_S29__NODE_1_length_685560_cov_728.732645||0_partial_1	MV-4125_S18__NODE_792_length_13205_cov_217.630570||full	100.0	95.88035	12661	1	True
MV-4128_S29__NODE_1_length_685560_cov_728.732645||0_partial_1	MV-4128_S29__NODE_1033_length_6209_cov_404.209945||full	100.0	1.38509	86	1	False
MV-4128_S29__NODE_1_length_685560_cov_728.732645||0_partial_1	MV-4125_S18__NODE_2330_length_5494_cov_132.858614||full	100.0	1.56534	86	1	False
MV-4128_S29__NODE_12_length_141680_cov_673.733402||0_partial	MV-4125_S18__NODE_192_length_36032_cov_194.343914||full	100.0	96.40994	21618	-1	True
MV-4128_S29__NODE_12_length_141680_cov_673.733402||0_partial	MV-4125_S18__NODE_523_length_18801_cov_19.978342||full	67.21641	12.90357	2486	1	False
MV-4128_S29__NODE_12_length_141680_cov_673.733402||0_partial	MV-4128_S29__NODE_470_length_12571_cov_13.628875||full	68.65194	24.33378	3123	1	False
MV-4128_S29__NODE_12_length_141680_cov_673.733402||0_partial	MV-4122_S12__NODE_277_length_40752_cov_24.280438||full	65.9867	9.82027	2255	1	False
MV-4128_S29__NODE_12_length_141680_cov_673.733402||0_partial	MV-4128_S29__NODE_409_length_14342_cov_497.228109||full	93.63057	1.09469	157	1	False
MV-4128_S29__NODE_12_length_141680_cov_673.733402||0_partial	MV-4128_S29__NODE_550_length_11069_cov_18.815689||full	77.09924	1.18349	131	-1	False
MV-4128_S29__NODE_12_length_141680_cov_673.733402||0_partial	MV-4122_S12__NODE_1647_length_8539_cov_5.120344||full	75.94937	1.8152	158	-1	False
MV-4128_S29__NODE_12_length_141680_cov_673.733402||0_partial	MV-4122_S12__NODE_2132_length_6183_cov_4.819191||full	66.38418	5.54747	354	1	False
MV-4128_S29__NODE_12_length_141680_cov_673.733402||0_partial	MV-4125_S18__NODE_560_length_17688_cov_16.352464||full	72.72727	0.8028	143	-1	False
MV-4128_S29__NODE_12_length_141680_cov_673.733402||0_partial	MV-4122_S12__NODE_829_length_16471_cov_34.382493||full	72.72727	0.86212	143	-1	False
MV-4128_S29__NODE_77_length_39259_cov_504.042343||full	MV-4125_S18__NODE_264_length_29536_cov_160.334656||full	99.9932	99.58017	29412	1	True
MV-4128_S29__NODE_77_length_39259_cov_504.042343||full	MV-4128_S29__NODE_409_length_14342_cov_497.228109||full	99.03846	0.72514	104	-1	False
MV-4128_S29__NODE_77_length_39259_cov_504.042343||full	MV-4125_S18__NODE_192_length_36032_cov_194.343914||full	99.03846	0.28863	104	1	False
MV-4128_S29__NODE_77_length_39259_cov_504.042343||full	MV-4128_S29__NODE_1033_length_6209_cov_404.209945||full	98.4127	1.01466	63	-1	False
MV-4128_S29__NODE_77_length_39259_cov_504.042343||full	MV-4125_S18__NODE_2330_length_5494_cov_132.858614||full	98.11321	0.96469	53	-1	False
MV-4128_S29__NODE_95_length_35150_cov_35.603134||full	MV-4122_S12__NODE_1_length_347332_cov_162.618440||0_partial_1	100.0	99.61309	35014	1	True
MV-4128_S29__NODE_95_length_35150_cov_35.603134||full	MV-4125_S18__NODE_195_length_35915_cov_21.249247||full	100.0	77.47368	27232	1	False
MV-4128_S29__NODE_95_length_35150_cov_35.603134||full	MV-4125_S18__NODE_786_length_13336_cov_20.694225||full_1	100.0	100.0	7783	1	True
MV-4128_S29__NODE_95_length_35150_cov_35.603134||full	MV-4122_S12__NODE_860_length_15987_cov_9.805423||full	68.68305	9.6641	1587	1	False
MV-4128_S29__NODE_95_length_35150_cov_35.603134||full	MV-4122_S12__NODE_79_length_88798_cov_36.475621||0_partial_1	68.07229	2.74538	996	1	False
MV-4128_S29__NODE_95_length_35150_cov_35.603134||full	MV-4122_S12__NODE_1007_length_13868_cov_8.435170||full	68.40491	2.1921	326	-1	False
MV-4128_S29__NODE_168_length_25826_cov_27.249311||full_1	MV-4125_S18__NODE_2208_length_5722_cov_6.725428||full	74.28571	28.01468	1645	1	False
MV-4128_S29__NODE_168_length_25826_cov_27.249311||full_1	MV-4125_S18__NODE_922_length_11680_cov_21.891097||full_1	67.64866	25.53161	1833	-1	False
MV-4128_S29__NODE_168_length_25826_cov_27.249311||full_1	MV-4125_S18__NODE_1697_length_7142_cov_25.355722||full	66.89008	51.14814	3730	1	False
MV-4128_S29__NODE_168_length_25826_cov_27.249311||full_1	MV-4122_S12__NODE_854_length_16097_cov_13.038025||full_1	68.8027	16.10034	2372	1	False
MV-4128_S29__NODE_168_length_25826_cov_27.249311||full_1	MV-4125_S18__NODE_573_length_17263_cov_8.254998||full_1	67.60057	14.5125	1392	1	False
MV-4128_S29__NODE_168_length_25826_cov_27.249311||full_1	MV-4125_S18__NODE_842_length_12646_cov_16.005004||full	68.63544	11.39491	1473	-1	False
MV-4128_S29__NODE_168_length_25826_cov_27.249311||full_1	MV-4128_S29__NODE_219_length_22136_cov_837.337666||full_1	66.84932	2.43147	365	-1	False
MV-4128_S29__NODE_168_length_25826_cov_27.249311||full_1	MV-4125_S18__NODE_418_length_22031_cov_283.621451||full_1	66.84932	2.43147	365	-1	False
MV-4128_S29__NODE_168_length_25826_cov_27.249311||full_1	MV-4122_S12__NODE_2476_length_5235_cov_5.253668||full	73.46939	2.80802	147	-1	False
MV-4128_S29__NODE_209_length_22758_cov_20.083822||full	MV-4125_S18__NODE_1573_length_7565_cov_4.803728||full	99.97356	100.0	7565	-1	True
MV-4128_S29__NODE_219_length_22136_cov_837.337666||full_1	MV-4125_S18__NODE_418_length_22031_cov_283.621451||full_1	100.0	100.0	15147	1	True
MV-4128_S29__NODE_219_length_22136_cov_837.337666||full_1	MV-4125_S18__NODE_922_length_11680_cov_21.891097||full_1	71.18093	13.05837	923	1	False
MV-4128_S29__NODE_219_length_22136_cov_837.337666||full_1	MV-4125_S18__NODE_2208_length_5722_cov_6.725428||full	68.97375	21.37365	1257	-1	False
MV-4128_S29__NODE_219_length_22136_cov_837.337666||full_1	MV-4125_S18__NODE_573_length_17263_cov_8.254998||full_1	66.94091	14.00837	1337	-1	False
MV-4128_S29__NODE_219_length_22136_cov_837.337666||full_1	MV-4125_S18__NODE_320_length_26064_cov_24.608905||full	67.77658	6.01974	931	-1	False
MV-4128_S29__NODE_219_length_22136_cov_837.337666||full_1	MV-4122_S12__NODE_2485_length_5204_cov_11.535444||full	70.88123	9.95388	522	-1	False
MV-4128_S29__NODE_219_length_22136_cov_837.337666||full_1	MV-4122_S12__NODE_854_length_16097_cov_13.038025||full_1	67.25756	13.00813	1918	-1	False
MV-4128_S29__NODE_219_length_22136_cov_837.337666||full_1	MV-4125_S18__NODE_842_length_12646_cov_16.005004||full	68.16901	8.22394	1065	1	False
MV-4128_S29__NODE_219_length_22136_cov_837.337666||full_1	MV-4128_S29__NODE_168_length_25826_cov_27.249311||full_1	66.84932	2.43147	365	-1	False
MV-4128_S29__NODE_219_length_22136_cov_837.337666||full_1	MV-4125_S18__NODE_1697_length_7142_cov_25.355722||full	66.26794	5.68468	418	-1	False
MV-4128_S29__NODE_409_length_14342_cov_497.228109||full	MV-4125_S18__NODE_192_length_36032_cov_194.343914||full	100.0	100.0	14342	-1	True
MV-4128_S29__NODE_409_length_14342_cov_497.228109||full	MV-4125_S18__NODE_523_length_18801_cov_19.978342||full	81.32843	73.77632	10599	1	False
MV-4128_S29__NODE_409_length_14342_cov_497.228109||full	MV-4128_S29__NODE_470_length_12571_cov_13.628875||full	81.46446	25.9327	3264	1	False
MV-4128_S29__NODE_409_length_14342_cov_497.228109||full	MV-4128_S29__NODE_12_length_141680_cov_673.733402||0_partial	93.63057	1.09469	157	1	False
MV-4128_S29__NODE_409_length_14342_cov_497.228109||full	MV-4128_S29__NODE_77_length_39259_cov_504.042343||full	99.03846	0.72514	104	-1	False
MV-4128_S29__NODE_409_length_14342_cov_497.228109||full	MV-4125_S18__NODE_264_length_29536_cov_160.334656||full	97.11538	0.72514	104	-1	False
MV-4128_S29__NODE_470_length_12571_cov_13.628875||full	MV-4125_S18__NODE_523_length_18801_cov_19.978342||full	99.93	90.90764	11428	1	True
MV-4128_S29__NODE_470_length_12571_cov_13.628875||full	MV-4128_S29__NODE_409_length_14342_cov_497.228109||full	81.46446	25.9327	3264	1	False
MV-4128_S29__NODE_470_length_12571_cov_13.628875||full	MV-4125_S18__NODE_192_length_36032_cov_194.343914||full	75.19962	50.26649	6387	-1	False
MV-4128_S29__NODE_470_length_12571_cov_13.628875||full	MV-4128_S29__NODE_12_length_141680_cov_673.733402||0_partial	68.65194	24.33378	3123	1	False
MV-4128_S29__NODE_470_length_12571_cov_13.628875||full	MV-4122_S12__NODE_277_length_40752_cov_24.280438||full	65.83333	10.3174	1320	1	False
MV-4128_S29__NODE_550_length_11069_cov_18.815689||full	MV-4125_S18__NODE_848_length_12556_cov_10.932405||full	70.44229	8.21212	927	1	False
MV-4128_S29__NODE_550_length_11069_cov_18.815689||full	MV-4122_S12__NODE_1647_length_8539_cov_5.120344||full	72.76786	2.62326	224	1	False
MV-4128_S29__NODE_550_length_11069_cov_18.815689||full	MV-4128_S29__NODE_12_length_141680_cov_673.733402||0_partial	77.09924	1.18349	131	-1	False
MV-4128_S29__NODE_550_length_11069_cov_18.815689||full	MV-4125_S18__NODE_192_length_36032_cov_194.343914||full	77.09924	1.18349	131	1	False
MV-4128_S29__NODE_776_length_8224_cov_17.021912||full	MV-4122_S12__NODE_1813_length_7570_cov_8.540519||full	99.94716	100.0	7570	1	True
MV-4128_S29__NODE_776_length_8224_cov_17.021912||full	MV-4128_S29__NODE_1156_length_5590_cov_12.965131||full	74.85714	3.09481	175	1	False
MV-4128_S29__NODE_810_length_7879_cov_14.016488||full	MV-4125_S18__NODE_1571_length_7573_cov_10.957702||full	81.05263	1.24125	95	-1	False
MV-4128_S29__NODE_810_length_7879_cov_14.016488||full	MV-4122_S12__NODE_2167_length_6092_cov_42.774557||full	81.05263	1.54301	95	1	False
MV-4128_S29__NODE_1033_length_6209_cov_404.209945||full	MV-4125_S18__NODE_2330_length_5494_cov_132.858614||full	100.0	100.0	5494	1	True
MV-4128_S29__NODE_1033_length_6209_cov_404.209945||full	MV-4128_S29__NODE_77_length_39259_cov_504.042343||full	98.4127	1.01466	63	-1	False
MV-4128_S29__NODE_1033_length_6209_cov_404.209945||full	MV-4128_S29__NODE_1_length_685560_cov_728.732645||0_partial_1	100.0	1.38509	86	1	False
MV-4128_S29__NODE_1033_length_6209_cov_404.209945||full	MV-4125_S18__NODE_44_length_72013_cov_269.769240||0_partial_1	100.0	1.38509	86	-1	False
MV-4128_S29__NODE_1033_length_6209_cov_404.209945||full	MV-4128_S29__NODE_1226_length_5275_cov_4.972797||full	76.76768	1.87678	99	1	False
MV-4128_S29__NODE_1033_length_6209_cov_404.209945||full	MV-4128_S29__NODE_1156_length_5590_cov_12.965131||full	81.57895	1.35957	76	1	False
MV-4128_S29__NODE_1033_length_6209_cov_404.209945||full	MV-4122_S12__NODE_2132_length_6183_cov_4.819191||full	74.54545	1.77907	110	-1	False
MV-4128_S29__NODE_1033_length_6209_cov_404.209945||full	MV-4122_S12__NODE_2317_length_5652_cov_7.599250||full	72.95082	2.15853	122	-1	False
MV-4128_S29__NODE_1078_length_5969_cov_4.838688||full	MV-4125_S18__NODE_560_length_17688_cov_16.352464||full	65.42373	9.80064	590	-1	False
MV-4128_S29__NODE_1078_length_5969_cov_4.838688||full	MV-4122_S12__NODE_829_length_16471_cov_34.382493||full	65.42373	9.80064	590	-1	False
MV-4128_S29__NODE_1156_length_5590_cov_12.965131||full	MV-4128_S29__NODE_776_length_8224_cov_17.021912||full	74.85714	3.09481	175	1	False
MV-4128_S29__NODE_1156_length_5590_cov_12.965131||full	MV-4122_S12__NODE_1813_length_7570_cov_8.540519||full	74.85714	3.09481	175	1	False
MV-4128_S29__NODE_1156_length_5590_cov_12.965131||full	MV-4122_S12__NODE_2132_length_6183_cov_4.819191||full	78.94737	1.66369	95	-1	False
MV-4128_S29__NODE_1156_length_5590_cov_12.965131||full	MV-4128_S29__NODE_1033_length_6209_cov_404.209945||full	81.57895	1.35957	76	1	False
MV-4128_S29__NODE_1156_length_5590_cov_12.965131||full	MV-4125_S18__NODE_2330_length_5494_cov_132.858614||full	81.57895	1.38333	76	1	False
MV-4128_S29__NODE_1226_length_5275_cov_4.972797||full	MV-4122_S12__NODE_2132_length_6183_cov_4.819191||full	76.57658	2.10427	111	-1	False
MV-4128_S29__NODE_1226_length_5275_cov_4.972797||full	MV-4128_S29__NODE_1033_length_6209_cov_404.209945||full	76.76768	1.87678	99	1	False
MV-4128_S29__NODE_1226_length_5275_cov_4.972797||full	MV-4125_S18__NODE_2330_length_5494_cov_132.858614||full	76.76768	1.87678	99	1	False
MV-4128_S29__NODE_1257_length_5135_cov_19.258661||full	MV-4122_S12__NODE_2114_length_6246_cov_8.643999||full	66.96935	34.00195	1762	1	False
MV-4128_S29__NODE_1257_length_5135_cov_19.258661||full	MV-4122_S12__NODE_2530_length_5093_cov_7.689559||full	65.48913	7.1667	368	-1	False
