library	run_index	site	fraction	file_R1	md5_R1	bytes_R1	file_R2	md5_R2	bytes_R2	raw_read_pairs	clean_read_pairs	mean_read_length
MV-4122_S12	S12	Tib-1	metavirome (Sterivex 0.22 um filtrate, Amicon 30 kDa concentrate)	MV-4122_S12_R1_001.fastq.gz	35ee3fcb1796a893a377d54386415b2b	1882624050	MV-4122_S12_R2_001.fastq.gz	d618c86d47c8ca6b61c673007958d5c6	2157294369	30071394	19035903	151
MV-4125_S18	S18	Tib-2	metavirome (Sterivex 0.22 um filtrate, Amicon 30 kDa concentrate)	MV-4125_S18_R1_001.fastq.gz	ceb0fafbd5635e19356b9ffaba1a2452	1376863718	MV-4125_S18_R2_001.fastq.gz	b4cfb673430b2f9174ce9bebb2bf355d	1583221677	24469055	12840195	151
MV-4128_S29	S29	Biragzang	metavirome (Sterivex 0.22 um filtrate, Amicon 30 kDa concentrate)	MV-4128_S29_R1_001.fastq.gz	bd17f298fa3cf900e16dcff2061da72c	1923260731	MV-4128_S29_R2_001.fastq.gz	a669a0ac142031c09627a35d3ddd06f3	2141576528	29762333	20299397	151
4122-0-44_S10	S10	Tib-1	cellular fraction, 0.44 um filter	4122-0-44_S10_R1_001.fastq.gz	89238edb831b1a462edf6084dc9113a6	1474060890	4122-0-44_S10_R2_001.fastq.gz	7a31351e5f7778574d633a2cec887f2c	1677183410	24501877	15057724	151
4122-0-22_S11	S11	Tib-1	cellular fraction, 0.22 um filter	4122-0-22_S11_R1_001.fastq.gz	98515da0a3547a8e893bc468d0280832	319130044	4122-0-22_S11_R2_001.fastq.gz	4809e6802700797ba83ecac7e21d775c	356786107	9037234	596933	151
4125-0-44_S16	S16	Tib-2	cellular fraction, 0.44 um filter	4125-0-44_S16_R1_001.fastq.gz	f1cf2641318b4aeff945710bf28504ed	1216124117	4125-0-44_S16_R2_001.fastq.gz	6d550320c1d4872f2d5bc7e225fd7e86	1404977484	22692418	9940110	151
4125-0-22_S17	S17	Tib-2	cellular fraction, 0.22 um filter	4125-0-22_S17_R1_001.fastq.gz	b03c835c5b7d72aa1bb1989cec9e6313	421321440	4125-0-22_S17_R2_001.fastq.gz	bfc5f2a4ccc993d7945082a9b7f7c897	436262517	8387288	2065402	151
4128-0-44_S27	S27	Biragzang	cellular fraction, 0.44 um filter	4128-0-44_S27_R1_001.fastq.gz	ea5245a1c702316e75fae158b4f159a1	409941814	4128-0-44_S27_R2_001.fastq.gz	071ff24607d575d7b8348d6bac0c7ae6	481179235	10093002	1799626	151
4128-0-22_S28	S28	Biragzang	cellular fraction, 0.22 um filter	4128-0-22_S28_R1_001.fastq.gz	a97eac49112f8361e09cda861f1806aa	223467384	4128-0-22_S28_R2_001.fastq.gz	17c09fa657a8828eab2aabe3490a10f7	322478501	6595341	500893	151
4128_S30	S30	Biragzang	whole water	4128_S30_R1_001.fastq.gz	780b1a835245c316dbb9f34e75ea190d	521869087	4128_S30_R2_001.fastq.gz	bf10fa36ad8444b1469342cd7bb9c338	628166976	11414281	3226957	151
NC1_S64	S64	none	negative control (stage to be confirmed)	NC1_S64_R1_001.fastq.gz	948ddec65e9054a0e53b6fffc97dab58	145290010	NC1_S64_R2_001.fastq.gz	e12d833e1b1efa9c54e2b4f99ccf5bf0	204122798	4693014	51882	151
