contig_id	contig_length	viral_length	aai_expected_length	aai_completeness	aai_confidence	aai_error	aai_num_hits	aai_top_hit	aai_id	aai_af	hmm_completeness_lower	hmm_completeness_upper	hmm_num_hits	kmer_freq
MV-4122_S12__NODE_1_length_347332_cov_162.618440||0_partial_1	39529	NA	46097.62556438577	85.75062059278693	medium	5.36852754066194	18	CheckV-043530	49.51	18.08	49.93134135028336	96.55554753655657	16	1.0
MV-4122_S12__NODE_26_length_151132_cov_95.491233||0_partial_1	14079	NA	45460.87175870021	30.96948970694912	low	11.345462708111	96	CheckV-002922	35.58	29.89	20.950428348176732	45.54292143993488	12	1.0
MV-4122_S12__NODE_74_length_92715_cov_81.746903||0_partial	7593	NA	44254.858520079164	17.15743819755955	low	11.9600418915653	84	CheckV-019661	40.3	26.18	5.87	22.47	1	1.0
MV-4122_S12__NODE_79_length_88798_cov_36.475621||0_partial_1	43643	NA	42436.18467553401	100.0	medium	7.00366091186278	7	CheckV-059696	53.94	43.01	65.91205881898668	99.80416609175394	20	1.0
MV-4122_S12__NODE_271_length_41564_cov_9.960804||0_partial	8069	NA	52109.656190062924	15.484654073650791	low	25.5595308871383	97	CheckV-001908	30.1	15.29	12.94	17.34	1	1.0
MV-4122_S12__NODE_305_length_38149_cov_45.168215||0_partial_1	8169	NA	48144.045749670506	16.967830336643257	low	11.345462708111	85	CheckV-041423	32.57	29.83	13.127612687813022	22.534958263772957	2	1.0
MV-4122_S12__NODE_264_length_42130_cov_34.003636||full	42130	NA	43989.182816046705	95.77354545588763	high	2.76621787025704	55	CheckV-042439	57.62	15.02	63.23277891833163	98.74201221290296	24	1.0
MV-4122_S12__NODE_277_length_40752_cov_24.280438||full	40752	NA	47628.46873210634	85.56227207138635	medium	9.40952640438654	38	CheckV-015647	34.39	14.92	61.86741603011402	100.00000000000001	7	1.0
MV-4122_S12__NODE_400_length_30910_cov_29.638243||full_1	25184	NA	34971.57964666453	72.01276080304814	medium	7.00126739444902	98	CheckV-008987	47.62	59.62	52.83943367763268	78.25966818294518	24	1.0
MV-4122_S12__NODE_467_length_27200_cov_22.006705||full	27200	NA	40549.0	67.07933611186466	medium	5.27180313642844	1	CheckV-013458	53.95	79.45	55.412307919621746	81.40723995271867	4	1.0
MV-4122_S12__NODE_483_length_26567_cov_28.514673||full	26567	NA	60050.32626756663	44.24122507115989	medium	7.01038529458646	6	CheckV-002863	51.65	34.42	35.88292750684719	56.147466274221244	24	1.0
MV-4122_S12__NODE_691_length_19802_cov_26.363245||full	19802	NA	62049.14291634236	31.913414221849944	low	11.4429041549327	18	CheckV-001813	38.34	19.37	25.822985846060366	47.83518128808505	10	1.0
MV-4122_S12__NODE_716_length_19268_cov_30.342268||full	19268	NA	50156.0445298681	38.41610753121857	medium	8.24048655792543	8	CheckV-055972	46.5	60.41	28.45252077277022	55.78500661541281	11	1.0
MV-4122_S12__NODE_824_length_16631_cov_10.014720||full	16631	NA	53718.81472773312	30.95935769300212	medium	7.90179090067877	10	CheckV-004304	48.99	69.88	21.418856774029294	42.41820833657157	18	1.0
MV-4122_S12__NODE_827_length_16581_cov_8.773327||full	16581	NA	51369.59365213996	32.277849251216075	low	22.3998188181985	87	CheckV-053391	53.5	4.04	26.59	35.63	1	1.0
MV-4122_S12__NODE_829_length_16471_cov_34.382493||full	16471	NA	52822.92384608936	31.181537864113135	medium	7.01038529458646	13	CheckV-047960	48.14	35.85	28.387941791682753	45.33191452167978	9	1.0
MV-4122_S12__NODE_832_length_16437_cov_29.122207||full	16437	NA	61066.214958977595	26.916683817790034	medium	8.41034336583298	62	CheckV-048608	46.89	41.38	24.83177220994624	43.58477574294561	10	1.0
MV-4122_S12__NODE_854_length_16097_cov_13.038025||full_1	14391	NA	54102.88691627598	26.599319962851556	medium	8.0540426260206	3	CheckV-020097	42.44	67.51	20.060402084718277	51.970856905355525	9	1.0
MV-4122_S12__NODE_860_length_15987_cov_9.805423||full	15987	NA	40095.23714017216	39.87256627042699	medium	7.7631262437403	24	CheckV-043530	60.76	13.56	16.973716057008392	25.69792195147304	9	1.0
MV-4122_S12__NODE_887_length_15483_cov_77.281436||full	15483	NA	46701.269093139956	33.1532746339742	medium	8.40707262595249	106	CheckV-058658	35.43	33.24	23.387842107777175	51.71218708085438	9	1.0
MV-4122_S12__NODE_986_length_14134_cov_12.305419||full	14134	NA	42843.34820908746	32.98995197812773	medium	8.12710242975227	2	CheckV-012756	41.1	44.21	20.331800891089404	41.19245061990037	4	1.0
MV-4122_S12__NODE_1007_length_13868_cov_8.435170||full	13868	NA	15819.625201711711	87.66326523652063	low	10.7181110029211	8	CheckV-020736	38.2	29.3	18.895148342566763	87.66237417441462	3	1.0
MV-4122_S12__NODE_1181_length_11914_cov_43.765916||full	11914	NA	51661.120023971445	23.061830627117153	low	13.3435582822086	12	CheckV-018487	32.95	22.64	13.620741874987313	36.27113519922358	6	1.0
MV-4122_S12__NODE_1306_length_10734_cov_9.159940||full	10734	NA	52853.63322260947	20.30891604895056	medium	7.3657234635552	10	CheckV-052304	49.68	60.76	15.480641731611225	27.733026527879716	8	1.0
MV-4122_S12__NODE_1429_length_9843_cov_7.395484||full	9843	NA	41911.63600269161	23.485124750004683	high	4.93210735010565	21	CheckV-060181	54.13	44.03	20.831729110242918	26.439824631493863	4	1.0
MV-4122_S12__NODE_1453_length_9642_cov_7.815166||full	9642	NA	48059.575748655814	20.06259907583491	low	12.3818071879646	87	CheckV-001206	46.58	21.05	11.761645495933434	28.23489729055088	4	1.0
MV-4122_S12__NODE_1458_length_9606_cov_8.548948||full	9606	NA	40848.13370789348	23.516374257616913	medium	8.54613302114583	13	CheckV-010335	46.91	41.39	6.64	27.190000000000005	1	1.0
MV-4122_S12__NODE_1510_length_9268_cov_28.739173||full	9268	NA	48445.41417010482	19.13080971391342	high	3.22509509895805	16	CheckV-018394	75.51	30.09	12.382829174797152	26.72283293544467	5	1.0
MV-4122_S12__NODE_1539_length_9111_cov_29.734982||full	9111	NA	41484.89736508436	21.962209330830465	medium	8.47654632777342	40	CheckV-013547	43.98	33.4	16.425218615941407	27.28911968753053	8	1.0
MV-4122_S12__NODE_1593_length_8783_cov_26.674610||full	8783	NA	31492.3957113249	27.889272319925688	low	12.3244307299425	62	CheckV-009710	53.17	16.74	28.358688902422568	34.63090717799667	3	1.0
MV-4122_S12__NODE_1647_length_8539_cov_5.120344||full	8539	NA	48343.7139244364	17.66310303206509	medium	7.66980794452869	159	CheckV-016234	49.4	47.03	11.485292526813284	23.87701227126892	5	1.0
MV-4122_S12__NODE_1781_length_7727_cov_19.344760||full	7727	NA	7221.11191933605	100.0	medium	7.71885786005648	24	CheckV-064782	48.55	29.92	83.24105263157895	99.99999999999999	2	1.0
MV-4122_S12__NODE_1813_length_7570_cov_8.540519||full	7570	NA	80676.19606058439	9.383189056553004	medium	8.47654632777342	51	CheckV-002291	43.46	37.06	8.37	22.33	1	1.0
MV-4122_S12__NODE_1830_length_7457_cov_19.703864||full	7457	NA	52338.87890169893	14.247534827800724	low	14.6911520575663	3	CheckV-018487	32.77	34.6	5.8894109106518355	22.654133220548687	3	1.0
MV-4122_S12__NODE_1928_length_7001_cov_18.047941||full	7001	NA	57714.97377857993	12.13030092824597	medium	8.06270996640538	3	CheckV-000471	34.15	62.31	6.33	17.29	1	1.0
MV-4122_S12__NODE_2068_length_6406_cov_5.925366||full	6406	NA	41559.956508778385	15.41387561040135	high	4.80727376725394	733	CheckV-060181	53.39	66.43	13.349976744186046	17.156674418604652	4	1.0
MV-4122_S12__NODE_2075_length_6393_cov_48.959766||full	6393	NA	46871.74599638173	13.639346826323706	medium	8.79473845212603	16	CheckV-006509	34.43	56.45	10.076481047061028	16.942377138602804	4	1.0
MV-4122_S12__NODE_2114_length_6246_cov_8.643999||full	6246	NA	48918.392844879316	12.768203607600366	high	4.54554919312858	75	CheckV-009703	53.85	71.28	6.31026165975135	21.683557333521964	4	1.0
MV-4122_S12__NODE_2132_length_6183_cov_4.819191||full	6183	NA	58680.195853834724	10.53677464778936	low	10.6438896189225	10	CheckV-000117	47.64	27.63	11.532473363275374	17.64552362743656	3	1.0
MV-4122_S12__NODE_2163_length_6100_cov_9.710174||full	6100	NA	48310.807601608554	12.626574265334565	high	3.29113924050633	4	CheckV-015647	58.0	84.16	8.172985019168536	17.994301208358337	3	1.0
MV-4122_S12__NODE_2167_length_6092_cov_42.774557||full	6092	NA	60530.693623096486	10.064315532104686	low	10.6438896189225	387	CheckV-008178	48.47	29.27	6.03502471134304	17.87627809659616	5	1.0
MV-4122_S12__NODE_2202_length_5967_cov_10.133627||full	5967	NA	58736.0	10.159016616725689	low	25.7555927270877	1	CheckV-000253	28.0	14.26	12.54	19.3	1	1.0
MV-4122_S12__NODE_2224_length_5886_cov_21.770880||full	5886	NA	76052.31885538863	7.739408986584703	low	16.354663036079	16	CheckV-045110	42.15	20.88	3.956627990811746	14.606996966322232	4	1.0
MV-4122_S12__NODE_2256_length_5800_cov_7.992341||full	5800	NA	50420.0	11.503371677905593	low	16.354663036079	1	CheckV-012752	41.78	21.02	12.18	18.76	1	1.0
MV-4122_S12__NODE_2273_length_5760_cov_9.433304||full	5760	NA	37302.42216900445	15.441356526135007	low	23.3876629889669	2	CheckV-017903	24.0	37.0	6.5	15.26	1	1.0
MV-4122_S12__NODE_2294_length_5702_cov_10.309014||full	5702	NA	55485.40034665715	10.276577197560998	low	10.7959242051495	12	CheckV-020327	30.17	58.85	4.11433628318584	18.384159292035395	2	1.0
MV-4122_S12__NODE_2308_length_5669_cov_7.828108||full	5669	NA	53844.92803796837	10.528382535867713	medium	9.77042178323545	9	CheckV-059114	44.9	46.32	4.387610155763145	14.526908129951787	4	1.0
MV-4122_S12__NODE_2317_length_5652_cov_7.599250||full	5652	NA	50760.86924828709	11.134561097356947	medium	7.54266741111789	78	CheckV-015524	66.1	25.15	3.07	16.71	1	1.0
MV-4122_S12__NODE_2392_length_5415_cov_20.102799||full	5415	NA	40549.0	13.354213420799526	medium	5.46581517655898	1	CheckV-013458	54.17	47.28	3.19	13.04	1	1.0
MV-4122_S12__NODE_2396_length_5403_cov_5.230180||full	5403	NA	47800.0	11.303347280334728	medium	5.8050418842338	1	CheckV-045731	52.09	77.82	9.70303412290924	16.900607622091634	3	1.0
MV-4122_S12__NODE_2426_length_5341_cov_4.953462||full	5341	NA	47167.73024325931	11.323419576169401	medium	5.78034682080925	5	CheckV-032583	36.92	78.53	9.616822377813467	15.926244767938924	5	1.0
MV-4122_S12__NODE_2476_length_5235_cov_5.253668||full	5235	NA	55534.75699576461	9.426529048104506	medium	7.02632877950927	58	CheckV-012817	58.7	29.48	8.453605546995375	15.061294298921416	2	1.0
MV-4122_S12__NODE_2485_length_5204_cov_11.535444||full	5204	NA	47080.667219204544	11.05336926465063	low	10.3521671826625	55	CheckV-060800	48.91	35.87	4.492502250225022	23.33981098109811	2	1.0
MV-4122_S12__NODE_2491_length_5194_cov_4.531232||full	5194	NA	50447.35412654784	10.295881894956837	medium	8.50356765363445	10	CheckV-049764	35.1	48.76	6.262661763136139	14.955620184178654	5	1.0
MV-4122_S12__NODE_2530_length_5093_cov_7.689559||full	5093	NA	51196.31353158794	9.94798189298852	low	22.1130987526063	4	CheckV-018213	45.8	16.14	7.175642291129579	18.271495641302664	5	1.0
MV-4122_S12__NODE_2831_length_4461_cov_13.166364||full	4461	NA	45002.01881596352	9.91288861560485	medium	6.46233739979285	182	CheckV-008857	32.72	67.66	6.35	11.52	1	1.0
MV-4122_S12__NODE_2932_length_4280_cov_6.056331||full	4280	NA	48234.846874503324	8.87325300552034	high	3.21556557579932	7	CheckV-048031	62.45	73.22	2.16	11.94	1	1.0
MV-4122_S12__NODE_2982_length_4180_cov_6.548364||full	4180	NA	40754.938780517725	10.256425662938758	low	22.6418050767784	3	CheckV-057236	32.1	31.72	2.7999999999999994	11.5	1	1.0
MV-4122_S12__NODE_3151_length_3896_cov_16.703463||full	3896	NA	58986.04896815196	6.604951625262353	low	22.1130987526063	17	CheckV-012757	46.6	14.99	3.94	11.17	1	1.0
MV-4122_S12__NODE_3209_length_3809_cov_7.265051||full	3809	NA	59434.11567555425	6.408777108408587	low	13.0126738159548	37	CheckV-048524	43.7	23.46	3.44	9.92	1	1.0
MV-4122_S12__NODE_3401_length_3580_cov_4.531064||full	3580	NA	44935.10384796303	7.967045123814232	high	4.05454545454545	92	CheckV-016666	61.78	53.28	5.876040609137055	10.386328257191199	2	1.0
MV-4122_S12__NODE_3523_length_3432_cov_23.011845||full	3432	NA	56310.87818106099	6.094737128703283	low	15.5486016037551	67	CheckV-056868	42.7	25.71	5.4	9.02	1	1.0
MV-4122_S12__NODE_3609_length_3333_cov_4.569250||full	3333	NA	49519.215311882836	6.730720547585493	medium	8.76990056085545	101	CheckV-012817	51.15	81.1	4.056948130277442	10.963763570566949	2	1.0
MV-4122_S12__NODE_3659_length_3269_cov_5.257001||full	3269	NA	41765.402936481274	7.827052464863428	medium	6.26853028377806	1125	CheckV-060181	58.1	50.63	6.573584905660376	8.47188679245283	2	1.0
MV-4122_S12__NODE_3799_length_3134_cov_10.271842||full	3134	NA	53110.946048282945	5.900855159218767	low	16.0955816050496	12	CheckV-011454	42.9	19.32	2.4225272805075018	9.569679421512433	4	1.0
MV-4122_S12__NODE_3840_length_3087_cov_19.054749||full	3087	NA	40562.02950955438	7.610565934016832	low	24.3312955035068	23	CheckV-061709	23.6	76.65	5.82	7.82	1	1.0
MV-4122_S12__NODE_3897_length_3046_cov_10.404213||full	3046	NA	47427.807972140065	6.422392537705463	low	10.9394929934521	43	CheckV-015647	42.1	57.67	4.588348909657322	8.974517133956386	2	1.0
MV-4122_S12__NODE_3994_length_2961_cov_9.933586||full	2961	NA	125778.0	2.354147784191194	low	13.7748454522773	1	CheckV-001879	56.9	15.22	1.7991304347826087	7.160869565217391	2	1.0
MV-4122_S12__NODE_4067_length_2906_cov_4.130831||full	2906	NA	55632.23687591703	5.223590067898197	low	10.5427046263345	17	CheckV-049020	43.77	67.82	2.950594479830149	7.632311866006135	3	1.0
MV-4122_S12__NODE_4106_length_2875_cov_4.731560||full_1	1538	NA	37356.072268217955	4.117135198146915	medium	9.51279933938893	41	CheckV-005763	37.2	100.0	2.85	4.62	1	1.0
MV-4122_S12__NODE_4178_length_2811_cov_6.079826||full	2811	NA	45539.31571741045	6.172688271038968	low	10.4791830322074	241	CheckV-018515	33.37	84.1	4.0	7.26	1	1.0
MV-4122_S12__NODE_4197_length_2795_cov_5.828467||full	2795	NA	48993.930930930925	5.704788219463844	medium	5.43936183472517	5	CheckV-010515	57.19	81.15	1.69	8.31	1	1.0
MV-4122_S12__NODE_4199_length_2793_cov_4.317020||full	2793	NA	42626.0	6.5523389480598695	low	23.4654606721646	1	CheckV-009344	25.3	67.13	5.1	8.14	1	1.0
MV-4122_S12__NODE_4249_length_2762_cov_3.294052||full	2762	NA	43325.0	6.375072129255626	medium	8.75658521623847	1	CheckV-011516	50.94	67.76	4.300703764320786	9.508854337152208	2	1.0
MV-4122_S12__NODE_4556_length_2561_cov_21.756983||full	2561	NA	67684.56889233102	3.7837280223708025	medium	6.60958170163851	273	CheckV-004671	76.7	23.46	1.1805478451424396	7.178743608473337	2	1.0
MV-4122_S12__NODE_4576_length_2553_cov_8.995997||full	2553	NA	51081.62742932012	4.997883052047427	high	4.93937043075139	209	CheckV-000176	51.3	51.58	4.245929387908165	8.484479298323588	3	1.0
MV-4122_S12__NODE_4844_length_2401_cov_17.602302||full	2401	NA	57647.40957404109	4.1649746584297205	low	11.2581598019399	317	CheckV-059149	54.2	21.78	3.22	5.95	1	1.0
MV-4122_S12__NODE_4891_length_2376_cov_3.342956||full	2376	NA	38901.48006720264	6.107736764502121	high	4.08059193313848	66	CheckV-016150	58.36	76.73	3.59	7.17	1	1.0
MV-4122_S12__NODE_4905_length_2371_cov_3.579879||full	2371	NA	60911.65241510982	3.8925228687636895	medium	9.69093101478708	45	CheckV-043699	44.8	50.26	3.82	5.72	1	1.0
MV-4122_S12__NODE_4925_length_2362_cov_10.135241||full	2362	NA	45651.1536353167	5.1740203957796735	low	10.8819485366333	367	CheckV-060428	41.4	49.2	2.65	6.86	1	1.0
MV-4122_S12__NODE_5045_length_2308_cov_8.558810||full	2308	NA	61097.95498426445	3.7775405094890933	medium	9.89099717400081	37	CheckV-011369	43.2	40.93	2.3087983395237055	6.626515184618746	3	1.0
MV-4122_S12__NODE_5048_length_2307_cov_4.635435||full	2307	NA	37796.301730592786	6.103771782869132	high	4.45453017313834	2	CheckV-003169	59.62	100.0	4.514785668431061	6.924233457285094	3	1.0
MV-4122_S12__NODE_5158_length_2254_cov_13.061392||full	2254	NA	82910.12341969149	2.718606494637862	medium	6.5549443838636	240	CheckV-005357	64.4	30.26	2.518924731182796	5.727795698924731	2	1.0
MV-4122_S12__NODE_5385_length_2147_cov_3.107075||full	2147	NA	50766.52232411039	4.22916501211731	high	4.38108484005563	3	CheckV-016666	59.95	70.35	1.44	4.45	1	1.0
MV-4122_S12__NODE_5480_length_2109_cov_4.045278||full	2109	NA	56230.06009170032	3.7506628955413355	high	3.23257594404676	101	CheckV-001273	63.44	95.87	3.0	5.44	1	1.0
MV-4122_S12__NODE_5591_length_2075_cov_3.523762||full	2075	NA	38364.67890100647	5.408620792459087	high	3.96829921888363	152	CheckV-033206	78.1	34.18	2.9298952879581153	6.136125654450261	2	1.0
MV-4122_S12__NODE_5787_length_2010_cov_9.278772||full	2010	NA	41819.62441667921	4.806355934651431	low	10.7617896009674	14	CheckV-008362	61.4	21.1	1.6500000000000001	6.3	1	1.0
MV-4122_S12__NODE_5977_length_1957_cov_4.228707||full	1957	NA	57531.42240930334	3.4016193552056793	high	4.62276493676406	128	CheckV-008040	66.8	53.67	3.22	5.04	1	1.0
MV-4122_S12__NODE_6021_length_1946_cov_4.139080||full	1946	NA	41686.6135581034	4.668165230758399	medium	8.76990056085545	287	CheckV-060811	49.78	80.72	2.76	5.58	1	1.0
MV-4122_S12__NODE_6084_length_1924_cov_4.738898||full	1924	NA	38054.65228202011	5.055886428133368	low	13.957011667213	21	CheckV-020107	34.4	50.0	3.8748042704626338	5.6958718861209965	2	1.0
MV-4122_S12__NODE_6103_length_1919_cov_12.764485||full	1919	NA	42703.843744176746	4.4937406840846315	low	10.2803738317757	22	CheckV-060800	53.2	22.76	3.37	11.159999999999998	1	1.0
MV-4122_S12__NODE_6138_length_1912_cov_5.299946||full	1912	NA	47214.14588304751	4.049633778690284	low	10.6944003686965	42	CheckV-031449	40.16	62.93	1.8513768904071979	7.740144278944046	3	1.0
MV-4122_S12__NODE_6644_length_1778_cov_8.423680||full	1778	NA	61016.17857966346	2.9139812446278026	high	3.10231074363737	170	CheckV-000108	91.2	31.93	1.02	5.18	1	1.0
MV-4122_S12__NODE_6787_length_1743_cov_2.948460||full	1743	NA	NA	NA	NA	NA	0	NA	NA	NA	2.14	4.51	1	1.0
MV-4122_S12__NODE_6875_length_1723_cov_4.261391||full	1723	NA	47441.046896655855	3.6318760076128402	low	10.3754165273183	92	CheckV-060800	41.8	78.79	1.41	9.82	1	1.0
MV-4122_S12__NODE_7044_length_1683_cov_5.708231||full	1683	NA	82976.8307764371	2.028277031373342	medium	9.39265536723164	20	CheckV-043737	46.1	58.31	0.9500000000000001	4.22	1	1.0
MV-4122_S12__NODE_7095_length_1671_cov_29.245050||full	1671	NA	NA	NA	NA	NA	0	NA	NA	NA	3.0	4.59	1	1.0
MV-4122_S12__NODE_7123_length_1667_cov_4.220223||full	1667	NA	51369.26642973666	3.245131020666097	high	3.52719593630501	6	CheckV-016666	60.3	81.17	2.1839999999999997	3.772	2	1.0
MV-4122_S12__NODE_7449_length_1608_cov_4.687057||full	1608	NA	38049.428956955875	4.226081820620961	low	18.4248232254532	3	CheckV-008834	30.5	66.6	3.4532187499999996	4.8801250000000005	2	1.0
MV-4122_S12__NODE_7576_length_1586_cov_4.300457||full	1586	NA	54668.127171479435	2.901142003685508	high	4.04716205100082	127	CheckV-019496	76.1	46.33	2.43	3.92	1	1.0
MV-4122_S12__NODE_7972_length_1517_cov_4.284542||full	1517	NA	40509.92838873567	3.744761001408786	medium	8.20276497695852	86	CheckV-007368	47.6	63.46	2.9728571428571424	4.602685714285714	2	1.0
MV-4125_S18__NODE_44_length_72013_cov_269.769240||0_partial_1	23934	NA	39720.76050927201	60.255643882782884	medium	6.48181636070989	4	CheckV-041938	42.18	48.23	46.20707362968668	68.1183518598726	8	1.0
MV-4125_S18__NODE_179_length_37735_cov_19.758519||0_partial	17956	NA	16681.11585352587	100.0	medium	8.41034336583298	3	CheckV-009844	44.2	40.99	33.992305214739886	65.5580308370694	6	1.0
MV-4125_S18__NODE_31_length_85557_cov_63.526303||full_1	43474	NA	37745.087249021126	100.0	low	13.7450815046115	355	CheckV-033404	45.72	16.26	63.396445785502536	99.99999999999999	18	1.0
MV-4125_S18__NODE_192_length_36032_cov_194.343914||full	36032	NA	44749.471943826466	80.51938589405164	medium	5.12360649723847	7	CheckV-018424	44.87	38.83	56.364414460745756	94.88697205331151	19	1.0
MV-4125_S18__NODE_195_length_35915_cov_21.249247||full	35915	NA	45671.7613421117	78.63721245820344	medium	7.77568987716185	18	CheckV-048243	50.97	15.6	44.46162911942215	93.14388971092856	14	1.0
MV-4125_S18__NODE_264_length_29536_cov_160.334656||full	29536	NA	53950.400549390026	54.74658148823316	medium	6.48181636070989	13	CheckV-007218	41.96	47.72	35.99676138591088	86.46969999965295	10	1.0
MV-4125_S18__NODE_320_length_26064_cov_24.608905||full	26064	NA	44059.8987998461	59.15583265046229	low	11.4429041549327	9	CheckV-060800	41.49	21.75	26.99650362677471	81.20106368186478	4	1.0
MV-4125_S18__NODE_378_length_23580_cov_22.248247||full	23580	NA	39895.77365061225	59.10400486653587	medium	8.34098931386297	27	CheckV-010898	46.74	31.65	30.219027947218127	70.29563127815436	12	1.0
MV-4125_S18__NODE_418_length_22031_cov_283.621451||full_1	15147	NA	45867.95970235269	33.023051599182146	medium	8.34098931386297	32	CheckV-060800	44.43	27.77	20.83836907239404	52.32457518961773	10	1.0
MV-4125_S18__NODE_523_length_18801_cov_19.978342||full	18801	NA	44702.922683284094	42.05765276960363	medium	7.90179090067877	7	CheckV-011451	47.8	68.41	27.32107055771706	50.10274833272253	16	1.0
MV-4125_S18__NODE_560_length_17688_cov_16.352464||full	17688	NA	52822.92384608936	33.48546182626635	medium	7.01038529458646	13	CheckV-047960	48.14	33.45	29.913529972946932	48.73918504521603	10	1.0
MV-4125_S18__NODE_573_length_17263_cov_8.254998||full_1	9323	NA	44683.59890252769	20.86447875502842	medium	8.69377272611692	21	CheckV-060800	46.14	66.0	12.973694387573948	35.02292171971952	8	1.0
MV-4125_S18__NODE_636_length_15578_cov_10.995942||full	15578	NA	45630.38327535598	34.13953353403752	medium	6.16907231255201	14	CheckV-031209	34.42	48.93	28.281824935623497	44.19022914469726	8	1.0
MV-4125_S18__NODE_786_length_13336_cov_20.694225||full_1	7783	NA	44861.88536364872	17.348802746276267	medium	9.48837978822797	24	CheckV-051152	44.89	24.92	11.534597156398105	38.154218009478676	2	1.0
MV-4125_S18__NODE_792_length_13205_cov_217.630570||full	13205	NA	37412.18669706938	35.295985521836364	low	10.1448366309843	31	CheckV-018759	37.92	34.12	28.71862068965517	39.39862068965517	2	1.0
MV-4125_S18__NODE_842_length_12646_cov_16.005004||full	12646	NA	53316.39551709978	23.718782707177084	medium	8.13503653657515	8	CheckV-060800	42.99	73.6	18.162941050281976	43.57270159394949	11	1.0
MV-4125_S18__NODE_848_length_12556_cov_10.932405||full	12556	NA	44031.862857855165	28.515713815092525	medium	7.72496529642426	39	CheckV-033124	57.7	17.85	18.805245945275782	35.41121561515856	7	1.0
MV-4125_S18__NODE_922_length_11680_cov_21.891097||full_1	7007	NA	45585.90695723639	15.370978593391124	medium	5.25388435047253	45	CheckV-020097	47.6	74.8	10.274279256152262	24.658896646550605	6	1.0
MV-4125_S18__NODE_948_length_11464_cov_8.061180||full	11464	NA	38874.92015638692	29.48944963457766	medium	6.1342758208282	114	CheckV-013458	57.1	24.65	17.97	34.12	1	1.0
MV-4125_S18__NODE_979_length_11202_cov_17.887862||full	11202	NA	54205.49349510238	20.6658020759688	low	17.1008155064413	142	CheckV-019496	76.1	7.16	15.390814186296064	31.455063847159984	4	1.0
MV-4125_S18__NODE_1159_length_9638_cov_12.392257||full	9638	NA	50409.680210266764	19.119343665340416	low	13.3435582822086	4	CheckV-018487	32.95	27.16	7.221078279217529	29.068865101683997	4	1.0
MV-4125_S18__NODE_1200_length_9348_cov_6.731949||full	9348	NA	43325.0	21.576457010963647	medium	7.74876976618096	1	CheckV-011516	42.94	69.55	13.893080054542219	31.108177183170955	3	1.0
MV-4125_S18__NODE_1277_length_8858_cov_9.778371||full	8858	NA	46159.66842545375	19.189912540869656	low	11.2846398807507	113	CheckV-059094	34.12	37.91	13.732835038972947	28.38118286453922	8	1.0
MV-4125_S18__NODE_1368_length_8387_cov_15.933749||full	8387	NA	41484.89736508436	20.216995901402164	medium	8.47654632777342	40	CheckV-013547	43.98	36.79	15.117993409487553	25.119952319277207	8	1.0
MV-4125_S18__NODE_1571_length_7573_cov_10.957702||full	7573	NA	60491.45371970537	12.519123833740931	medium	8.27926800380119	388	CheckV-008178	48.47	22.83	7.5020015982302874	22.21974004018856	5	1.0
MV-4125_S18__NODE_1573_length_7565_cov_4.803728||full	7565	NA	46550.08269237101	16.251313773154287	medium	7.75586858715155	18	CheckV-016914	40.77	49.34	11.239657632345759	22.40086774478546	3	1.0
MV-4125_S18__NODE_1595_length_7461_cov_9.573994||full	7461	NA	49674.40167274752	15.019808490402554	high	4.02098899218616	9	CheckV-001871	71.26	31.87	9.451079136690646	21.150920863309352	2	1.0
MV-4125_S18__NODE_1628_length_7352_cov_10.227491||full	7352	NA	41375.55933794378	17.76894407626241	medium	8.28456428871274	55	CheckV-011896	40.07	47.76	14.850711884792645	21.223536795195933	5	1.0
MV-4125_S18__NODE_1632_length_7348_cov_27.720143||full	7348	NA	88676.49723336754	8.286299334379962	low	13.9757982883961	31	CheckV-012157	38.65	27.67	4.347790476190475	10.30030476190476	2	1.0
MV-4125_S18__NODE_1644_length_7312_cov_12.132975||full	7312	NA	144767.49553359562	5.050857565124578	low	16.0458909824481	75	CheckV-051943	35.04	29.49	14.04	22.31	1	1.0
MV-4125_S18__NODE_1697_length_7142_cov_25.355722||full	7142	NA	56947.9100223406	12.54128553128324	medium	5.63301787048028	19	CheckV-060800	44.46	77.9	14.75151481422656	22.380551901144358	5	1.0
MV-4125_S18__NODE_1800_length_6812_cov_7.428149||full	6812	NA	60869.37182982472	11.191178412428206	medium	6.00604023021255	61	CheckV-000501	51.98	63.92	9.321211466034313	18.529469940019528	4	1.0
MV-4125_S18__NODE_1804_length_6787_cov_6.980392||full	6787	NA	65214.014498387616	10.407272197861404	medium	6.71526254676816	11	CheckV-047960	41.85	66.38	14.118239704243155	21.09258272187389	6	1.0
MV-4125_S18__NODE_1964_length_6325_cov_10.363955||full	6325	NA	46871.74599638173	13.494270088612144	medium	8.79473845212603	16	CheckV-006509	34.43	57.09	9.971781071624957	16.765139575648245	4	1.0
MV-4125_S18__NODE_1976_length_6297_cov_6.384652||full	6297	NA	36632.05749504961	17.189861641953815	medium	5.63301787048028	43	CheckV-039515	43.58	77.65	10.799891870909688	18.587653778723773	6	1.0
MV-4125_S18__NODE_2208_length_5722_cov_6.725428||full	5722	NA	44953.588285987185	12.728683556021371	medium	5.33054029793532	40	CheckV-060800	49.22	82.7	4.952168401626071	21.637389456924932	4	1.0
MV-4125_S18__NODE_2330_length_5494_cov_132.858614||full	5494	NA	57106.33757209607	9.620648484178995	medium	8.28456428871274	35	CheckV-042113	38.87	51.27	4.413759274525969	14.380445177246497	2	1.0
MV-4125_S18__NODE_2649_length_4937_cov_15.560631||full	4937	NA	52308.845357556056	9.438174301598966	low	14.6911520575663	492	CheckV-062035	33.24	36.2	5.184242424242424	14.253229859571322	2	1.0
MV-4125_S18__NODE_2695_length_4876_cov_7.858950||full	4876	NA	51187.0	9.525856174419285	low	22.6418050767784	1	CheckV-028156	28.0	29.44	9.39	14.17	1	1.0
MV-4125_S18__NODE_2744_length_4809_cov_6.925116||full_1	3756	NA	51212.55868410687	7.334138532636183	medium	9.11672823021493	18	CheckV-060800	45.65	53.89	8.488719346049045	10.31008174386921	2	1.0
MV-4125_S18__NODE_2827_length_4691_cov_251.265962||full	4691	NA	45624.90994310266	10.281664130077173	medium	8.81450330814983	106	CheckV-011516	57.8	22.79	4.759864355689525	12.646307460437075	2	1.0
MV-4125_S18__NODE_2912_length_4600_cov_30.548075||full	4600	NA	61354.02291247394	7.497470877439024	low	10.7959242051495	8	CheckV-007965	30.49	62.09	5.591321695760599	12.409002493765586	3	1.0
MV-4125_S18__NODE_2981_length_4526_cov_5.419593||full	4526	NA	45835.34567557932	9.874475545651691	medium	5.51537070524412	62	CheckV-061851	55.86	42.11	5.223609620387355	13.066210005243171	5	1.0
MV-4125_S18__NODE_3122_length_4358_cov_6.756914||full	4358	NA	60316.88090629357	7.22517466838256	medium	5.9815914629818	13	CheckV-005360	57.02	50.29	6.494367469879519	9.257078313253011	2	1.0
MV-4125_S18__NODE_3135_length_4346_cov_7.134934||full	4346	NA	43334.443581696534	10.028973815728534	high	4.16323039799627	46	CheckV-042439	61.46	95.66	5.13475259333339	15.900533764773686	4	1.0
MV-4125_S18__NODE_3577_length_3953_cov_8.601591||full	3953	NA	56213.86810103413	7.032072571300745	low	10.0351978014638	31	CheckV-018812	37.88	47.15	6.37	9.54	1	1.0
MV-4125_S18__NODE_3936_length_3668_cov_5.013285||full	3668	NA	24957.815180597816	14.69679927292474	medium	8.50356765363445	19	CheckV-039515	37.5	48.0	12.954842436974792	19.425189075630254	2	1.0
MV-4125_S18__NODE_3956_length_3651_cov_5.238320||full	3651	NA	90268.81295651448	4.0445862534592205	medium	9.11672823021493	343	CheckV-000326	45.76	55.42	4.226553966189857	9.592730819245773	2	1.0
MV-4125_S18__NODE_3983_length_3633_cov_5.179709||full	3633	NA	37494.73524936257	9.689360321758139	medium	5.25388435047253	50	CheckV-011552	50.75	77.1	7.515272999252057	10.00995512341062	3	1.0
MV-4125_S18__NODE_4019_length_3607_cov_9.094595||full	3607	NA	52253.38517484666	6.9029020568342245	high	3.6774616816053	13	CheckV-011597	64.16	52.97	4.321523171187756	11.040799310432684	3	1.0
MV-4125_S18__NODE_4108_length_3536_cov_8.706693||full	3536	NA	45520.887546717015	7.767862602351693	medium	6.46199838462795	25	CheckV-015647	35.2	94.09	5.0987480916030545	9.961511450381682	2	1.0
MV-4125_S18__NODE_4199_length_3470_cov_4.000586||full	3470	NA	47444.159893927186	7.3138611954727795	medium	9.53752329324072	36	CheckV-001172	47.85	88.92	4.085080576717221	9.329333793605146	4	1.0
MV-4125_S18__NODE_4409_length_3324_cov_4.660447||full	3324	NA	48686.489278411434	6.827356108985103	medium	8.75658521623847	89	CheckV-009703	51.07	69.5	4.420486486486486	10.895221621621623	2	1.0
MV-4125_S18__NODE_4414_length_3320_cov_5.839510||full	3320	NA	106157.43849377614	3.127430396876661	low	16.7547169811321	45	CheckV-031189	37.26	28.5	1.38	8.18	1	1.0
MV-4125_S18__NODE_4441_length_3302_cov_7.658146||full	3302	NA	38639.18356841296	8.545729218511083	medium	9.69093101478708	22	CheckV-058866	44.85	50.38	7.587620181666381	10.544397575447949	8	1.0
MV-4125_S18__NODE_4767_length_3120_cov_12.794127||full	3120	NA	50736.85815802697	6.149375647743753	medium	7.59381898454746	94	CheckV-032949	60.7	30.36	4.72264325323475	9.58101663585952	2	1.0
MV-4125_S18__NODE_4963_length_3006_cov_18.203660||full	3006	NA	52180.465790489514	5.760776479208581	medium	8.41622724100411	82	CheckV-019700	48.7	30.38	5.210086455331412	8.759394812680116	2	1.0
MV-4125_S18__NODE_5109_length_2938_cov_8.882414||full	2938	NA	50756.693540920496	5.788399115540019	low	16.0955816050496	6	CheckV-012712	43.9	20.23	4.33	9.56	1	1.0
MV-4125_S18__NODE_5185_length_2903_cov_5.229284||full	2903	NA	79126.0	3.668831989485125	low	19.4474773902474	1	CheckV-032570	36.91	24.97	2.027811843656989	9.016202813500309	3	1.0
MV-4125_S18__NODE_5230_length_2877_cov_13.729624||full	2877	NA	57752.77343211185	4.981578942493388	low	19.7445197918309	16	CheckV-015732	42.5	19.31	4.273755458515285	5.918471615720525	2	1.0
MV-4125_S18__NODE_5275_length_2854_cov_7.731690||full	2854	NA	49582.6395015114	5.756046932340104	medium	6.50440235702245	5	CheckV-009710	50.3	42.79	1.53	6.45	1	1.0
MV-4125_S18__NODE_5330_length_2829_cov_6.411680||full	2829	NA	49706.301673264905	5.691431276854801	medium	5.43936183472517	103	CheckV-012817	56.5	78.45	3.83	6.98	1	1.0
MV-4125_S18__NODE_5365_length_2816_cov_4.344440||full	2816	NA	144802.07823906778	1.944723469611253	low	15.5486016037551	37	CheckV-001558	44.5	24.74	0.8100000000000002	4.94	1	1.0
MV-4125_S18__NODE_5548_length_2728_cov_5.784886||full_1	702	NA	57010.16754298706	1.2313593000242893	high	4.12645375211592	6	CheckV-040239	63.19	100.0	0.78	2.07	1	1.0
MV-4125_S18__NODE_5608_length_2703_cov_5.116314||full	2703	NA	34942.48490710909	7.7355689132746015	medium	5.86385453857612	89	CheckV-030997	48.13	100.0	6.637667436489607	8.996143187066973	3	1.0
MV-4125_S18__NODE_5629_length_2695_cov_5.128788||full	2695	NA	50424.109577536416	5.344665523257159	high	4.93937043075139	21	CheckV-004459	51.16	49.45	4.2572113965942195	6.94892673550412	5	1.0
MV-4125_S18__NODE_5671_length_2678_cov_6.078155||full	2678	NA	39323.865643162804	6.810113797816876	high	4.70588235294118	54	CheckV-016150	57.9	62.6	4.04	8.08	1	1.0
MV-4125_S18__NODE_5771_length_2644_cov_8.093859||full	2644	NA	60327.74502969479	4.382726386836701	medium	5.98605986059861	43	CheckV-015863	58.3	36.13	4.135536366064275	7.318240007121872	3	1.0
MV-4125_S18__NODE_6054_length_2532_cov_4.197416||full	2532	NA	54808.4092903761	4.61972903936221	low	12.9831144465291	768	CheckV-033247	36.6	58.68	3.6	6.54	1	1.0
MV-4125_S18__NODE_6130_length_2506_cov_192.864953||full	2506	NA	83226.48577741347	3.0110606937101916	low	10.2803738317757	149	CheckV-002758	53.0	23.12	0.9491410164638512	5.681796707229777	2	1.0
MV-4125_S18__NODE_6270_length_2459_cov_10.466306||full	2459	NA	46070.80139472037	5.337437000350936	low	11.3595528049511	237	CheckV-043832	42.86	83.38	4.128186817503339	7.8108060334668865	3	1.0
MV-4125_S18__NODE_6321_length_2437_cov_5.633501||full	2437	NA	57781.84152995525	4.217587974825293	low	14.7807123818755	6	CheckV-032820	37.4	44.98	4.280890566143757	6.054265300156599	4	1.0
MV-4125_S18__NODE_6385_length_2417_cov_9.039797||full	2417	NA	48834.59884790228	4.9493597920766454	low	16.7547169811321	8	CheckV-054719	34.2	28.78	3.9576675061707274	8.023027395361936	6	1.0
MV-4125_S18__NODE_6886_length_2272_cov_4.388814||full	2272	NA	44709.688725613116	5.081672596611985	low	10.2803738317757	75	CheckV-031449	52.7	25.14	1.9601260126012603	10.190972097209722	2	1.0
MV-4125_S18__NODE_7015_length_2236_cov_4.097662||full	2236	NA	44363.99667221298	5.040123000010276	medium	7.94921313727752	2	CheckV-020327	84.0	11.1	2.2	6.02	1	1.0
MV-4125_S18__NODE_7138_length_2204_cov_5.084691||full	2204	NA	60485.53938033879	3.6438461532781243	low	16.0955816050496	3	CheckV-016622	44.9	22.34	2.34	6.15	1	1.0
MV-4125_S18__NODE_7475_length_2121_cov_3.929816||full	2121	NA	49035.091272937716	4.325473747349935	high	3.59564862876121	93	CheckV-020738	66.1	74.55	2.38	6.160000000000001	1	1.0
MV-4125_S18__NODE_7577_length_2095_cov_4.035294||full	2095	NA	37248.143414276434	5.624441402888903	low	12.3257720688713	20	CheckV-007949	35.3	62.98	1.9	6.24	1	1.0
MV-4125_S18__NODE_7664_length_2071_cov_4.691964||full	2071	NA	51036.24279626377	4.057900594813403	medium	5.80669068180352	18	CheckV-013526	53.4	67.14	2.29	6.11	1	1.0
MV-4125_S18__NODE_7772_length_2045_cov_7.276382||full	2045	NA	34902.42033345254	5.859192515769319	medium	8.75658521623847	102	CheckV-020620	50.51	71.81	3.748780487804878	5.780975609756098	2	1.0
MV-4125_S18__NODE_7880_length_2021_cov_5.696846||full	2021	NA	51072.058370659135	3.9571539986355106	medium	9.53752329324072	103	CheckV-060800	50.67	92.03	2.0676127049180324	6.857540983606557	2	1.0
MV-4125_S18__NODE_7890_length_2017_cov_6.628440||full	2017	NA	37357.906584327335	5.399124802261235	medium	9.51279933938893	11	CheckV-041026	34.99	100.0	4.374625407166123	5.636026058631922	2	1.0
MV-4125_S18__NODE_7915_length_2010_cov_5.056266||full	2010	NA	49007.97793920056	4.1013730509216515	low	10.9454880691546	75	CheckV-017839	38.53	84.6	1.7334383438343834	9.018037803780379	2	1.0
MV-4125_S18__NODE_8309_length_1926_cov_4.361304||full	1926	NA	6192.183235369283	31.10373073262486	high	3.19324426796831	8	CheckV-064580	71.4	48.06	19.35	39.46	1	1.0
MV-4125_S18__NODE_8622_length_1852_cov_11.098497||full	1852	NA	50333.12688749111	3.679485290353107	medium	9.51279933938893	235	CheckV-043473	35.49	100.0	1.897407786885246	6.287745901639344	2	1.0
MV-4125_S18__NODE_8815_length_1818_cov_5.803176||full	1818	NA	56770.57315947454	3.2023632998966662	medium	8.76990056085545	384	CheckV-001545	51.8	81.04	2.72	5.96	1	1.0
MV-4125_S18__NODE_9053_length_1771_cov_3.625874||full	1771	NA	75903.28258706468	2.3332324237342155	medium	5.30687183073964	2	CheckV-000473	54.88	90.52	2.79	5.030000000000001	1	1.0
MV-4125_S18__NODE_9063_length_1769_cov_4.441074||full	1769	NA	46513.310344827594	3.803212428626288	low	10.2803738317757	13	CheckV-060800	54.3	24.6	3.2402848145811722	7.096421492213609	3	1.0
MV-4125_S18__NODE_9239_length_1736_cov_4.663891||full	1736	NA	64173.275862068964	2.705175911124246	low	10.5427046263345	2	CheckV-011108	44.6	72.1	0.78	4.73	1	1.0
MV-4125_S18__NODE_10030_length_1606_cov_9.228240||full	1606	NA	45669.84166761018	3.516543831460231	low	10.7617896009674	12	CheckV-011516	61.6	21.23	1.1742666666666666	4.4512	2	1.0
MV-4125_S18__NODE_10094_length_1595_cov_4.138312||full	1595	NA	61016.17857966346	2.614060790315717	high	3.10231074363737	170	CheckV-000108	91.2	31.93	0.91	4.65	1	1.0
MV-4125_S18__NODE_10119_length_1590_cov_94.237134||full	1590	NA	74642.54984145051	2.130152310414563	low	12.1929432782492	5	CheckV-008630	38.2	34.23	1.01	4.09	1	1.0
MV-4125_S18__NODE_10363_length_1551_cov_11.678476||full	1551	NA	44148.80412654887	3.513118941011828	low	10.9454880691546	201	CheckV-026200	37.6	83.03	1.27	8.84	1	1.0
MV-4125_S18__NODE_10621_length_1516_cov_14.060233||full	1516	NA	43263.52494238117	3.5041065239575953	medium	9.69093101478708	7	CheckV-031655	43.6	49.89	2.3638078291814946	4.059857651245552	2	1.0
MV-4128_S29__NODE_1_length_685560_cov_728.732645||0_partial_1	39533	NA	39815.612278426175	99.29019733151434	medium	6.32612307739211	4	CheckV-041938	44.06	36.24	78.84700453984303	99.49749433551045	10	1.0
MV-4128_S29__NODE_12_length_141680_cov_673.733402||0_partial	22423	NA	44698.66077256985	50.16481391711021	medium	8.09634270615345	7	CheckV-018424	50.1	27.18	39.36351532026549	60.43974428231124	7	1.0
MV-4128_S29__NODE_77_length_39259_cov_504.042343||full	39259	NA	53997.59809178246	72.70508575820259	medium	6.99617415957794	14	CheckV-007218	41.96	37.28	50.43496496651813	99.52344193824615	13	1.0
MV-4128_S29__NODE_95_length_35150_cov_35.603134||full	35150	NA	46097.62556438577	76.25121591329051	medium	5.36852754066194	18	CheckV-043530	49.51	20.6	45.10387088155054	92.83119582390387	15	1.0
MV-4128_S29__NODE_168_length_25826_cov_27.249311||full_1	14847	NA	52462.63484406518	28.30014169919177	medium	8.1899920076474	9	CheckV-060800	44.13	57.69	27.695613044860043	46.129753054096135	11	1.0
MV-4128_S29__NODE_209_length_22758_cov_20.083822||full	22758	NA	48081.85449722119	47.331785011152725	medium	8.19045947082916	36	CheckV-059092	42.28	30.87	28.681652176317495	56.77140763813557	8	1.0
MV-4128_S29__NODE_219_length_22136_cov_837.337666||full_1	15200	NA	45871.013516411236	33.13639450011696	medium	8.34098931386297	32	CheckV-060800	44.4	27.86	20.911593376109344	52.50968104252448	10	1.0
MV-4128_S29__NODE_409_length_14342_cov_497.228109||full	14342	NA	47690.65042712023	30.072980493141145	medium	6.89081578481685	9	CheckV-011451	43.54	51.11	19.670160020356256	38.65350555984089	12	1.0
MV-4128_S29__NODE_470_length_12571_cov_13.628875||full	12571	NA	44740.129458188174	28.097817668918932	medium	7.36595006675403	7	CheckV-011451	50.9	71.33	20.10308417237647	32.95081961079233	10	1.0
MV-4128_S29__NODE_492_length_12045_cov_6.625021||full	12045	NA	51410.69171572433	23.42897867743715	low	17.4785801713586	36	CheckV-008610	34.08	19.34	15.755077186963977	32.9082332761578	2	1.0
MV-4128_S29__NODE_550_length_11069_cov_18.815689||full	11069	NA	49466.33131923464	22.37683633452699	medium	6.1342758208282	22	CheckV-061851	53.85	24.2	11.911954112260673	31.902777413543713	6	1.0
MV-4128_S29__NODE_575_length_10738_cov_611.299729||full	10738	NA	59347.2021277722	18.093523561366055	low	15.7443388365181	35	CheckV-010260	71.8	12.46	6.76715782412704	26.865442656292956	6	1.0
MV-4128_S29__NODE_587_length_10621_cov_10.908196||full	10621	NA	54084.15365424972	19.637914772408468	medium	8.63432559025156	40	CheckV-010436	37.04	46.34	14.57407643312102	28.05565286624204	2	1.0
MV-4128_S29__NODE_675_length_9378_cov_4.630376||full	9378	NA	46360.20390610461	20.228556412292065	high	3.45344256748592	7	CheckV-059844	27.34	78.61	13.697897952380353	26.019386178073788	5	1.0
MV-4128_S29__NODE_776_length_8224_cov_17.021912||full	8224	NA	80667.90818896689	10.19488441516922	medium	8.47654632777342	51	CheckV-002291	43.46	33.73	9.09	24.26	1	1.0
MV-4128_S29__NODE_781_length_8212_cov_9.316170||full	8212	NA	37975.15728747158	21.624663560535744	medium	7.52355836258882	19	CheckV-046219	51.01	38.99	17.6884433877629	23.73073126828384	7	1.0
MV-4128_S29__NODE_798_length_8036_cov_6.839494||full	8036	NA	50947.41651838482	15.77312560510333	medium	9.48837978822797	19	CheckV-015365	43.5	24.4	9.737690566037735	23.250256603773586	2	1.0
MV-4128_S29__NODE_810_length_7879_cov_14.016488||full	7879	NA	80925.9781874812	9.736057785729475	low	23.5973739108457	162	CheckV-003826	45.0	9.44	6.05	16.41	1	1.0
MV-4128_S29__NODE_1009_length_6405_cov_9.196850||full	6405	NA	35767.34301392505	17.90739669286138	low	12.610489098409	3	CheckV-010827	37.52	40.55	10.995882352941175	20.231882352941177	2	1.0
MV-4128_S29__NODE_1033_length_6209_cov_404.209945||full	6209	NA	57106.33757209607	10.872698660041387	medium	8.28456428871274	35	CheckV-042113	38.87	51.01	4.987230008244023	16.24954657873042	2	1.0
MV-4128_S29__NODE_1078_length_5969_cov_4.838688||full	5969	NA	45104.70420377443	13.233652909091697	medium	5.64074565166524	56	CheckV-047960	46.95	76.8	9.438039395569982	16.626806924069875	4	1.0
MV-4128_S29__NODE_1156_length_5590_cov_12.965131||full	5590	NA	50925.10297052396	10.976904657876798	low	10.3521671826625	20	CheckV-040239	48.03	34.44	6.050818915801615	16.024948096885815	2	1.0
MV-4128_S29__NODE_1199_length_5394_cov_5.271961||full	5394	NA	59757.900107473186	9.026421594967388	medium	8.10410146598583	11	CheckV-061501	43.5	60.25	8.714185136897001	15.55766623207301	2	1.0
MV-4128_S29__NODE_1203_length_5381_cov_9.021592||full	5381	NA	40565.0	13.26513003821028	medium	8.38293115600352	1	CheckV-014462	52.77	27.96	8.82	16.06	1	1.0
MV-4128_S29__NODE_1226_length_5275_cov_4.972797||full	5275	NA	43738.17608860186	12.060402311505307	low	11.5125421190565	108	CheckV-000117	42.81	33.16	4.9409479166666666	15.085354166666669	2	1.0
MV-4128_S29__NODE_1253_length_5169_cov_10.143723||full	5169	NA	46052.54924622058	11.224134352180748	low	10.7645695954375	130	CheckV-044823	45.0	38.77	3.47	15.77	1	1.0
MV-4128_S29__NODE_1257_length_5135_cov_19.258661||full	5135	NA	48532.0840729604	10.580629490957632	high	3.92309601747745	87	CheckV-009703	57.25	83.04	6.120674558293085	20.216356987833954	3	1.01
MV-4128_S29__NODE_1319_length_4914_cov_19.732249||full	4914	NA	55727.20528583667	8.817955206608783	medium	6.92502645511634	427	CheckV-009837	54.1	37.0	4.353603773584906	13.123556603773586	2	1.0
MV-4128_S29__NODE_1320_length_4911_cov_7.300247||full	4911	NA	89944.92690872044	5.4600077722936735	low	18.451911776551	524	CheckV-046480	52.2	15.1	2.21	13.37	1	1.0
MV-4128_S29__NODE_1339_length_4826_cov_16.242297||full	4826	NA	37788.17010346379	12.771192642529236	high	4.56709794829606	2	CheckV-032827	54.02	73.22	9.760458580104636	14.650822001725887	5	1.0
MV-4128_S29__NODE_1421_length_4598_cov_7.594101||full	4598	NA	49073.26654260896	9.369663615132863	medium	7.95841548664635	129	CheckV-041763	38.73	59.46	5.743431199721608	16.541011419599492	4	1.0
MV-4128_S29__NODE_1425_length_4590_cov_14.299669||full	4590	NA	55901.492295832555	8.210872038459309	low	10.7645695954375	473	CheckV-001820	44.6	40.98	4.977175925925926	14.001041666666667	2	1.0
MV-4128_S29__NODE_1436_length_4561_cov_9.050377||full	4561	NA	49322.56494285903	9.247288751677837	low	10.3161857728861	66	CheckV-016685	27.97	45.87	6.9909322450289295	13.365756515286732	3	1.0
MV-4128_S29__NODE_1444_length_4547_cov_7.219501||full	4547	NA	59766.76877102936	7.607906690455146	high	4.65404134175022	8	CheckV-061501	43.07	93.81	6.68	13.57	1	1.0
MV-4128_S29__NODE_1472_length_4450_cov_6.714221||full	4450	NA	50791.2892388638	8.761344842168347	low	25.7423874966316	4	CheckV-002054	35.5	15.85	6.155789269417577	13.384578640571835	3	1.0
MV-4128_S29__NODE_1478_length_4434_cov_8.985385||full	4434	NA	39684.150953072996	11.173226322123561	medium	7.02632877950927	356	CheckV-014177	61.0	30.98	4.6578748850046	12.856577736890523	2	1.0
MV-4128_S29__NODE_1498_length_4367_cov_15.724026||full	4367	NA	42126.5529519192	10.366383418515728	medium	5.70526590293573	269	CheckV-020761	41.81	73.65	8.171954456094365	13.617033093053735	3	1.0
MV-4128_S29__NODE_1512_length_4313_cov_6.057304||full	4313	NA	52287.0	8.248704266834968	low	14.2776536177134	1	CheckV-000108	25.5	59.47	9.06	13.95	1	1.0
MV-4128_S29__NODE_1531_length_4262_cov_30.169717||full	4262	NA	47148.34614070027	9.039553555667306	medium	5.33054029793532	7	CheckV-010515	49.89	86.18	6.580612620148107	10.82080406394439	3	1.0
MV-4128_S29__NODE_1701_length_3849_cov_22.680812||full	3849	NA	43714.86616223368	8.804785048902296	medium	5.33054029793532	30	CheckV-060800	50.23	86.36	3.865565749235475	14.525259938837921	2	1.0
MV-4128_S29__NODE_1752_length_3760_cov_4.049123||full	3760	NA	41780.8482106216	8.999338598980684	medium	5.9815914629818	9	CheckV-052152	53.2	51.36	2.5399999999999996	9.36	1	1.0
MV-4128_S29__NODE_1786_length_3708_cov_6.681084||full	3708	NA	52502.40292259161	7.062533891004939	low	13.0126738159548	149	CheckV-018775	43.5	25.0	3.29	11.6	1	1.0
MV-4128_S29__NODE_1805_length_3676_cov_3.907484||full	3676	NA	41155.12368415147	8.932059172538947	low	19.6271853652889	212	CheckV-031202	60.5	9.5	4.997859914645539	13.8539724814784	4	1.0
MV-4128_S29__NODE_1859_length_3586_cov_10.937978||full	3586	NA	40471.05290058779	8.860654079864371	medium	8.06270996640538	2	CheckV-020604	35.05	60.82	7.224804270462633	10.616156583629893	2	1.0
MV-4128_S29__NODE_1881_length_3541_cov_3.825875||full	3541	NA	65058.05837051616	5.4428307402496285	medium	8.30341430665155	41	CheckV-061284	48.17	51.67	5.914450747950115	12.304879685953125	4	1.0
MV-4128_S29__NODE_1962_length_3395_cov_7.533234||full_1	1850	NA	34665.725161703485	5.336683399439639	medium	7.41878841088674	9	CheckV-007284	52.3	33.96	2.467196870925684	8.025488917861798	2	1.0
MV-4128_S29__NODE_2034_length_3297_cov_10.411474||full	3297	NA	42963.17585803432	7.674013696972648	medium	8.41622724100411	5	CheckV-015879	48.6	31.3	5.496280319478615	9.275790932300007	6	1.0
MV-4128_S29__NODE_2107_length_3227_cov_4.817150||full	3227	NA	61492.45307451398	5.247798451119939	medium	6.3231850117096	73	CheckV-010872	52.7	58.38	4.85	9.57	1	1.0
MV-4128_S29__NODE_2108_length_3227_cov_4.023329||full	3227	NA	49964.12762623084	6.458633730464347	low	16.0119781574775	484	CheckV-000852	31.65	70.02	4.040969072164948	9.514536082474226	2	1.0
MV-4128_S29__NODE_2127_length_3205_cov_5.965714||full	3205	NA	48309.80015068461	6.634264662663029	medium	9.97120230381569	34	CheckV-020877	45.85	63.83	3.3299999999999996	9.24	1	1.0
MV-4128_S29__NODE_2219_length_3057_cov_6.585610||full	3057	NA	42917.05041222467	7.12304310440037	medium	6.3231850117096	926	CheckV-011117	56.5	61.4	4.54	8.08	1	1.0
MV-4128_S29__NODE_2263_length_3004_cov_12.958969||full	3004	NA	52180.465790489514	5.756943627259673	medium	8.41622724100411	82	CheckV-019700	48.7	30.41	5.210086455331412	8.757291066282422	2	1.0
MV-4128_S29__NODE_2271_length_2997_cov_42.141400||full	2997	NA	44810.740770980345	6.688128668341212	low	15.1381313075547	3	CheckV-005428	33.2	38.01	4.06	8.72	1	1.0
MV-4128_S29__NODE_2313_length_2952_cov_3.990680||full	2952	NA	59216.569006856516	4.985091249812525	high	3.80699424524126	2	CheckV-047960	68.5	54.79	1.76	7.85	1	1.0
MV-4128_S29__NODE_2322_length_2942_cov_3.921718||full	2942	NA	59363.0	4.9559489917962365	high	3.54623096917935	1	CheckV-047960	71.64	67.71	5.083558282208589	8.100429447852761	2	1.0
MV-4128_S29__NODE_2352_length_2910_cov_11.149212||full	2910	NA	51241.082421905005	5.6790369415693815	low	11.7390330599321	108	CheckV-008464	39.51	41.55	2.019454005934718	7.373632047477744	2	1.0
MV-4128_S29__NODE_2468_length_2803_cov_15.062955||full	2803	NA	45234.67967055808	6.196573116940607	medium	9.43309616708745	14	CheckV-005428	48.53	85.53	3.434475943671465	8.022494797890461	4	1.0
MV-4128_S29__NODE_2484_length_2786_cov_23.277920||full	2786	NA	102881.74235465782	2.707963469743733	low	12.1929432782492	24	CheckV-002053	38.3	33.55	3.08	7.6	1	1.0
MV-4128_S29__NODE_2513_length_2756_cov_3.429471||full	2756	NA	46885.88530330273	5.878101655053663	low	20.4541717367711	3	CheckV-010520	31.9	35.58	1.7565632833411224	2.549259888685899	3	1.0
MV-4128_S29__NODE_2526_length_2738_cov_4.923593||full	2738	NA	42411.08953087706	6.455858668772517	high	4.50257385887133	34	CheckV-043738	68.1	44.85	3.88	7.58	1	1.0
MV-4128_S29__NODE_2531_length_2729_cov_4.931937||full	2729	NA	61320.14887780717	4.450413200134405	medium	9.69093101478708	12	CheckV-041077	44.4	50.11	3.841720012793745	5.641010901725942	4	1.0
MV-4128_S29__NODE_2552_length_2710_cov_7.039925||full	2710	NA	45471.992632419744	5.95971243641493	medium	8.74144713788569	10	CheckV-010401	51.9	75.59	1.93	7.46	1	1.0
MV-4128_S29__NODE_2560_length_2702_cov_4.553079||full	2702	NA	57752.77343211185	4.67856319173345	low	19.7445197918309	16	CheckV-015732	42.5	19.93	4.31	6.41	1	1.0
MV-4128_S29__NODE_2570_length_2693_cov_3.127748||full	2693	NA	47423.58078179218	5.678609576934248	low	10.4791830322074	12	CheckV-062090	37.1	86.22	1.9704272151898734	11.331044303797468	2	1.0
MV-4128_S29__NODE_2588_length_2677_cov_48.880625||full	2677	NA	71745.47237779923	3.7312459048333833	low	10.7907508297973	11	CheckV-002235	45.4	30.5	1.5804190476190474	3.755847619047619	2	1.0
MV-4128_S29__NODE_2592_length_2674_cov_4.342497||full	2674	NA	54026.08557736194	4.949460934331437	low	21.4175654853621	2	CheckV-012818	28.3	28.03	2.38	8.96	1	1.0
MV-4128_S29__NODE_2617_length_2653_cov_4.046959||full	2653	NA	NA	NA	NA	NA	0	NA	NA	NA	3.24	7.67	1	1.0
MV-4128_S29__NODE_2733_length_2554_cov_25.006002||full	2554	NA	63206.18812492428	4.040743597687192	medium	9.38815150534153	22	CheckV-018213	45.2	34.81	4.212955344693557	8.637403970731587	3	1.02
MV-4128_S29__NODE_2911_length_2436_cov_25.319194||full	2436	NA	51662.214601961976	4.71524501759839	low	19.7445197918309	2	CheckV-000471	39.4	19.32	2.2	6.02	1	1.0
MV-4128_S29__NODE_2931_length_2426_cov_17.264867||full	2426	NA	43169.21167524782	5.619745892628866	medium	8.74144713788569	19	CheckV-011560	49.28	72.93	4.046607188656432	7.0397369288828635	3	1.0
MV-4128_S29__NODE_2973_length_2395_cov_9.884615||full	2395	NA	51058.38357826074	4.690708620512861	medium	7.41878841088674	106	CheckV-019700	49.7	37.1	3.1441145833333333	7.181562499999999	2	1.0
MV-4128_S29__NODE_3040_length_2352_cov_3.975185||full	2352	NA	16051.28540755948	14.653032079862632	low	12.2982618713685	10	CheckV-004290	37.0	77.15	3.2144293015332193	14.710221465076662	2	1.0
MV-4128_S29__NODE_3043_length_2350_cov_4.718954||full	2350	NA	NA	NA	NA	NA	0	NA	NA	NA	0.98	6.43	1	1.0
MV-4128_S29__NODE_3063_length_2341_cov_2.304024||full	2341	NA	37632.72371572488	6.220649926069024	medium	9.82267274135623	20	CheckV-004350	43.0	44.35	4.7146716697936215	7.347560975609756	2	1.0
MV-4128_S29__NODE_3067_length_2338_cov_7.628997||full	2338	NA	66990.48893873989	3.4900476724957286	low	11.6206370876712	18	CheckV-002207	47.6	25.86	1.27	5.22	1	1.0
MV-4128_S29__NODE_3084_length_2326_cov_15.331572||full	2326	NA	38376.77282833182	6.060957784034462	medium	8.74144713788569	205	CheckV-016084	50.1	73.47	4.9	6.76	1	1.0
MV-4128_S29__NODE_3213_length_2257_cov_10.679837||full	2257	NA	47916.48176557663	4.710279045615233	low	16.0809671071127	2	CheckV-041938	52.3	9.39	3.64	5.44	1	1.0
MV-4128_S29__NODE_3262_length_2234_cov_4.341900||full	2234	NA	40227.0	5.553483978422452	low	10.2803738317757	1	CheckV-061758	55.9	24.67	3.26	6.17	1	1.0
MV-4128_S29__NODE_3290_length_2223_cov_41.785055||full	2223	NA	50264.35549038504	4.422617137556321	low	10.0451710045171	46	CheckV-028072	41.6	77.22	1.9145634563456349	9.966597659765977	2	1.0
MV-4128_S29__NODE_3365_length_2179_cov_4.495763||full	2179	NA	44452.097509261504	4.901905921415766	low	10.9394929934521	270	CheckV-062090	42.3	59.8	2.86	6.63	1	1.0
MV-4128_S29__NODE_3456_length_2137_cov_3.452450||full	2137	NA	36794.232527034634	5.80797547123679	high	4.93937043075139	74	CheckV-014761	50.9	47.64	2.46	7.0	1	1.0
MV-4128_S29__NODE_3516_length_2104_cov_3.395803||full	2104	NA	NA	NA	NA	NA	0	NA	NA	NA	4.25	6.58	1	1.0
MV-4128_S29__NODE_3663_length_2042_cov_18.450428||full	2042	NA	48279.22004533857	4.229562942571103	high	3.94930684093227	4	CheckV-011631	70.1	57.78	1.4915101070154577	5.311890606420927	2	1.0
MV-4128_S29__NODE_3717_length_2022_cov_4.347229||full	2022	NA	NA	NA	NA	NA	0	NA	NA	NA	3.04	6.0	1	1.0
MV-4128_S29__NODE_3733_length_2015_cov_3.786735||full	2015	NA	51959.345515735404	3.8780319112945256	medium	6.29534285045635	481	CheckV-017709	53.6	53.55	1.08	4.59	1	1.0
MV-4128_S29__NODE_3806_length_1988_cov_2.713399||full	1988	NA	50107.14031193738	3.9674984196341865	medium	7.80727581216628	253	CheckV-007607	61.5	43.78	1.77	6.66	1	1.0
MV-4128_S29__NODE_3923_length_1942_cov_3.143084||full	1942	NA	56098.38554803131	3.4617752026700734	low	12.9948120840075	3	CheckV-016629	48.1	21.27	1.4861006289308174	5.236981132075471	2	1.0
MV-4128_S29__NODE_3939_length_1936_cov_2.935141||full	1936	NA	42908.0	4.511979118113173	low	19.7445197918309	1	CheckV-008294	42.5	21.75	2.87	5.62	1	1.0
MV-4128_S29__NODE_3976_length_1923_cov_6.501071||full	1923	NA	43674.020977086475	4.403075230945417	high	3.42478034785727	58	CheckV-033129	70.4	72.74	3.17	4.95	1	1.0
MV-4128_S29__NODE_4007_length_1913_cov_3.951561||full	1913	NA	43582.39496942108	4.389387048009241	high	3.94930684093227	30	CheckV-021744	71.7	62.27	3.553561643835616	5.590109589041097	2	1.0
MV-4128_S29__NODE_4041_length_1899_cov_4.535249||full	1899	NA	38554.327766666975	4.925517082006611	low	12.3257720688713	60	CheckV-001391	35.8	65.2	2.49	5.78	1	1.0
MV-4128_S29__NODE_4125_length_1868_cov_4.175951||full	1868	NA	49911.415506963254	3.742630781007185	medium	5.38031390760123	71	CheckV-000126	65.1	46.51	2.98	5.59	1	1.0
MV-4128_S29__NODE_4501_length_1745_cov_6.963905||full	1745	NA	37928.591037876045	4.60075091705204	low	18.8069420012078	39	CheckV-058043	29.2	58.79	3.51	5.3	1	1.0
MV-4128_S29__NODE_4565_length_1724_cov_5.352906||full	1724	NA	46456.60642537103	3.7109899595646825	medium	9.43309616708745	34	CheckV-006590	49.1	83.21	2.91	4.78	1	1.0
MV-4128_S29__NODE_4769_length_1671_cov_3.447401||full	1671	NA	41044.95784520435	4.071145611360977	medium	9.97120230381569	5	CheckV-032928	44.6	64.44	1.88	4.43	1	1.0
MV-4128_S29__NODE_4784_length_1668_cov_4.866708||full	1668	NA	53753.94797605643	3.103027894328758	medium	9.38815150534153	30	CheckV-008847	43.7	36.4	0.8800000000000001	4.42	1	1.0
MV-4128_S29__NODE_5051_length_1605_cov_2.536774||full	1605	NA	40188.14218963525	3.9937153412728263	medium	8.74144713788569	109	CheckV-017887	49.7	77.43	1.85	5.26	1	1.0
MV-4128_S29__NODE_5362_length_1535_cov_4.020270||full	1535	NA	52879.83165502323	2.902808030884087	medium	7.56667930805488	9	CheckV-017464	43.46	100.0	0.8	3.46	1	1.0
MV-4128_S29__NODE_5431_length_1520_cov_46.352218||full	1520	NA	78129.53856361183	1.945486979629913	medium	8.22784810126582	23	CheckV-008695	49.61	59.92	1.4687267311988086	3.9413179448994784	2	1.0
