contig_id	contig_length	provirus	proviral_length	gene_count	viral_genes	host_genes	checkv_quality	miuvig_quality	completeness	completeness_method	contamination	kmer_freq	warnings
MV-4122_S12__NODE_1_length_347332_cov_162.618440||0_partial_1	39529	No	NA	62	16	0	Medium-quality	Genome-fragment	85.75	AAI-based (medium-confidence)	0.0	1.0	
MV-4122_S12__NODE_26_length_151132_cov_95.491233||0_partial_1	14079	No	NA	18	12	0	Low-quality	Genome-fragment	20.95	HMM-based (lower-bound)	0.0	1.0	
MV-4122_S12__NODE_74_length_92715_cov_81.746903||0_partial	7593	No	NA	12	1	0	Low-quality	Genome-fragment	5.87	HMM-based (lower-bound)	0.0	1.0	
MV-4122_S12__NODE_79_length_88798_cov_36.475621||0_partial_1	43643	No	NA	63	20	0	High-quality	High-quality	100.0	AAI-based (medium-confidence)	0.0	1.0	
MV-4122_S12__NODE_271_length_41564_cov_9.960804||0_partial	8069	No	NA	11	1	1	Low-quality	Genome-fragment	12.94	HMM-based (lower-bound)	0.0	1.0	
MV-4122_S12__NODE_305_length_38149_cov_45.168215||0_partial_1	8169	No	NA	11	2	0	Low-quality	Genome-fragment	13.13	HMM-based (lower-bound)	0.0	1.0	
MV-4122_S12__NODE_264_length_42130_cov_34.003636||full	42130	No	NA	70	25	0	High-quality	High-quality	95.77	AAI-based (high-confidence)	0.0	1.0	
MV-4122_S12__NODE_277_length_40752_cov_24.280438||full	40752	No	NA	49	7	0	Medium-quality	Genome-fragment	85.56	AAI-based (medium-confidence)	0.0	1.0	
MV-4122_S12__NODE_400_length_30910_cov_29.638243||full_1	25184	No	NA	31	24	0	Medium-quality	Genome-fragment	72.01	AAI-based (medium-confidence)	0.0	1.0	
MV-4122_S12__NODE_467_length_27200_cov_22.006705||full	27200	No	NA	26	5	0	Medium-quality	Genome-fragment	67.08	AAI-based (medium-confidence)	0.0	1.0	
MV-4122_S12__NODE_483_length_26567_cov_28.514673||full	26567	No	NA	37	24	0	Low-quality	Genome-fragment	44.24	AAI-based (medium-confidence)	0.0	1.0	
MV-4122_S12__NODE_691_length_19802_cov_26.363245||full	19802	No	NA	20	10	1	Low-quality	Genome-fragment	25.82	HMM-based (lower-bound)	0.0	1.0	
MV-4122_S12__NODE_716_length_19268_cov_30.342268||full	19268	No	NA	19	11	0	Low-quality	Genome-fragment	38.42	AAI-based (medium-confidence)	0.0	1.0	
MV-4122_S12__NODE_824_length_16631_cov_10.014720||full	16631	No	NA	22	18	0	Low-quality	Genome-fragment	30.96	AAI-based (medium-confidence)	0.0	1.0	
MV-4122_S12__NODE_827_length_16581_cov_8.773327||full	16581	No	NA	16	1	4	Low-quality	Genome-fragment	26.59	HMM-based (lower-bound)	0.0	1.0	
MV-4122_S12__NODE_829_length_16471_cov_34.382493||full	16471	No	NA	21	9	0	Low-quality	Genome-fragment	31.18	AAI-based (medium-confidence)	0.0	1.0	
MV-4122_S12__NODE_832_length_16437_cov_29.122207||full	16437	No	NA	25	11	0	Low-quality	Genome-fragment	26.92	AAI-based (medium-confidence)	0.0	1.0	
MV-4122_S12__NODE_854_length_16097_cov_13.038025||full_1	14391	No	NA	18	9	0	Low-quality	Genome-fragment	26.6	AAI-based (medium-confidence)	0.0	1.0	
MV-4122_S12__NODE_860_length_15987_cov_9.805423||full	15987	No	NA	29	9	0	Low-quality	Genome-fragment	39.87	AAI-based (medium-confidence)	0.0	1.0	
MV-4122_S12__NODE_887_length_15483_cov_77.281436||full	15483	No	NA	23	9	0	Low-quality	Genome-fragment	33.15	AAI-based (medium-confidence)	0.0	1.0	
MV-4122_S12__NODE_986_length_14134_cov_12.305419||full	14134	No	NA	14	4	0	Low-quality	Genome-fragment	32.99	AAI-based (medium-confidence)	0.0	1.0	
MV-4122_S12__NODE_1007_length_13868_cov_8.435170||full	13868	No	NA	17	3	0	Low-quality	Genome-fragment	18.9	HMM-based (lower-bound)	0.0	1.0	
MV-4122_S12__NODE_1181_length_11914_cov_43.765916||full	11914	No	NA	16	6	1	Low-quality	Genome-fragment	13.62	HMM-based (lower-bound)	0.0	1.0	
MV-4122_S12__NODE_1306_length_10734_cov_9.159940||full	10734	No	NA	18	9	0	Low-quality	Genome-fragment	20.31	AAI-based (medium-confidence)	0.0	1.0	
MV-4122_S12__NODE_1429_length_9843_cov_7.395484||full	9843	No	NA	7	4	0	Low-quality	Genome-fragment	23.49	AAI-based (high-confidence)	0.0	1.0	
MV-4122_S12__NODE_1453_length_9642_cov_7.815166||full	9642	No	NA	23	4	0	Low-quality	Genome-fragment	11.76	HMM-based (lower-bound)	0.0	1.0	
MV-4122_S12__NODE_1458_length_9606_cov_8.548948||full	9606	No	NA	14	1	0	Low-quality	Genome-fragment	23.52	AAI-based (medium-confidence)	0.0	1.0	
MV-4122_S12__NODE_1510_length_9268_cov_28.739173||full	9268	No	NA	18	5	0	Low-quality	Genome-fragment	19.13	AAI-based (high-confidence)	0.0	1.0	
MV-4122_S12__NODE_1539_length_9111_cov_29.734982||full	9111	No	NA	13	8	0	Low-quality	Genome-fragment	21.96	AAI-based (medium-confidence)	0.0	1.0	
MV-4122_S12__NODE_1593_length_8783_cov_26.674610||full	8783	No	NA	15	3	0	Low-quality	Genome-fragment	28.36	HMM-based (lower-bound)	0.0	1.0	
MV-4122_S12__NODE_1647_length_8539_cov_5.120344||full	8539	No	NA	14	5	0	Low-quality	Genome-fragment	17.66	AAI-based (medium-confidence)	0.0	1.0	
MV-4122_S12__NODE_1781_length_7727_cov_19.344760||full	7727	No	NA	12	2	0	High-quality	High-quality	100.0	AAI-based (medium-confidence)	0.0	1.0	
MV-4122_S12__NODE_1813_length_7570_cov_8.540519||full	7570	No	NA	12	1	1	Low-quality	Genome-fragment	9.38	AAI-based (medium-confidence)	0.0	1.0	
MV-4122_S12__NODE_1830_length_7457_cov_19.703864||full	7457	No	NA	12	3	0	Low-quality	Genome-fragment	5.89	HMM-based (lower-bound)	0.0	1.0	
MV-4122_S12__NODE_1928_length_7001_cov_18.047941||full	7001	No	NA	5	1	0	Low-quality	Genome-fragment	12.13	AAI-based (medium-confidence)	0.0	1.0	
MV-4122_S12__NODE_2068_length_6406_cov_5.925366||full	6406	No	NA	7	4	0	Low-quality	Genome-fragment	15.41	AAI-based (high-confidence)	0.0	1.0	
MV-4122_S12__NODE_2075_length_6393_cov_48.959766||full	6393	No	NA	8	4	0	Low-quality	Genome-fragment	13.64	AAI-based (medium-confidence)	0.0	1.0	
MV-4122_S12__NODE_2114_length_6246_cov_8.643999||full	6246	No	NA	7	4	0	Low-quality	Genome-fragment	12.77	AAI-based (high-confidence)	0.0	1.0	
MV-4122_S12__NODE_2132_length_6183_cov_4.819191||full	6183	No	NA	14	3	0	Low-quality	Genome-fragment	11.53	HMM-based (lower-bound)	0.0	1.0	
MV-4122_S12__NODE_2163_length_6100_cov_9.710174||full	6100	No	NA	6	3	0	Low-quality	Genome-fragment	12.63	AAI-based (high-confidence)	0.0	1.0	
MV-4122_S12__NODE_2167_length_6092_cov_42.774557||full	6092	No	NA	11	5	0	Low-quality	Genome-fragment	6.04	HMM-based (lower-bound)	0.0	1.0	
MV-4122_S12__NODE_2202_length_5967_cov_10.133627||full	5967	No	NA	9	1	0	Low-quality	Genome-fragment	12.54	HMM-based (lower-bound)	0.0	1.0	
MV-4122_S12__NODE_2224_length_5886_cov_21.770880||full	5886	No	NA	9	4	0	Low-quality	Genome-fragment	3.96	HMM-based (lower-bound)	0.0	1.0	
MV-4122_S12__NODE_2256_length_5800_cov_7.992341||full	5800	No	NA	9	1	0	Low-quality	Genome-fragment	12.18	HMM-based (lower-bound)	0.0	1.0	
MV-4122_S12__NODE_2273_length_5760_cov_9.433304||full	5760	No	NA	9	1	0	Low-quality	Genome-fragment	6.5	HMM-based (lower-bound)	0.0	1.0	
MV-4122_S12__NODE_2294_length_5702_cov_10.309014||full	5702	No	NA	5	2	0	Low-quality	Genome-fragment	4.11	HMM-based (lower-bound)	0.0	1.0	
MV-4122_S12__NODE_2308_length_5669_cov_7.828108||full	5669	No	NA	9	4	0	Low-quality	Genome-fragment	10.53	AAI-based (medium-confidence)	0.0	1.0	
MV-4122_S12__NODE_2317_length_5652_cov_7.599250||full	5652	No	NA	10	1	0	Low-quality	Genome-fragment	11.13	AAI-based (medium-confidence)	0.0	1.0	
MV-4122_S12__NODE_2392_length_5415_cov_20.102799||full	5415	No	NA	9	1	0	Low-quality	Genome-fragment	13.35	AAI-based (medium-confidence)	0.0	1.0	
MV-4122_S12__NODE_2396_length_5403_cov_5.230180||full	5403	No	NA	7	3	0	Low-quality	Genome-fragment	11.3	AAI-based (medium-confidence)	0.0	1.0	
MV-4122_S12__NODE_2426_length_5341_cov_4.953462||full	5341	No	NA	6	5	0	Low-quality	Genome-fragment	11.32	AAI-based (medium-confidence)	0.0	1.0	
MV-4122_S12__NODE_2476_length_5235_cov_5.253668||full	5235	No	NA	10	2	0	Low-quality	Genome-fragment	9.43	AAI-based (medium-confidence)	0.0	1.0	
MV-4122_S12__NODE_2485_length_5204_cov_11.535444||full	5204	No	NA	6	2	0	Low-quality	Genome-fragment	4.49	HMM-based (lower-bound)	0.0	1.0	
MV-4122_S12__NODE_2491_length_5194_cov_4.531232||full	5194	No	NA	6	5	0	Low-quality	Genome-fragment	10.3	AAI-based (medium-confidence)	0.0	1.0	
MV-4122_S12__NODE_2530_length_5093_cov_7.689559||full	5093	No	NA	12	5	0	Low-quality	Genome-fragment	7.18	HMM-based (lower-bound)	0.0	1.0	
MV-4122_S12__NODE_2831_length_4461_cov_13.166364||full	4461	No	NA	6	1	0	Low-quality	Genome-fragment	9.91	AAI-based (medium-confidence)	0.0	1.0	
MV-4122_S12__NODE_2932_length_4280_cov_6.056331||full	4280	No	NA	5	1	0	Low-quality	Genome-fragment	8.87	AAI-based (high-confidence)	0.0	1.0	
MV-4122_S12__NODE_2982_length_4180_cov_6.548364||full	4180	No	NA	3	1	0	Low-quality	Genome-fragment	2.8	HMM-based (lower-bound)	0.0	1.0	
MV-4122_S12__NODE_3151_length_3896_cov_16.703463||full	3896	No	NA	10	1	0	Low-quality	Genome-fragment	3.94	HMM-based (lower-bound)	0.0	1.0	
MV-4122_S12__NODE_3209_length_3809_cov_7.265051||full	3809	No	NA	8	1	0	Low-quality	Genome-fragment	3.44	HMM-based (lower-bound)	0.0	1.0	
MV-4122_S12__NODE_3401_length_3580_cov_4.531064||full	3580	No	NA	4	2	0	Low-quality	Genome-fragment	7.97	AAI-based (high-confidence)	0.0	1.0	
MV-4122_S12__NODE_3523_length_3432_cov_23.011845||full	3432	No	NA	6	1	0	Low-quality	Genome-fragment	5.4	HMM-based (lower-bound)	0.0	1.0	
MV-4122_S12__NODE_3609_length_3333_cov_4.569250||full	3333	No	NA	4	2	0	Low-quality	Genome-fragment	6.73	AAI-based (medium-confidence)	0.0	1.0	
MV-4122_S12__NODE_3659_length_3269_cov_5.257001||full	3269	No	NA	5	2	0	Low-quality	Genome-fragment	7.83	AAI-based (medium-confidence)	0.0	1.0	
MV-4122_S12__NODE_3799_length_3134_cov_10.271842||full	3134	No	NA	4	4	0	Low-quality	Genome-fragment	2.42	HMM-based (lower-bound)	0.0	1.0	
MV-4122_S12__NODE_3840_length_3087_cov_19.054749||full	3087	No	NA	2	1	0	Low-quality	Genome-fragment	5.82	HMM-based (lower-bound)	0.0	1.0	
MV-4122_S12__NODE_3897_length_3046_cov_10.404213||full	3046	No	NA	4	2	0	Low-quality	Genome-fragment	4.59	HMM-based (lower-bound)	0.0	1.0	
MV-4122_S12__NODE_3994_length_2961_cov_9.933586||full	2961	No	NA	7	2	0	Low-quality	Genome-fragment	1.8	HMM-based (lower-bound)	0.0	1.0	
MV-4122_S12__NODE_4067_length_2906_cov_4.130831||full	2906	No	NA	6	3	0	Low-quality	Genome-fragment	2.95	HMM-based (lower-bound)	0.0	1.0	
MV-4122_S12__NODE_4106_length_2875_cov_4.731560||full_1	1538	No	NA	1	1	0	Low-quality	Genome-fragment	4.12	AAI-based (medium-confidence)	0.0	1.0	
MV-4122_S12__NODE_4178_length_2811_cov_6.079826||full	2811	No	NA	3	1	0	Low-quality	Genome-fragment	4.0	HMM-based (lower-bound)	0.0	1.0	
MV-4122_S12__NODE_4197_length_2795_cov_5.828467||full	2795	No	NA	3	1	0	Low-quality	Genome-fragment	5.7	AAI-based (medium-confidence)	0.0	1.0	
MV-4122_S12__NODE_4199_length_2793_cov_4.317020||full	2793	No	NA	3	1	0	Low-quality	Genome-fragment	5.1	HMM-based (lower-bound)	0.0	1.0	
MV-4122_S12__NODE_4249_length_2762_cov_3.294052||full	2762	No	NA	7	3	0	Low-quality	Genome-fragment	6.38	AAI-based (medium-confidence)	0.0	1.0	
MV-4122_S12__NODE_4556_length_2561_cov_21.756983||full	2561	No	NA	6	2	0	Low-quality	Genome-fragment	3.78	AAI-based (medium-confidence)	0.0	1.0	
MV-4122_S12__NODE_4576_length_2553_cov_8.995997||full	2553	No	NA	5	3	0	Low-quality	Genome-fragment	5.0	AAI-based (high-confidence)	0.0	1.0	
MV-4122_S12__NODE_4844_length_2401_cov_17.602302||full	2401	No	NA	6	1	0	Low-quality	Genome-fragment	3.22	HMM-based (lower-bound)	0.0	1.0	
MV-4122_S12__NODE_4891_length_2376_cov_3.342956||full	2376	No	NA	4	1	0	Low-quality	Genome-fragment	6.11	AAI-based (high-confidence)	0.0	1.0	
MV-4122_S12__NODE_4905_length_2371_cov_3.579879||full	2371	No	NA	5	1	0	Low-quality	Genome-fragment	3.89	AAI-based (medium-confidence)	0.0	1.0	
MV-4122_S12__NODE_4925_length_2362_cov_10.135241||full	2362	No	NA	3	1	0	Low-quality	Genome-fragment	2.65	HMM-based (lower-bound)	0.0	1.0	
MV-4122_S12__NODE_5045_length_2308_cov_8.558810||full	2308	No	NA	5	3	0	Low-quality	Genome-fragment	3.78	AAI-based (medium-confidence)	0.0	1.0	
MV-4122_S12__NODE_5048_length_2307_cov_4.635435||full	2307	No	NA	4	3	0	Low-quality	Genome-fragment	6.1	AAI-based (high-confidence)	0.0	1.0	
MV-4122_S12__NODE_5158_length_2254_cov_13.061392||full	2254	No	NA	5	2	0	Low-quality	Genome-fragment	2.72	AAI-based (medium-confidence)	0.0	1.0	
MV-4122_S12__NODE_5385_length_2147_cov_3.107075||full	2147	No	NA	4	1	0	Low-quality	Genome-fragment	4.23	AAI-based (high-confidence)	0.0	1.0	
MV-4122_S12__NODE_5480_length_2109_cov_4.045278||full	2109	No	NA	3	1	0	Low-quality	Genome-fragment	3.75	AAI-based (high-confidence)	0.0	1.0	
MV-4122_S12__NODE_5591_length_2075_cov_3.523762||full	2075	No	NA	4	2	0	Low-quality	Genome-fragment	5.41	AAI-based (high-confidence)	0.0	1.0	
MV-4122_S12__NODE_5787_length_2010_cov_9.278772||full	2010	No	NA	3	1	0	Low-quality	Genome-fragment	1.65	HMM-based (lower-bound)	0.0	1.0	
MV-4122_S12__NODE_5977_length_1957_cov_4.228707||full	1957	No	NA	3	1	0	Low-quality	Genome-fragment	3.4	AAI-based (high-confidence)	0.0	1.0	
MV-4122_S12__NODE_6021_length_1946_cov_4.139080||full	1946	No	NA	3	1	0	Low-quality	Genome-fragment	4.67	AAI-based (medium-confidence)	0.0	1.0	
MV-4122_S12__NODE_6084_length_1924_cov_4.738898||full	1924	No	NA	3	2	0	Low-quality	Genome-fragment	3.87	HMM-based (lower-bound)	0.0	1.0	
MV-4122_S12__NODE_6103_length_1919_cov_12.764485||full	1919	No	NA	5	1	0	Low-quality	Genome-fragment	3.37	HMM-based (lower-bound)	0.0	1.0	
MV-4122_S12__NODE_6138_length_1912_cov_5.299946||full	1912	No	NA	4	3	0	Low-quality	Genome-fragment	1.85	HMM-based (lower-bound)	0.0	1.0	
MV-4122_S12__NODE_6644_length_1778_cov_8.423680||full	1778	No	NA	4	1	0	Low-quality	Genome-fragment	2.91	AAI-based (high-confidence)	0.0	1.0	
MV-4122_S12__NODE_6787_length_1743_cov_2.948460||full	1743	No	NA	3	1	0	Low-quality	Genome-fragment	2.14	HMM-based (lower-bound)	0.0	1.0	
MV-4122_S12__NODE_6875_length_1723_cov_4.261391||full	1723	No	NA	2	1	0	Low-quality	Genome-fragment	1.41	HMM-based (lower-bound)	0.0	1.0	
MV-4122_S12__NODE_7044_length_1683_cov_5.708231||full	1683	No	NA	2	1	0	Low-quality	Genome-fragment	2.03	AAI-based (medium-confidence)	0.0	1.0	
MV-4122_S12__NODE_7095_length_1671_cov_29.245050||full	1671	No	NA	4	1	0	Low-quality	Genome-fragment	3.0	HMM-based (lower-bound)	0.0	1.0	
MV-4122_S12__NODE_7123_length_1667_cov_4.220223||full	1667	No	NA	3	2	0	Low-quality	Genome-fragment	3.25	AAI-based (high-confidence)	0.0	1.0	
MV-4122_S12__NODE_7449_length_1608_cov_4.687057||full	1608	No	NA	4	2	0	Low-quality	Genome-fragment	3.45	HMM-based (lower-bound)	0.0	1.0	
MV-4122_S12__NODE_7576_length_1586_cov_4.300457||full	1586	No	NA	5	1	0	Low-quality	Genome-fragment	2.9	AAI-based (high-confidence)	0.0	1.0	
MV-4122_S12__NODE_7972_length_1517_cov_4.284542||full	1517	No	NA	2	2	0	Low-quality	Genome-fragment	3.74	AAI-based (medium-confidence)	0.0	1.0	
MV-4125_S18__NODE_44_length_72013_cov_269.769240||0_partial_1	23934	No	NA	40	8	0	Medium-quality	Genome-fragment	60.26	AAI-based (medium-confidence)	0.0	1.0	
MV-4125_S18__NODE_179_length_37735_cov_19.758519||0_partial	17956	No	NA	24	6	1	High-quality	High-quality	100.0	AAI-based (medium-confidence)	0.0	1.0	
MV-4125_S18__NODE_31_length_85557_cov_63.526303||full_1	43474	No	NA	80	18	0	Medium-quality	Genome-fragment	63.4	HMM-based (lower-bound)	0.0	1.0	
MV-4125_S18__NODE_192_length_36032_cov_194.343914||full	36032	No	NA	52	19	1	Medium-quality	Genome-fragment	80.52	AAI-based (medium-confidence)	0.0	1.0	
MV-4125_S18__NODE_195_length_35915_cov_21.249247||full	35915	No	NA	51	14	1	Medium-quality	Genome-fragment	78.64	AAI-based (medium-confidence)	0.0	1.0	
MV-4125_S18__NODE_264_length_29536_cov_160.334656||full	29536	No	NA	40	10	1	Medium-quality	Genome-fragment	54.75	AAI-based (medium-confidence)	0.0	1.0	
MV-4125_S18__NODE_320_length_26064_cov_24.608905||full	26064	No	NA	27	4	14	Low-quality	Genome-fragment	27.0	HMM-based (lower-bound)	0.0	1.0	
MV-4125_S18__NODE_378_length_23580_cov_22.248247||full	23580	No	NA	32	12	1	Medium-quality	Genome-fragment	59.1	AAI-based (medium-confidence)	0.0	1.0	
MV-4125_S18__NODE_418_length_22031_cov_283.621451||full_1	15147	No	NA	19	10	1	Low-quality	Genome-fragment	33.02	AAI-based (medium-confidence)	0.0	1.0	
MV-4125_S18__NODE_523_length_18801_cov_19.978342||full	18801	No	NA	22	16	0	Low-quality	Genome-fragment	42.06	AAI-based (medium-confidence)	0.0	1.0	
MV-4125_S18__NODE_560_length_17688_cov_16.352464||full	17688	No	NA	23	10	1	Low-quality	Genome-fragment	33.49	AAI-based (medium-confidence)	0.0	1.0	
MV-4125_S18__NODE_573_length_17263_cov_8.254998||full_1	9323	No	NA	16	8	0	Low-quality	Genome-fragment	20.86	AAI-based (medium-confidence)	0.0	1.0	
MV-4125_S18__NODE_636_length_15578_cov_10.995942||full	15578	No	NA	12	8	0	Low-quality	Genome-fragment	34.14	AAI-based (medium-confidence)	0.0	1.0	
MV-4125_S18__NODE_786_length_13336_cov_20.694225||full_1	7783	No	NA	17	2	0	Low-quality	Genome-fragment	17.35	AAI-based (medium-confidence)	0.0	1.0	
MV-4125_S18__NODE_792_length_13205_cov_217.630570||full	13205	No	NA	12	2	0	Low-quality	Genome-fragment	28.72	HMM-based (lower-bound)	0.0	1.0	
MV-4125_S18__NODE_842_length_12646_cov_16.005004||full	12646	No	NA	17	11	0	Low-quality	Genome-fragment	23.72	AAI-based (medium-confidence)	0.0	1.0	
MV-4125_S18__NODE_848_length_12556_cov_10.932405||full	12556	No	NA	33	8	0	Low-quality	Genome-fragment	28.52	AAI-based (medium-confidence)	0.0	1.0	
MV-4125_S18__NODE_922_length_11680_cov_21.891097||full_1	7007	No	NA	8	6	0	Low-quality	Genome-fragment	15.37	AAI-based (medium-confidence)	0.0	1.0	
MV-4125_S18__NODE_948_length_11464_cov_8.061180||full	11464	No	NA	7	1	0	Low-quality	Genome-fragment	29.49	AAI-based (medium-confidence)	0.0	1.0	
MV-4125_S18__NODE_979_length_11202_cov_17.887862||full	11202	No	NA	29	4	0	Low-quality	Genome-fragment	15.39	HMM-based (lower-bound)	0.0	1.0	
MV-4125_S18__NODE_1159_length_9638_cov_12.392257||full	9638	No	NA	17	4	1	Low-quality	Genome-fragment	7.22	HMM-based (lower-bound)	0.0	1.0	
MV-4125_S18__NODE_1200_length_9348_cov_6.731949||full	9348	No	NA	11	5	0	Low-quality	Genome-fragment	21.58	AAI-based (medium-confidence)	0.0	1.0	
MV-4125_S18__NODE_1277_length_8858_cov_9.778371||full	8858	No	NA	12	8	0	Low-quality	Genome-fragment	13.73	HMM-based (lower-bound)	0.0	1.0	
MV-4125_S18__NODE_1368_length_8387_cov_15.933749||full	8387	No	NA	11	8	0	Low-quality	Genome-fragment	20.22	AAI-based (medium-confidence)	0.0	1.0	
MV-4125_S18__NODE_1571_length_7573_cov_10.957702||full	7573	No	NA	13	5	0	Low-quality	Genome-fragment	12.52	AAI-based (medium-confidence)	0.0	1.0	
MV-4125_S18__NODE_1573_length_7565_cov_4.803728||full	7565	No	NA	10	3	0	Low-quality	Genome-fragment	16.25	AAI-based (medium-confidence)	0.0	1.0	
MV-4125_S18__NODE_1595_length_7461_cov_9.573994||full	7461	No	NA	14	2	0	Low-quality	Genome-fragment	15.02	AAI-based (high-confidence)	0.0	1.0	
MV-4125_S18__NODE_1628_length_7352_cov_10.227491||full	7352	No	NA	12	5	1	Low-quality	Genome-fragment	17.77	AAI-based (medium-confidence)	0.0	1.0	
MV-4125_S18__NODE_1632_length_7348_cov_27.720143||full	7348	No	NA	11	2	0	Low-quality	Genome-fragment	4.35	HMM-based (lower-bound)	0.0	1.0	
MV-4125_S18__NODE_1644_length_7312_cov_12.132975||full	7312	No	NA	11	1	1	Low-quality	Genome-fragment	14.04	HMM-based (lower-bound)	0.0	1.0	
MV-4125_S18__NODE_1697_length_7142_cov_25.355722||full	7142	No	NA	9	5	0	Low-quality	Genome-fragment	12.54	AAI-based (medium-confidence)	0.0	1.0	
MV-4125_S18__NODE_1800_length_6812_cov_7.428149||full	6812	No	NA	9	4	0	Low-quality	Genome-fragment	11.19	AAI-based (medium-confidence)	0.0	1.0	
MV-4125_S18__NODE_1804_length_6787_cov_6.980392||full	6787	No	NA	8	6	0	Low-quality	Genome-fragment	10.41	AAI-based (medium-confidence)	0.0	1.0	
MV-4125_S18__NODE_1964_length_6325_cov_10.363955||full	6325	No	NA	7	4	0	Low-quality	Genome-fragment	13.49	AAI-based (medium-confidence)	0.0	1.0	
MV-4125_S18__NODE_1976_length_6297_cov_6.384652||full	6297	No	NA	8	6	0	Low-quality	Genome-fragment	17.19	AAI-based (medium-confidence)	0.0	1.0	
MV-4125_S18__NODE_2208_length_5722_cov_6.725428||full	5722	No	NA	7	4	0	Low-quality	Genome-fragment	12.73	AAI-based (medium-confidence)	0.0	1.0	
MV-4125_S18__NODE_2330_length_5494_cov_132.858614||full	5494	No	NA	11	2	0	Low-quality	Genome-fragment	9.62	AAI-based (medium-confidence)	0.0	1.0	
MV-4125_S18__NODE_2649_length_4937_cov_15.560631||full	4937	No	NA	9	2	0	Low-quality	Genome-fragment	5.18	HMM-based (lower-bound)	0.0	1.0	
MV-4125_S18__NODE_2695_length_4876_cov_7.858950||full	4876	No	NA	4	1	0	Low-quality	Genome-fragment	9.39	HMM-based (lower-bound)	0.0	1.0	
MV-4125_S18__NODE_2744_length_4809_cov_6.925116||full_1	3756	No	NA	4	2	0	Low-quality	Genome-fragment	7.33	AAI-based (medium-confidence)	0.0	1.0	
MV-4125_S18__NODE_2827_length_4691_cov_251.265962||full	4691	No	NA	8	2	0	Low-quality	Genome-fragment	10.28	AAI-based (medium-confidence)	0.0	1.0	
MV-4125_S18__NODE_2912_length_4600_cov_30.548075||full	4600	No	NA	5	3	0	Low-quality	Genome-fragment	5.59	HMM-based (lower-bound)	0.0	1.0	
MV-4125_S18__NODE_2981_length_4526_cov_5.419593||full	4526	No	NA	10	5	0	Low-quality	Genome-fragment	9.87	AAI-based (medium-confidence)	0.0	1.0	
MV-4125_S18__NODE_3122_length_4358_cov_6.756914||full	4358	No	NA	7	2	0	Low-quality	Genome-fragment	7.23	AAI-based (medium-confidence)	0.0	1.0	
MV-4125_S18__NODE_3135_length_4346_cov_7.134934||full	4346	No	NA	5	4	0	Low-quality	Genome-fragment	10.03	AAI-based (high-confidence)	0.0	1.0	
MV-4125_S18__NODE_3577_length_3953_cov_8.601591||full	3953	No	NA	8	1	0	Low-quality	Genome-fragment	6.37	HMM-based (lower-bound)	0.0	1.0	
MV-4125_S18__NODE_3936_length_3668_cov_5.013285||full	3668	No	NA	8	2	0	Low-quality	Genome-fragment	14.7	AAI-based (medium-confidence)	0.0	1.0	
MV-4125_S18__NODE_3956_length_3651_cov_5.238320||full	3651	No	NA	7	2	0	Low-quality	Genome-fragment	4.04	AAI-based (medium-confidence)	0.0	1.0	
MV-4125_S18__NODE_3983_length_3633_cov_5.179709||full	3633	No	NA	6	3	0	Low-quality	Genome-fragment	9.69	AAI-based (medium-confidence)	0.0	1.0	
MV-4125_S18__NODE_4019_length_3607_cov_9.094595||full	3607	No	NA	8	3	0	Low-quality	Genome-fragment	6.9	AAI-based (high-confidence)	0.0	1.0	
MV-4125_S18__NODE_4108_length_3536_cov_8.706693||full	3536	No	NA	3	2	0	Low-quality	Genome-fragment	7.77	AAI-based (medium-confidence)	0.0	1.0	
MV-4125_S18__NODE_4199_length_3470_cov_4.000586||full	3470	No	NA	4	4	0	Low-quality	Genome-fragment	7.31	AAI-based (medium-confidence)	0.0	1.0	
MV-4125_S18__NODE_4409_length_3324_cov_4.660447||full	3324	No	NA	4	2	0	Low-quality	Genome-fragment	6.83	AAI-based (medium-confidence)	0.0	1.0	
MV-4125_S18__NODE_4414_length_3320_cov_5.839510||full	3320	No	NA	4	2	0	Low-quality	Genome-fragment	1.38	HMM-based (lower-bound)	0.0	1.0	
MV-4125_S18__NODE_4441_length_3302_cov_7.658146||full	3302	No	NA	8	8	0	Low-quality	Genome-fragment	8.55	AAI-based (medium-confidence)	0.0	1.0	
MV-4125_S18__NODE_4767_length_3120_cov_12.794127||full	3120	No	NA	6	2	0	Low-quality	Genome-fragment	6.15	AAI-based (medium-confidence)	0.0	1.0	
MV-4125_S18__NODE_4963_length_3006_cov_18.203660||full	3006	No	NA	5	2	0	Low-quality	Genome-fragment	5.76	AAI-based (medium-confidence)	0.0	1.0	
MV-4125_S18__NODE_5109_length_2938_cov_8.882414||full	2938	No	NA	7	1	0	Low-quality	Genome-fragment	4.33	HMM-based (lower-bound)	0.0	1.0	
MV-4125_S18__NODE_5185_length_2903_cov_5.229284||full	2903	No	NA	5	3	0	Low-quality	Genome-fragment	2.03	HMM-based (lower-bound)	0.0	1.0	
MV-4125_S18__NODE_5230_length_2877_cov_13.729624||full	2877	No	NA	7	2	0	Low-quality	Genome-fragment	4.27	HMM-based (lower-bound)	0.0	1.0	
MV-4125_S18__NODE_5275_length_2854_cov_7.731690||full	2854	No	NA	5	1	0	Low-quality	Genome-fragment	5.76	AAI-based (medium-confidence)	0.0	1.0	
MV-4125_S18__NODE_5330_length_2829_cov_6.411680||full	2829	No	NA	4	1	0	Low-quality	Genome-fragment	5.69	AAI-based (medium-confidence)	0.0	1.0	
MV-4125_S18__NODE_5365_length_2816_cov_4.344440||full	2816	No	NA	7	1	0	Low-quality	Genome-fragment	0.81	HMM-based (lower-bound)	0.0	1.0	
MV-4125_S18__NODE_5548_length_2728_cov_5.784886||full_1	702	No	NA	2	1	0	Low-quality	Genome-fragment	1.23	AAI-based (high-confidence)	0.0	1.0	
MV-4125_S18__NODE_5608_length_2703_cov_5.116314||full	2703	No	NA	3	3	0	Low-quality	Genome-fragment	7.74	AAI-based (medium-confidence)	0.0	1.0	
MV-4125_S18__NODE_5629_length_2695_cov_5.128788||full	2695	No	NA	5	5	0	Low-quality	Genome-fragment	5.34	AAI-based (high-confidence)	0.0	1.0	
MV-4125_S18__NODE_5671_length_2678_cov_6.078155||full	2678	No	NA	5	1	0	Low-quality	Genome-fragment	6.81	AAI-based (high-confidence)	0.0	1.0	
MV-4125_S18__NODE_5771_length_2644_cov_8.093859||full	2644	No	NA	6	3	0	Low-quality	Genome-fragment	4.38	AAI-based (medium-confidence)	0.0	1.0	
MV-4125_S18__NODE_6054_length_2532_cov_4.197416||full	2532	No	NA	4	1	0	Low-quality	Genome-fragment	3.6	HMM-based (lower-bound)	0.0	1.0	
MV-4125_S18__NODE_6130_length_2506_cov_192.864953||full	2506	No	NA	7	2	0	Low-quality	Genome-fragment	0.95	HMM-based (lower-bound)	0.0	1.0	
MV-4125_S18__NODE_6270_length_2459_cov_10.466306||full	2459	No	NA	5	3	0	Low-quality	Genome-fragment	4.13	HMM-based (lower-bound)	0.0	1.0	
MV-4125_S18__NODE_6321_length_2437_cov_5.633501||full	2437	No	NA	5	4	0	Low-quality	Genome-fragment	4.28	HMM-based (lower-bound)	0.0	1.0	
MV-4125_S18__NODE_6385_length_2417_cov_9.039797||full	2417	No	NA	6	6	0	Low-quality	Genome-fragment	3.96	HMM-based (lower-bound)	0.0	1.0	
MV-4125_S18__NODE_6886_length_2272_cov_4.388814||full	2272	No	NA	4	2	0	Low-quality	Genome-fragment	1.96	HMM-based (lower-bound)	0.0	1.0	
MV-4125_S18__NODE_7015_length_2236_cov_4.097662||full	2236	No	NA	10	1	0	Low-quality	Genome-fragment	5.04	AAI-based (medium-confidence)	0.0	1.0	
MV-4125_S18__NODE_7138_length_2204_cov_5.084691||full	2204	No	NA	6	1	0	Low-quality	Genome-fragment	2.34	HMM-based (lower-bound)	0.0	1.0	
MV-4125_S18__NODE_7475_length_2121_cov_3.929816||full	2121	No	NA	3	1	0	Low-quality	Genome-fragment	4.33	AAI-based (high-confidence)	0.0	1.0	
MV-4125_S18__NODE_7577_length_2095_cov_4.035294||full	2095	No	NA	4	1	0	Low-quality	Genome-fragment	1.9	HMM-based (lower-bound)	0.0	1.0	
MV-4125_S18__NODE_7664_length_2071_cov_4.691964||full	2071	No	NA	3	1	0	Low-quality	Genome-fragment	4.06	AAI-based (medium-confidence)	0.0	1.0	
MV-4125_S18__NODE_7772_length_2045_cov_7.276382||full	2045	No	NA	4	2	0	Low-quality	Genome-fragment	5.86	AAI-based (medium-confidence)	0.0	1.0	
MV-4125_S18__NODE_7880_length_2021_cov_5.696846||full	2021	No	NA	3	2	0	Low-quality	Genome-fragment	3.96	AAI-based (medium-confidence)	0.0	1.0	
MV-4125_S18__NODE_7890_length_2017_cov_6.628440||full	2017	No	NA	2	2	0	Low-quality	Genome-fragment	5.4	AAI-based (medium-confidence)	0.0	1.0	
MV-4125_S18__NODE_7915_length_2010_cov_5.056266||full	2010	No	NA	3	2	0	Low-quality	Genome-fragment	1.73	HMM-based (lower-bound)	0.0	1.0	
MV-4125_S18__NODE_8309_length_1926_cov_4.361304||full	1926	No	NA	4	1	0	Low-quality	Genome-fragment	31.1	AAI-based (high-confidence)	0.0	1.0	
MV-4125_S18__NODE_8622_length_1852_cov_11.098497||full	1852	No	NA	2	2	0	Low-quality	Genome-fragment	3.68	AAI-based (medium-confidence)	0.0	1.0	
MV-4125_S18__NODE_8815_length_1818_cov_5.803176||full	1818	No	NA	2	1	0	Low-quality	Genome-fragment	3.2	AAI-based (medium-confidence)	0.0	1.0	
MV-4125_S18__NODE_9053_length_1771_cov_3.625874||full	1771	No	NA	3	1	0	Low-quality	Genome-fragment	2.33	AAI-based (medium-confidence)	0.0	1.0	
MV-4125_S18__NODE_9063_length_1769_cov_4.441074||full	1769	No	NA	5	3	0	Low-quality	Genome-fragment	3.24	HMM-based (lower-bound)	0.0	1.0	
MV-4125_S18__NODE_9239_length_1736_cov_4.663891||full	1736	No	NA	2	1	0	Low-quality	Genome-fragment	0.78	HMM-based (lower-bound)	0.0	1.0	
MV-4125_S18__NODE_10030_length_1606_cov_9.228240||full	1606	No	NA	5	2	0	Low-quality	Genome-fragment	1.17	HMM-based (lower-bound)	0.0	1.0	
MV-4125_S18__NODE_10094_length_1595_cov_4.138312||full	1595	No	NA	4	1	0	Low-quality	Genome-fragment	2.61	AAI-based (high-confidence)	0.0	1.0	
MV-4125_S18__NODE_10119_length_1590_cov_94.237134||full	1590	No	NA	4	1	0	Low-quality	Genome-fragment	1.01	HMM-based (lower-bound)	0.0	1.0	
MV-4125_S18__NODE_10363_length_1551_cov_11.678476||full	1551	No	NA	2	1	0	Low-quality	Genome-fragment	1.27	HMM-based (lower-bound)	0.0	1.0	
MV-4125_S18__NODE_10621_length_1516_cov_14.060233||full	1516	No	NA	2	2	0	Low-quality	Genome-fragment	3.5	AAI-based (medium-confidence)	0.0	1.0	
MV-4128_S29__NODE_1_length_685560_cov_728.732645||0_partial_1	39533	No	NA	51	10	1	High-quality	High-quality	99.29	AAI-based (medium-confidence)	0.0	1.0	
MV-4128_S29__NODE_12_length_141680_cov_673.733402||0_partial	22423	No	NA	36	7	1	Medium-quality	Genome-fragment	50.16	AAI-based (medium-confidence)	0.0	1.0	
MV-4128_S29__NODE_77_length_39259_cov_504.042343||full	39259	No	NA	60	13	1	Medium-quality	Genome-fragment	72.71	AAI-based (medium-confidence)	0.0	1.0	
MV-4128_S29__NODE_95_length_35150_cov_35.603134||full	35150	No	NA	59	15	0	Medium-quality	Genome-fragment	76.25	AAI-based (medium-confidence)	0.0	1.0	
MV-4128_S29__NODE_168_length_25826_cov_27.249311||full_1	14847	No	NA	18	11	1	Low-quality	Genome-fragment	28.3	AAI-based (medium-confidence)	0.0	1.0	
MV-4128_S29__NODE_209_length_22758_cov_20.083822||full	22758	No	NA	29	8	0	Low-quality	Genome-fragment	47.33	AAI-based (medium-confidence)	0.0	1.0	
MV-4128_S29__NODE_219_length_22136_cov_837.337666||full_1	15200	No	NA	19	10	1	Low-quality	Genome-fragment	33.14	AAI-based (medium-confidence)	0.0	1.0	
MV-4128_S29__NODE_409_length_14342_cov_497.228109||full	14342	No	NA	19	12	0	Low-quality	Genome-fragment	30.07	AAI-based (medium-confidence)	0.0	1.0	
MV-4128_S29__NODE_470_length_12571_cov_13.628875||full	12571	No	NA	18	10	0	Low-quality	Genome-fragment	28.1	AAI-based (medium-confidence)	0.0	1.0	
MV-4128_S29__NODE_492_length_12045_cov_6.625021||full	12045	No	NA	16	2	0	Low-quality	Genome-fragment	15.76	HMM-based (lower-bound)	0.0	1.0	
MV-4128_S29__NODE_550_length_11069_cov_18.815689||full	11069	No	NA	30	6	0	Low-quality	Genome-fragment	22.38	AAI-based (medium-confidence)	0.0	1.0	
MV-4128_S29__NODE_575_length_10738_cov_611.299729||full	10738	No	NA	20	6	1	Low-quality	Genome-fragment	6.77	HMM-based (lower-bound)	0.0	1.0	
MV-4128_S29__NODE_587_length_10621_cov_10.908196||full	10621	No	NA	6	2	0	Low-quality	Genome-fragment	19.64	AAI-based (medium-confidence)	0.0	1.0	
MV-4128_S29__NODE_675_length_9378_cov_4.630376||full	9378	No	NA	7	5	0	Low-quality	Genome-fragment	20.23	AAI-based (high-confidence)	0.0	1.0	
MV-4128_S29__NODE_776_length_8224_cov_17.021912||full	8224	No	NA	13	1	1	Low-quality	Genome-fragment	10.19	AAI-based (medium-confidence)	0.0	1.0	
MV-4128_S29__NODE_781_length_8212_cov_9.316170||full	8212	No	NA	10	7	0	Low-quality	Genome-fragment	21.62	AAI-based (medium-confidence)	0.0	1.0	
MV-4128_S29__NODE_798_length_8036_cov_6.839494||full	8036	No	NA	18	2	0	Low-quality	Genome-fragment	15.77	AAI-based (medium-confidence)	0.0	1.0	
MV-4128_S29__NODE_810_length_7879_cov_14.016488||full	7879	No	NA	13	1	0	Low-quality	Genome-fragment	6.05	HMM-based (lower-bound)	0.0	1.0	
MV-4128_S29__NODE_1009_length_6405_cov_9.196850||full	6405	No	NA	6	2	0	Low-quality	Genome-fragment	11.0	HMM-based (lower-bound)	0.0	1.0	
MV-4128_S29__NODE_1033_length_6209_cov_404.209945||full	6209	No	NA	11	2	0	Low-quality	Genome-fragment	10.87	AAI-based (medium-confidence)	0.0	1.0	
MV-4128_S29__NODE_1078_length_5969_cov_4.838688||full	5969	No	NA	8	4	0	Low-quality	Genome-fragment	13.23	AAI-based (medium-confidence)	0.0	1.0	
MV-4128_S29__NODE_1156_length_5590_cov_12.965131||full	5590	No	NA	12	2	0	Low-quality	Genome-fragment	6.05	HMM-based (lower-bound)	0.0	1.0	
MV-4128_S29__NODE_1199_length_5394_cov_5.271961||full	5394	No	NA	6	2	0	Low-quality	Genome-fragment	9.03	AAI-based (medium-confidence)	0.0	1.0	
MV-4128_S29__NODE_1203_length_5381_cov_9.021592||full	5381	No	NA	5	1	0	Low-quality	Genome-fragment	13.27	AAI-based (medium-confidence)	0.0	1.0	
MV-4128_S29__NODE_1226_length_5275_cov_4.972797||full	5275	No	NA	10	2	0	Low-quality	Genome-fragment	4.94	HMM-based (lower-bound)	0.0	1.0	
MV-4128_S29__NODE_1253_length_5169_cov_10.143723||full	5169	No	NA	8	1	0	Low-quality	Genome-fragment	3.47	HMM-based (lower-bound)	0.0	1.0	
MV-4128_S29__NODE_1257_length_5135_cov_19.258661||full	5135	No	NA	5	3	0	Low-quality	Genome-fragment	10.58	AAI-based (high-confidence)	0.0	1.01	
MV-4128_S29__NODE_1319_length_4914_cov_19.732249||full	4914	No	NA	6	2	0	Low-quality	Genome-fragment	8.82	AAI-based (medium-confidence)	0.0	1.0	
MV-4128_S29__NODE_1320_length_4911_cov_7.300247||full	4911	No	NA	6	1	0	Low-quality	Genome-fragment	2.21	HMM-based (lower-bound)	0.0	1.0	
MV-4128_S29__NODE_1339_length_4826_cov_16.242297||full	4826	No	NA	9	5	0	Low-quality	Genome-fragment	12.77	AAI-based (high-confidence)	0.0	1.0	
MV-4128_S29__NODE_1421_length_4598_cov_7.594101||full	4598	No	NA	5	4	0	Low-quality	Genome-fragment	9.37	AAI-based (medium-confidence)	0.0	1.0	
MV-4128_S29__NODE_1425_length_4590_cov_14.299669||full	4590	No	NA	6	2	0	Low-quality	Genome-fragment	4.98	HMM-based (lower-bound)	0.0	1.0	
MV-4128_S29__NODE_1436_length_4561_cov_9.050377||full	4561	No	NA	7	3	0	Low-quality	Genome-fragment	6.99	HMM-based (lower-bound)	0.0	1.0	
MV-4128_S29__NODE_1444_length_4547_cov_7.219501||full	4547	No	NA	6	1	0	Low-quality	Genome-fragment	7.61	AAI-based (high-confidence)	0.0	1.0	
MV-4128_S29__NODE_1472_length_4450_cov_6.714221||full	4450	No	NA	8	3	0	Low-quality	Genome-fragment	6.16	HMM-based (lower-bound)	0.0	1.0	
MV-4128_S29__NODE_1478_length_4434_cov_8.985385||full	4434	No	NA	11	2	0	Low-quality	Genome-fragment	11.17	AAI-based (medium-confidence)	0.0	1.0	
MV-4128_S29__NODE_1498_length_4367_cov_15.724026||full	4367	No	NA	8	3	0	Low-quality	Genome-fragment	10.37	AAI-based (medium-confidence)	0.0	1.0	
MV-4128_S29__NODE_1512_length_4313_cov_6.057304||full	4313	No	NA	4	1	0	Low-quality	Genome-fragment	9.06	HMM-based (lower-bound)	0.0	1.0	
MV-4128_S29__NODE_1531_length_4262_cov_30.169717||full	4262	No	NA	5	3	0	Low-quality	Genome-fragment	9.04	AAI-based (medium-confidence)	0.0	1.0	
MV-4128_S29__NODE_1701_length_3849_cov_22.680812||full	3849	No	NA	3	2	0	Low-quality	Genome-fragment	8.8	AAI-based (medium-confidence)	0.0	1.0	
MV-4128_S29__NODE_1752_length_3760_cov_4.049123||full	3760	No	NA	4	1	0	Low-quality	Genome-fragment	9.0	AAI-based (medium-confidence)	0.0	1.0	
MV-4128_S29__NODE_1786_length_3708_cov_6.681084||full	3708	No	NA	8	1	0	Low-quality	Genome-fragment	3.29	HMM-based (lower-bound)	0.0	1.0	
MV-4128_S29__NODE_1805_length_3676_cov_3.907484||full	3676	No	NA	6	4	0	Low-quality	Genome-fragment	5.0	HMM-based (lower-bound)	0.0	1.0	
MV-4128_S29__NODE_1859_length_3586_cov_10.937978||full	3586	No	NA	4	2	0	Low-quality	Genome-fragment	8.86	AAI-based (medium-confidence)	0.0	1.0	
MV-4128_S29__NODE_1881_length_3541_cov_3.825875||full	3541	No	NA	7	4	0	Low-quality	Genome-fragment	5.44	AAI-based (medium-confidence)	0.0	1.0	
MV-4128_S29__NODE_1962_length_3395_cov_7.533234||full_1	1850	No	NA	4	2	0	Low-quality	Genome-fragment	5.34	AAI-based (medium-confidence)	0.0	1.0	
MV-4128_S29__NODE_2034_length_3297_cov_10.411474||full	3297	No	NA	7	6	0	Low-quality	Genome-fragment	7.67	AAI-based (medium-confidence)	0.0	1.0	
MV-4128_S29__NODE_2107_length_3227_cov_4.817150||full	3227	No	NA	4	1	0	Low-quality	Genome-fragment	5.25	AAI-based (medium-confidence)	0.0	1.0	
MV-4128_S29__NODE_2108_length_3227_cov_4.023329||full	3227	No	NA	6	2	0	Low-quality	Genome-fragment	4.04	HMM-based (lower-bound)	0.0	1.0	
MV-4128_S29__NODE_2127_length_3205_cov_5.965714||full	3205	No	NA	6	1	0	Low-quality	Genome-fragment	6.63	AAI-based (medium-confidence)	0.0	1.0	
MV-4128_S29__NODE_2219_length_3057_cov_6.585610||full	3057	No	NA	4	1	0	Low-quality	Genome-fragment	7.12	AAI-based (medium-confidence)	0.0	1.0	
MV-4128_S29__NODE_2263_length_3004_cov_12.958969||full	3004	No	NA	5	2	0	Low-quality	Genome-fragment	5.76	AAI-based (medium-confidence)	0.0	1.0	
MV-4128_S29__NODE_2271_length_2997_cov_42.141400||full	2997	No	NA	4	1	0	Low-quality	Genome-fragment	4.06	HMM-based (lower-bound)	0.0	1.0	
MV-4128_S29__NODE_2313_length_2952_cov_3.990680||full	2952	No	NA	6	1	0	Low-quality	Genome-fragment	4.99	AAI-based (high-confidence)	0.0	1.0	
MV-4128_S29__NODE_2322_length_2942_cov_3.921718||full	2942	No	NA	6	2	0	Low-quality	Genome-fragment	4.96	AAI-based (high-confidence)	0.0	1.0	
MV-4128_S29__NODE_2352_length_2910_cov_11.149212||full	2910	No	NA	6	2	0	Low-quality	Genome-fragment	2.02	HMM-based (lower-bound)	0.0	1.0	
MV-4128_S29__NODE_2468_length_2803_cov_15.062955||full	2803	No	NA	4	4	0	Low-quality	Genome-fragment	6.2	AAI-based (medium-confidence)	0.0	1.0	
MV-4128_S29__NODE_2484_length_2786_cov_23.277920||full	2786	No	NA	5	1	0	Low-quality	Genome-fragment	3.08	HMM-based (lower-bound)	0.0	1.0	
MV-4128_S29__NODE_2513_length_2756_cov_3.429471||full	2756	No	NA	4	3	0	Low-quality	Genome-fragment	1.76	HMM-based (lower-bound)	0.0	1.0	
MV-4128_S29__NODE_2526_length_2738_cov_4.923593||full	2738	No	NA	2	1	0	Low-quality	Genome-fragment	6.46	AAI-based (high-confidence)	0.0	1.0	
MV-4128_S29__NODE_2531_length_2729_cov_4.931937||full	2729	No	NA	5	4	0	Low-quality	Genome-fragment	4.45	AAI-based (medium-confidence)	0.0	1.0	
MV-4128_S29__NODE_2552_length_2710_cov_7.039925||full	2710	No	NA	3	1	0	Low-quality	Genome-fragment	5.96	AAI-based (medium-confidence)	0.0	1.0	
MV-4128_S29__NODE_2560_length_2702_cov_4.553079||full	2702	No	NA	7	1	0	Low-quality	Genome-fragment	4.31	HMM-based (lower-bound)	0.0	1.0	
MV-4128_S29__NODE_2570_length_2693_cov_3.127748||full	2693	No	NA	3	2	0	Low-quality	Genome-fragment	1.97	HMM-based (lower-bound)	0.0	1.0	
MV-4128_S29__NODE_2588_length_2677_cov_48.880625||full	2677	No	NA	5	2	0	Low-quality	Genome-fragment	1.58	HMM-based (lower-bound)	0.0	1.0	
MV-4128_S29__NODE_2592_length_2674_cov_4.342497||full	2674	No	NA	7	1	0	Low-quality	Genome-fragment	2.38	HMM-based (lower-bound)	0.0	1.0	
MV-4128_S29__NODE_2617_length_2653_cov_4.046959||full	2653	No	NA	8	1	0	Low-quality	Genome-fragment	3.24	HMM-based (lower-bound)	0.0	1.0	
MV-4128_S29__NODE_2733_length_2554_cov_25.006002||full	2554	No	NA	5	3	0	Low-quality	Genome-fragment	4.04	AAI-based (medium-confidence)	0.0	1.02	
MV-4128_S29__NODE_2911_length_2436_cov_25.319194||full	2436	No	NA	4	1	0	Low-quality	Genome-fragment	2.2	HMM-based (lower-bound)	0.0	1.0	
MV-4128_S29__NODE_2931_length_2426_cov_17.264867||full	2426	No	NA	6	3	0	Low-quality	Genome-fragment	5.62	AAI-based (medium-confidence)	0.0	1.0	
MV-4128_S29__NODE_2973_length_2395_cov_9.884615||full	2395	No	NA	3	2	0	Low-quality	Genome-fragment	4.69	AAI-based (medium-confidence)	0.0	1.0	
MV-4128_S29__NODE_3040_length_2352_cov_3.975185||full	2352	No	NA	3	2	0	Low-quality	Genome-fragment	3.21	HMM-based (lower-bound)	0.0	1.0	
MV-4128_S29__NODE_3043_length_2350_cov_4.718954||full	2350	No	NA	4	1	0	Low-quality	Genome-fragment	0.98	HMM-based (lower-bound)	0.0	1.0	
MV-4128_S29__NODE_3063_length_2341_cov_2.304024||full	2341	No	NA	3	2	0	Low-quality	Genome-fragment	6.22	AAI-based (medium-confidence)	0.0	1.0	
MV-4128_S29__NODE_3067_length_2338_cov_7.628997||full	2338	No	NA	4	1	0	Low-quality	Genome-fragment	1.27	HMM-based (lower-bound)	0.0	1.0	
MV-4128_S29__NODE_3084_length_2326_cov_15.331572||full	2326	No	NA	2	1	0	Low-quality	Genome-fragment	6.06	AAI-based (medium-confidence)	0.0	1.0	
MV-4128_S29__NODE_3213_length_2257_cov_10.679837||full	2257	No	NA	8	1	0	Low-quality	Genome-fragment	3.64	HMM-based (lower-bound)	0.0	1.0	
MV-4128_S29__NODE_3262_length_2234_cov_4.341900||full	2234	No	NA	5	1	0	Low-quality	Genome-fragment	3.26	HMM-based (lower-bound)	0.0	1.0	
MV-4128_S29__NODE_3290_length_2223_cov_41.785055||full	2223	No	NA	4	2	0	Low-quality	Genome-fragment	1.91	HMM-based (lower-bound)	0.0	1.0	
MV-4128_S29__NODE_3365_length_2179_cov_4.495763||full	2179	No	NA	4	1	0	Low-quality	Genome-fragment	2.86	HMM-based (lower-bound)	0.0	1.0	
MV-4128_S29__NODE_3456_length_2137_cov_3.452450||full	2137	No	NA	5	1	0	Low-quality	Genome-fragment	5.81	AAI-based (high-confidence)	0.0	1.0	
MV-4128_S29__NODE_3516_length_2104_cov_3.395803||full	2104	No	NA	2	1	0	Low-quality	Genome-fragment	4.25	HMM-based (lower-bound)	0.0	1.0	
MV-4128_S29__NODE_3663_length_2042_cov_18.450428||full	2042	No	NA	5	2	0	Low-quality	Genome-fragment	4.23	AAI-based (high-confidence)	0.0	1.0	
MV-4128_S29__NODE_3717_length_2022_cov_4.347229||full	2022	No	NA	3	1	0	Low-quality	Genome-fragment	3.04	HMM-based (lower-bound)	0.0	1.0	
MV-4128_S29__NODE_3733_length_2015_cov_3.786735||full	2015	No	NA	3	1	0	Low-quality	Genome-fragment	3.88	AAI-based (medium-confidence)	0.0	1.0	
MV-4128_S29__NODE_3806_length_1988_cov_2.713399||full	1988	No	NA	3	1	0	Low-quality	Genome-fragment	3.97	AAI-based (medium-confidence)	0.0	1.0	
MV-4128_S29__NODE_3923_length_1942_cov_3.143084||full	1942	No	NA	3	2	0	Low-quality	Genome-fragment	1.49	HMM-based (lower-bound)	0.0	1.0	
MV-4128_S29__NODE_3939_length_1936_cov_2.935141||full	1936	No	NA	3	1	0	Low-quality	Genome-fragment	2.87	HMM-based (lower-bound)	0.0	1.0	
MV-4128_S29__NODE_3976_length_1923_cov_6.501071||full	1923	No	NA	4	1	0	Low-quality	Genome-fragment	4.4	AAI-based (high-confidence)	0.0	1.0	
MV-4128_S29__NODE_4007_length_1913_cov_3.951561||full	1913	No	NA	3	2	0	Low-quality	Genome-fragment	4.39	AAI-based (high-confidence)	0.0	1.0	
MV-4128_S29__NODE_4041_length_1899_cov_4.535249||full	1899	No	NA	3	1	0	Low-quality	Genome-fragment	2.49	HMM-based (lower-bound)	0.0	1.0	
MV-4128_S29__NODE_4125_length_1868_cov_4.175951||full	1868	No	NA	5	1	0	Low-quality	Genome-fragment	3.74	AAI-based (medium-confidence)	0.0	1.0	
MV-4128_S29__NODE_4501_length_1745_cov_6.963905||full	1745	No	NA	3	1	0	Low-quality	Genome-fragment	3.51	HMM-based (lower-bound)	0.0	1.0	
MV-4128_S29__NODE_4565_length_1724_cov_5.352906||full	1724	No	NA	2	1	0	Low-quality	Genome-fragment	3.71	AAI-based (medium-confidence)	0.0	1.0	
MV-4128_S29__NODE_4769_length_1671_cov_3.447401||full	1671	No	NA	3	1	0	Low-quality	Genome-fragment	4.07	AAI-based (medium-confidence)	0.0	1.0	
MV-4128_S29__NODE_4784_length_1668_cov_4.866708||full	1668	No	NA	5	1	0	Low-quality	Genome-fragment	3.1	AAI-based (medium-confidence)	0.0	1.0	
MV-4128_S29__NODE_5051_length_1605_cov_2.536774||full	1605	No	NA	3	1	0	Low-quality	Genome-fragment	3.99	AAI-based (medium-confidence)	0.0	1.0	
MV-4128_S29__NODE_5362_length_1535_cov_4.020270||full	1535	No	NA	3	1	0	Low-quality	Genome-fragment	2.9	AAI-based (medium-confidence)	0.0	1.0	
MV-4128_S29__NODE_5431_length_1520_cov_46.352218||full	1520	No	NA	4	2	0	Low-quality	Genome-fragment	1.95	AAI-based (medium-confidence)	0.0	1.0	
