phage,host,#common-kmers,pvalue,adj-pvalue
vOTU_001.fna
vOTU_002.fna,Biragzang__NODE_2732_length_5213_cov_5.305739.fna,4,6.248885e-09,2.743885e-05
vOTU_003.fna,Biragzang__NODE_2732_length_5213_cov_5.305739.fna,10,1.477614e-12,6.488201e-09
vOTU_004.fna,Biragzang__NODE_2547_length_5435_cov_5.328439.fna,1,3.914624e-07,1.718912e-03
vOTU_005.fna
vOTU_006.fna
vOTU_007.fna,Biragzang__NODE_1281_length_8403_cov_10.573551.fna,3,3.648802e-08,1.602189e-04
vOTU_008.fna
vOTU_009.fna
vOTU_010.fna
vOTU_011.fna,cell-4125-0-44_S16__NODE_13_length_19476_cov_11.304928.fna,96,0.000000e+00,0.000000e+00
vOTU_012.fna,cell-4125-0-44_S16__NODE_351_length_6340_cov_8.043437.fna,1,2.822818e-07,1.239499e-03
vOTU_012.fna,Biragzang__NODE_201_length_22209_cov_12.574118.fna,1,9.910698e-07,4.351788e-03
vOTU_013.fna
vOTU_014.fna,cell-4122-0-22_S11__NODE_223_length_5434_cov_10.978992.fna,3,1.364849e-08,5.993051e-05
vOTU_014.fna,cell-4122-0-44_S10__NODE_33_length_33593_cov_537.073379.fna,3,8.454087e-08,3.712190e-04
vOTU_015.fna
vOTU_016.fna,Biragzang__NODE_183_length_22800_cov_11.772214.fna,1,7.785793e-07,3.418742e-03
vOTU_017.fna,Biragzang__NODE_457_length_14446_cov_11.174415.fna,1,4.810407e-07,2.112250e-03
vOTU_018.fna,Biragzang__NODE_2459_length_5586_cov_9.654674.fna,1,1.771501e-07,7.778662e-04
vOTU_019.fna
vOTU_020.fna
vOTU_021.fna,Biragzang__NODE_1401_length_7970_cov_24.231586.fna,7,5.699215e-11,2.502525e-07
vOTU_022.fna
vOTU_023.fna
vOTU_024.fna
vOTU_025.fna
vOTU_026.fna,cell-4125-0-44_S16__NODE_275_length_6995_cov_5.487896.fna,20,7.047314e-19,3.094476e-15
vOTU_027.fna
vOTU_028.fna,cell-4125-0-44_S16__NODE_13_length_19476_cov_11.304928.fna,25,0.000000e+00,0.000000e+00
vOTU_029.fna
vOTU_030.fna
vOTU_031.fna
vOTU_032.fna
vOTU_033.fna
vOTU_034.fna,Biragzang__NODE_476_length_14198_cov_56.688044.fna,2,7.552040e-08,3.316101e-04
vOTU_035.fna
vOTU_036.fna
vOTU_037.fna
vOTU_038.fna
vOTU_039.fna
vOTU_040.fna
vOTU_041.fna
vOTU_042.fna
vOTU_043.fna
vOTU_044.fna
vOTU_045.fna
vOTU_046.fna
vOTU_047.fna
vOTU_048.fna,cell-4125-0-44_S16__NODE_13_length_19476_cov_11.304928.fna,7,7.837120e-11,3.441279e-07
vOTU_049.fna
vOTU_050.fna
vOTU_051.fna
vOTU_052.fna
vOTU_053.fna
vOTU_054.fna
vOTU_055.fna
vOTU_056.fna
vOTU_057.fna,cell-4125-0-44_S16__NODE_97_length_10061_cov_7.182990.fna,1,1.425779e-07,6.260595e-04
vOTU_058.fna,cell-4125-0-44_S16__NODE_403_length_6039_cov_7.482787.fna,21,5.421011e-20,2.380366e-16
vOTU_059.fna
vOTU_060.fna
vOTU_061.fna,cell-4125-0-44_S16__NODE_403_length_6039_cov_7.482787.fna,27,0.000000e+00,0.000000e+00
vOTU_062.fna
vOTU_063.fna
vOTU_064.fna
vOTU_065.fna
vOTU_066.fna,cell-4122-0-44_S10__NODE_137_length_12603_cov_23.918393.fna,3,9.929156e-09,4.359892e-05
vOTU_067.fna
vOTU_068.fna
vOTU_069.fna
vOTU_070.fna,Biragzang__NODE_1822_length_6763_cov_7.348390.fna,1,7.636217e-08,3.353063e-04
vOTU_071.fna,cell-4122-0-44_S10__NODE_89_length_15277_cov_411.056891.fna,1,1.724987e-07,7.574418e-04
vOTU_072.fna
vOTU_073.fna
vOTU_074.fna
vOTU_075.fna
vOTU_076.fna,Biragzang__NODE_353_length_16533_cov_11.542663.fna,80,0.000000e+00,0.000000e+00
vOTU_077.fna
vOTU_078.fna
vOTU_079.fna
vOTU_080.fna
vOTU_081.fna
vOTU_082.fna
vOTU_083.fna
vOTU_084.fna
vOTU_085.fna
vOTU_086.fna,cell-4125-0-44_S16__NODE_82_length_10687_cov_9.055963.fna,31,0.000000e+00,0.000000e+00
vOTU_087.fna
vOTU_088.fna
vOTU_089.fna
vOTU_090.fna
vOTU_091.fna
vOTU_092.fna
vOTU_093.fna,cell-4125-0-44_S16__NODE_645_length_5041_cov_9.597673.fna,2,1.153649e-08,5.065672e-05
vOTU_093.fna,cell-4125-0-44_S16__NODE_40_length_12954_cov_10.670129.fna,2,2.973130e-08,1.305501e-04
vOTU_094.fna
vOTU_095.fna
vOTU_096.fna
vOTU_097.fna
