vOTU_001	MV-4122_S12__NODE_79_length_88798_cov_36.475621	2	43644	88798
vOTU_002	MV-4122_S12__NODE_37_length_131343_cov_196.227919	74844	118317	131343
vOTU_005	MV-4128_S29__NODE_1_length_685560_cov_728.732645	342407	381939	685560
vOTU_006	MV-4122_S12__NODE_1_length_347332_cov_162.618440	302174	341702	347332
vOTU_012	MV-4122_S12__NODE_400_length_30910_cov_29.638243	5727	30910	30910
vOTU_018	MV-4122_S12__NODE_150_length_60956_cov_139.780135	19874	37829	60956
vOTU_026	MV-4128_S29__NODE_219_length_22136_cov_837.337666	6937	22136	22136
vOTU_027	MV-4128_S29__NODE_168_length_25826_cov_27.249311	1	14847	25826
vOTU_030	MV-4122_S12__NODE_26_length_151132_cov_95.491233	1	14079	151132
vOTU_032	MV-4122_S12__NODE_5_length_250913_cov_121.761750	102697	115342	250913
vOTU_036	MV-4122_S12__NODE_517_length_25277_cov_17.470859	7016	18479	25277
vOTU_048	MV-4122_S12__NODE_500_length_25921_cov_24.009743	7971	17293	25921
vOTU_055	MV-4122_S12__NODE_305_length_38149_cov_45.168215	277	8445	38149
vOTU_056	MV-4122_S12__NODE_271_length_41564_cov_9.960804	33494	41562	41564
vOTU_060	MV-4122_S12__NODE_74_length_92715_cov_81.746903	15654	23246	92715
vOTU_065	MV-4122_S12__NODE_100_length_77687_cov_44.800675	21835	29146	77687
vOTU_066	MV-4122_S12__NODE_13_length_180342_cov_55.843233	119676	126817	180342
vOTU_067	MV-4122_S12__NODE_13_length_180342_cov_55.843233	126982	133988	180342
