votu	host_contig	start	end	host_len	library	median_depth_in	median_depth_flanks	ratio_in_over_flank
vOTU_001	MV-4122_S12__NODE_79_length_88798_cov_36.475621	2	43644	88798	MV-4122_S12	46.0	69.0	0.67
vOTU_001	MV-4122_S12__NODE_79_length_88798_cov_36.475621	2	43644	88798	MV-4125_S18	0.0	0.0	nan
vOTU_001	MV-4122_S12__NODE_79_length_88798_cov_36.475621	2	43644	88798	MV-4128_S29	0.0	0.0	nan
vOTU_001	MV-4122_S12__NODE_79_length_88798_cov_36.475621	2	43644	88798	4122-0-22_S11	0.0	0.0	nan
vOTU_001	MV-4122_S12__NODE_79_length_88798_cov_36.475621	2	43644	88798	4122-0-44_S10	0.0	0.0	nan
vOTU_001	MV-4122_S12__NODE_79_length_88798_cov_36.475621	2	43644	88798	4125-0-22_S17	0.0	0.0	nan
vOTU_001	MV-4122_S12__NODE_79_length_88798_cov_36.475621	2	43644	88798	4125-0-44_S16	0.0	0.0	nan
vOTU_001	MV-4122_S12__NODE_79_length_88798_cov_36.475621	2	43644	88798	4128-0-22_S28	0.0	0.0	nan
vOTU_001	MV-4122_S12__NODE_79_length_88798_cov_36.475621	2	43644	88798	4128-0-44_S27	0.0	0.0	nan
vOTU_001	MV-4122_S12__NODE_79_length_88798_cov_36.475621	2	43644	88798	4128_S30	0.0	0.0	nan
vOTU_001	MV-4122_S12__NODE_79_length_88798_cov_36.475621	2	43644	88798	NC1_S64	0.0	0.0	nan
vOTU_002	MV-4122_S12__NODE_37_length_131343_cov_196.227919	74844	118317	131343	MV-4122_S12	248.0	330.0	0.75
vOTU_002	MV-4122_S12__NODE_37_length_131343_cov_196.227919	74844	118317	131343	MV-4125_S18	94.0	103.0	0.91
vOTU_002	MV-4122_S12__NODE_37_length_131343_cov_196.227919	74844	118317	131343	MV-4128_S29	0.0	0.0	nan
vOTU_002	MV-4122_S12__NODE_37_length_131343_cov_196.227919	74844	118317	131343	4122-0-22_S11	0.0	0.0	nan
vOTU_002	MV-4122_S12__NODE_37_length_131343_cov_196.227919	74844	118317	131343	4122-0-44_S10	0.0	0.0	nan
vOTU_002	MV-4122_S12__NODE_37_length_131343_cov_196.227919	74844	118317	131343	4125-0-22_S17	0.0	0.0	nan
vOTU_002	MV-4122_S12__NODE_37_length_131343_cov_196.227919	74844	118317	131343	4125-0-44_S16	0.0	0.0	nan
vOTU_002	MV-4122_S12__NODE_37_length_131343_cov_196.227919	74844	118317	131343	4128-0-22_S28	0.0	0.0	nan
vOTU_002	MV-4122_S12__NODE_37_length_131343_cov_196.227919	74844	118317	131343	4128-0-44_S27	0.0	0.0	nan
vOTU_002	MV-4122_S12__NODE_37_length_131343_cov_196.227919	74844	118317	131343	4128_S30	0.0	0.0	nan
vOTU_002	MV-4122_S12__NODE_37_length_131343_cov_196.227919	74844	118317	131343	NC1_S64	0.0	0.0	nan
vOTU_005	MV-4128_S29__NODE_1_length_685560_cov_728.732645	342407	381939	685560	MV-4122_S12	3.0	2.0	1.50
vOTU_005	MV-4128_S29__NODE_1_length_685560_cov_728.732645	342407	381939	685560	MV-4125_S18	359.0	380.0	0.94
vOTU_005	MV-4128_S29__NODE_1_length_685560_cov_728.732645	342407	381939	685560	MV-4128_S29	945.0	1104.0	0.86
vOTU_005	MV-4128_S29__NODE_1_length_685560_cov_728.732645	342407	381939	685560	4122-0-22_S11	0.0	0.0	nan
vOTU_005	MV-4128_S29__NODE_1_length_685560_cov_728.732645	342407	381939	685560	4122-0-44_S10	0.0	0.0	nan
vOTU_005	MV-4128_S29__NODE_1_length_685560_cov_728.732645	342407	381939	685560	4125-0-22_S17	0.0	0.0	nan
vOTU_005	MV-4128_S29__NODE_1_length_685560_cov_728.732645	342407	381939	685560	4125-0-44_S16	0.0	0.0	nan
vOTU_005	MV-4128_S29__NODE_1_length_685560_cov_728.732645	342407	381939	685560	4128-0-22_S28	0.0	0.0	nan
vOTU_005	MV-4128_S29__NODE_1_length_685560_cov_728.732645	342407	381939	685560	4128-0-44_S27	0.0	0.0	nan
vOTU_005	MV-4128_S29__NODE_1_length_685560_cov_728.732645	342407	381939	685560	4128_S30	0.0	0.0	nan
vOTU_005	MV-4128_S29__NODE_1_length_685560_cov_728.732645	342407	381939	685560	NC1_S64	0.0	0.0	nan
vOTU_006	MV-4122_S12__NODE_1_length_347332_cov_162.618440	302174	341702	347332	MV-4122_S12	243.0	266.0	0.91
vOTU_006	MV-4122_S12__NODE_1_length_347332_cov_162.618440	302174	341702	347332	MV-4125_S18	33.0	32.0	1.03
vOTU_006	MV-4122_S12__NODE_1_length_347332_cov_162.618440	302174	341702	347332	MV-4128_S29	56.0	69.0	0.81
vOTU_006	MV-4122_S12__NODE_1_length_347332_cov_162.618440	302174	341702	347332	4122-0-22_S11	0.0	0.0	nan
vOTU_006	MV-4122_S12__NODE_1_length_347332_cov_162.618440	302174	341702	347332	4122-0-44_S10	0.0	0.0	nan
vOTU_006	MV-4122_S12__NODE_1_length_347332_cov_162.618440	302174	341702	347332	4125-0-22_S17	0.0	0.0	nan
vOTU_006	MV-4122_S12__NODE_1_length_347332_cov_162.618440	302174	341702	347332	4125-0-44_S16	0.0	0.0	nan
vOTU_006	MV-4122_S12__NODE_1_length_347332_cov_162.618440	302174	341702	347332	4128-0-22_S28	0.0	0.0	nan
vOTU_006	MV-4122_S12__NODE_1_length_347332_cov_162.618440	302174	341702	347332	4128-0-44_S27	0.0	0.0	nan
vOTU_006	MV-4122_S12__NODE_1_length_347332_cov_162.618440	302174	341702	347332	4128_S30	0.0	0.0	nan
vOTU_006	MV-4122_S12__NODE_1_length_347332_cov_162.618440	302174	341702	347332	NC1_S64	0.0	0.0	nan
vOTU_012	MV-4122_S12__NODE_400_length_30910_cov_29.638243	5727	30910	30910	MV-4122_S12	52.0	28.0	1.86
vOTU_012	MV-4122_S12__NODE_400_length_30910_cov_29.638243	5727	30910	30910	MV-4125_S18	10.0	6.0	1.67
vOTU_012	MV-4122_S12__NODE_400_length_30910_cov_29.638243	5727	30910	30910	MV-4128_S29	0.0	0.0	nan
vOTU_012	MV-4122_S12__NODE_400_length_30910_cov_29.638243	5727	30910	30910	4122-0-22_S11	0.0	0.0	nan
vOTU_012	MV-4122_S12__NODE_400_length_30910_cov_29.638243	5727	30910	30910	4122-0-44_S10	0.0	0.0	nan
vOTU_012	MV-4122_S12__NODE_400_length_30910_cov_29.638243	5727	30910	30910	4125-0-22_S17	0.0	0.0	nan
vOTU_012	MV-4122_S12__NODE_400_length_30910_cov_29.638243	5727	30910	30910	4125-0-44_S16	0.0	0.0	nan
vOTU_012	MV-4122_S12__NODE_400_length_30910_cov_29.638243	5727	30910	30910	4128-0-22_S28	0.0	0.0	nan
vOTU_012	MV-4122_S12__NODE_400_length_30910_cov_29.638243	5727	30910	30910	4128-0-44_S27	0.0	0.0	nan
vOTU_012	MV-4122_S12__NODE_400_length_30910_cov_29.638243	5727	30910	30910	4128_S30	0.0	0.0	nan
vOTU_012	MV-4122_S12__NODE_400_length_30910_cov_29.638243	5727	30910	30910	NC1_S64	0.0	0.0	nan
vOTU_018	MV-4122_S12__NODE_150_length_60956_cov_139.780135	19874	37829	60956	MV-4122_S12	224.0	224.0	1.00
vOTU_018	MV-4122_S12__NODE_150_length_60956_cov_139.780135	19874	37829	60956	MV-4125_S18	28.0	28.0	1.00
vOTU_018	MV-4122_S12__NODE_150_length_60956_cov_139.780135	19874	37829	60956	MV-4128_S29	54.0	58.0	0.93
vOTU_018	MV-4122_S12__NODE_150_length_60956_cov_139.780135	19874	37829	60956	4122-0-22_S11	0.0	0.0	nan
vOTU_018	MV-4122_S12__NODE_150_length_60956_cov_139.780135	19874	37829	60956	4122-0-44_S10	0.0	0.0	nan
vOTU_018	MV-4122_S12__NODE_150_length_60956_cov_139.780135	19874	37829	60956	4125-0-22_S17	0.0	0.0	nan
vOTU_018	MV-4122_S12__NODE_150_length_60956_cov_139.780135	19874	37829	60956	4125-0-44_S16	0.0	0.0	nan
vOTU_018	MV-4122_S12__NODE_150_length_60956_cov_139.780135	19874	37829	60956	4128-0-22_S28	0.0	0.0	nan
vOTU_018	MV-4122_S12__NODE_150_length_60956_cov_139.780135	19874	37829	60956	4128-0-44_S27	0.0	0.0	nan
vOTU_018	MV-4122_S12__NODE_150_length_60956_cov_139.780135	19874	37829	60956	4128_S30	0.0	0.0	nan
vOTU_018	MV-4122_S12__NODE_150_length_60956_cov_139.780135	19874	37829	60956	NC1_S64	0.0	0.0	nan
vOTU_026	MV-4128_S29__NODE_219_length_22136_cov_837.337666	6937	22136	22136	MV-4122_S12	5.0	2.0	2.50
vOTU_026	MV-4128_S29__NODE_219_length_22136_cov_837.337666	6937	22136	22136	MV-4125_S18	556.0	256.0	2.17
vOTU_026	MV-4128_S29__NODE_219_length_22136_cov_837.337666	6937	22136	22136	MV-4128_S29	1708.0	738.5	2.31
vOTU_026	MV-4128_S29__NODE_219_length_22136_cov_837.337666	6937	22136	22136	4122-0-22_S11	0.0	0.0	nan
vOTU_026	MV-4128_S29__NODE_219_length_22136_cov_837.337666	6937	22136	22136	4122-0-44_S10	0.0	0.0	nan
vOTU_026	MV-4128_S29__NODE_219_length_22136_cov_837.337666	6937	22136	22136	4125-0-22_S17	0.0	0.0	nan
vOTU_026	MV-4128_S29__NODE_219_length_22136_cov_837.337666	6937	22136	22136	4125-0-44_S16	0.0	0.0	nan
vOTU_026	MV-4128_S29__NODE_219_length_22136_cov_837.337666	6937	22136	22136	4128-0-22_S28	0.0	0.0	nan
vOTU_026	MV-4128_S29__NODE_219_length_22136_cov_837.337666	6937	22136	22136	4128-0-44_S27	0.0	0.0	nan
vOTU_026	MV-4128_S29__NODE_219_length_22136_cov_837.337666	6937	22136	22136	4128_S30	0.0	0.0	nan
vOTU_026	MV-4128_S29__NODE_219_length_22136_cov_837.337666	6937	22136	22136	NC1_S64	0.0	0.0	nan
vOTU_027	MV-4128_S29__NODE_168_length_25826_cov_27.249311	1	14847	25826	MV-4122_S12	0.0	0.0	nan
vOTU_027	MV-4128_S29__NODE_168_length_25826_cov_27.249311	1	14847	25826	MV-4125_S18	9.0	9.0	1.00
vOTU_027	MV-4128_S29__NODE_168_length_25826_cov_27.249311	1	14847	25826	MV-4128_S29	45.0	44.0	1.02
vOTU_027	MV-4128_S29__NODE_168_length_25826_cov_27.249311	1	14847	25826	4122-0-22_S11	0.0	0.0	nan
vOTU_027	MV-4128_S29__NODE_168_length_25826_cov_27.249311	1	14847	25826	4122-0-44_S10	0.0	0.0	nan
vOTU_027	MV-4128_S29__NODE_168_length_25826_cov_27.249311	1	14847	25826	4125-0-22_S17	0.0	0.0	nan
vOTU_027	MV-4128_S29__NODE_168_length_25826_cov_27.249311	1	14847	25826	4125-0-44_S16	0.0	0.0	nan
vOTU_027	MV-4128_S29__NODE_168_length_25826_cov_27.249311	1	14847	25826	4128-0-22_S28	0.0	0.0	nan
vOTU_027	MV-4128_S29__NODE_168_length_25826_cov_27.249311	1	14847	25826	4128-0-44_S27	0.0	0.0	nan
vOTU_027	MV-4128_S29__NODE_168_length_25826_cov_27.249311	1	14847	25826	4128_S30	0.0	0.0	nan
vOTU_027	MV-4128_S29__NODE_168_length_25826_cov_27.249311	1	14847	25826	NC1_S64	0.0	0.0	nan
vOTU_030	MV-4122_S12__NODE_26_length_151132_cov_95.491233	1	14079	151132	MV-4122_S12	109.0	141.0	0.77
vOTU_030	MV-4122_S12__NODE_26_length_151132_cov_95.491233	1	14079	151132	MV-4125_S18	11.0	14.0	0.79
vOTU_030	MV-4122_S12__NODE_26_length_151132_cov_95.491233	1	14079	151132	MV-4128_S29	0.0	0.0	nan
vOTU_030	MV-4122_S12__NODE_26_length_151132_cov_95.491233	1	14079	151132	4122-0-22_S11	0.0	0.0	nan
vOTU_030	MV-4122_S12__NODE_26_length_151132_cov_95.491233	1	14079	151132	4122-0-44_S10	0.0	0.0	nan
vOTU_030	MV-4122_S12__NODE_26_length_151132_cov_95.491233	1	14079	151132	4125-0-22_S17	0.0	0.0	nan
vOTU_030	MV-4122_S12__NODE_26_length_151132_cov_95.491233	1	14079	151132	4125-0-44_S16	0.0	0.0	nan
vOTU_030	MV-4122_S12__NODE_26_length_151132_cov_95.491233	1	14079	151132	4128-0-22_S28	0.0	0.0	nan
vOTU_030	MV-4122_S12__NODE_26_length_151132_cov_95.491233	1	14079	151132	4128-0-44_S27	0.0	0.0	nan
vOTU_030	MV-4122_S12__NODE_26_length_151132_cov_95.491233	1	14079	151132	4128_S30	0.0	0.0	nan
vOTU_030	MV-4122_S12__NODE_26_length_151132_cov_95.491233	1	14079	151132	NC1_S64	0.0	0.0	nan
vOTU_032	MV-4122_S12__NODE_5_length_250913_cov_121.761750	102697	115342	250913	MV-4122_S12	266.0	169.0	1.57
vOTU_032	MV-4122_S12__NODE_5_length_250913_cov_121.761750	102697	115342	250913	MV-4125_S18	25.0	16.0	1.56
vOTU_032	MV-4122_S12__NODE_5_length_250913_cov_121.761750	102697	115342	250913	MV-4128_S29	1.0	0.0	inf
vOTU_032	MV-4122_S12__NODE_5_length_250913_cov_121.761750	102697	115342	250913	4122-0-22_S11	0.0	0.0	nan
vOTU_032	MV-4122_S12__NODE_5_length_250913_cov_121.761750	102697	115342	250913	4122-0-44_S10	0.0	0.0	nan
vOTU_032	MV-4122_S12__NODE_5_length_250913_cov_121.761750	102697	115342	250913	4125-0-22_S17	0.0	0.0	nan
vOTU_032	MV-4122_S12__NODE_5_length_250913_cov_121.761750	102697	115342	250913	4125-0-44_S16	0.0	0.0	nan
vOTU_032	MV-4122_S12__NODE_5_length_250913_cov_121.761750	102697	115342	250913	4128-0-22_S28	0.0	0.0	nan
vOTU_032	MV-4122_S12__NODE_5_length_250913_cov_121.761750	102697	115342	250913	4128-0-44_S27	0.0	0.0	nan
vOTU_032	MV-4122_S12__NODE_5_length_250913_cov_121.761750	102697	115342	250913	4128_S30	0.0	0.0	nan
vOTU_032	MV-4122_S12__NODE_5_length_250913_cov_121.761750	102697	115342	250913	NC1_S64	0.0	0.0	nan
vOTU_036	MV-4122_S12__NODE_517_length_25277_cov_17.470859	7016	18479	25277	MV-4122_S12	40.0	15.0	2.67
vOTU_036	MV-4122_S12__NODE_517_length_25277_cov_17.470859	7016	18479	25277	MV-4125_S18	13.0	5.0	2.60
vOTU_036	MV-4122_S12__NODE_517_length_25277_cov_17.470859	7016	18479	25277	MV-4128_S29	0.0	0.0	nan
vOTU_036	MV-4122_S12__NODE_517_length_25277_cov_17.470859	7016	18479	25277	4122-0-22_S11	0.0	0.0	nan
vOTU_036	MV-4122_S12__NODE_517_length_25277_cov_17.470859	7016	18479	25277	4122-0-44_S10	0.0	0.0	nan
vOTU_036	MV-4122_S12__NODE_517_length_25277_cov_17.470859	7016	18479	25277	4125-0-22_S17	0.0	0.0	nan
vOTU_036	MV-4122_S12__NODE_517_length_25277_cov_17.470859	7016	18479	25277	4125-0-44_S16	0.0	0.0	nan
vOTU_036	MV-4122_S12__NODE_517_length_25277_cov_17.470859	7016	18479	25277	4128-0-22_S28	0.0	0.0	nan
vOTU_036	MV-4122_S12__NODE_517_length_25277_cov_17.470859	7016	18479	25277	4128-0-44_S27	0.0	0.0	nan
vOTU_036	MV-4122_S12__NODE_517_length_25277_cov_17.470859	7016	18479	25277	4128_S30	0.0	0.0	nan
vOTU_036	MV-4122_S12__NODE_517_length_25277_cov_17.470859	7016	18479	25277	NC1_S64	0.0	0.0	nan
vOTU_048	MV-4122_S12__NODE_500_length_25921_cov_24.009743	7971	17293	25921	MV-4122_S12	43.0	34.0	1.26
vOTU_048	MV-4122_S12__NODE_500_length_25921_cov_24.009743	7971	17293	25921	MV-4125_S18	14.0	12.0	1.17
vOTU_048	MV-4122_S12__NODE_500_length_25921_cov_24.009743	7971	17293	25921	MV-4128_S29	0.0	0.0	nan
vOTU_048	MV-4122_S12__NODE_500_length_25921_cov_24.009743	7971	17293	25921	4122-0-22_S11	0.0	0.0	nan
vOTU_048	MV-4122_S12__NODE_500_length_25921_cov_24.009743	7971	17293	25921	4122-0-44_S10	0.0	0.0	nan
vOTU_048	MV-4122_S12__NODE_500_length_25921_cov_24.009743	7971	17293	25921	4125-0-22_S17	0.0	0.0	nan
vOTU_048	MV-4122_S12__NODE_500_length_25921_cov_24.009743	7971	17293	25921	4125-0-44_S16	0.0	0.0	nan
vOTU_048	MV-4122_S12__NODE_500_length_25921_cov_24.009743	7971	17293	25921	4128-0-22_S28	0.0	0.0	nan
vOTU_048	MV-4122_S12__NODE_500_length_25921_cov_24.009743	7971	17293	25921	4128-0-44_S27	0.0	0.0	nan
vOTU_048	MV-4122_S12__NODE_500_length_25921_cov_24.009743	7971	17293	25921	4128_S30	0.0	0.0	nan
vOTU_048	MV-4122_S12__NODE_500_length_25921_cov_24.009743	7971	17293	25921	NC1_S64	0.0	0.0	nan
vOTU_055	MV-4122_S12__NODE_305_length_38149_cov_45.168215	277	8445	38149	MV-4122_S12	48.0	77.0	0.62
vOTU_055	MV-4122_S12__NODE_305_length_38149_cov_45.168215	277	8445	38149	MV-4125_S18	0.0	0.0	nan
vOTU_055	MV-4122_S12__NODE_305_length_38149_cov_45.168215	277	8445	38149	MV-4128_S29	0.0	0.0	nan
vOTU_055	MV-4122_S12__NODE_305_length_38149_cov_45.168215	277	8445	38149	4122-0-22_S11	0.0	0.0	nan
vOTU_055	MV-4122_S12__NODE_305_length_38149_cov_45.168215	277	8445	38149	4122-0-44_S10	0.0	0.0	nan
vOTU_055	MV-4122_S12__NODE_305_length_38149_cov_45.168215	277	8445	38149	4125-0-22_S17	0.0	0.0	nan
vOTU_055	MV-4122_S12__NODE_305_length_38149_cov_45.168215	277	8445	38149	4125-0-44_S16	0.0	0.0	nan
vOTU_055	MV-4122_S12__NODE_305_length_38149_cov_45.168215	277	8445	38149	4128-0-22_S28	0.0	0.0	nan
vOTU_055	MV-4122_S12__NODE_305_length_38149_cov_45.168215	277	8445	38149	4128-0-44_S27	0.0	0.0	nan
vOTU_055	MV-4122_S12__NODE_305_length_38149_cov_45.168215	277	8445	38149	4128_S30	0.0	0.0	nan
vOTU_055	MV-4122_S12__NODE_305_length_38149_cov_45.168215	277	8445	38149	NC1_S64	0.0	0.0	nan
vOTU_056	MV-4122_S12__NODE_271_length_41564_cov_9.960804	33494	41562	41564	MV-4122_S12	15.0	15.0	1.00
vOTU_056	MV-4122_S12__NODE_271_length_41564_cov_9.960804	33494	41562	41564	MV-4125_S18	2.0	2.0	1.00
vOTU_056	MV-4122_S12__NODE_271_length_41564_cov_9.960804	33494	41562	41564	MV-4128_S29	6.0	5.0	1.20
vOTU_056	MV-4122_S12__NODE_271_length_41564_cov_9.960804	33494	41562	41564	4122-0-22_S11	0.0	0.0	nan
vOTU_056	MV-4122_S12__NODE_271_length_41564_cov_9.960804	33494	41562	41564	4122-0-44_S10	0.0	0.0	nan
vOTU_056	MV-4122_S12__NODE_271_length_41564_cov_9.960804	33494	41562	41564	4125-0-22_S17	0.0	0.0	nan
vOTU_056	MV-4122_S12__NODE_271_length_41564_cov_9.960804	33494	41562	41564	4125-0-44_S16	0.0	0.0	nan
vOTU_056	MV-4122_S12__NODE_271_length_41564_cov_9.960804	33494	41562	41564	4128-0-22_S28	0.0	0.0	nan
vOTU_056	MV-4122_S12__NODE_271_length_41564_cov_9.960804	33494	41562	41564	4128-0-44_S27	0.0	0.0	nan
vOTU_056	MV-4122_S12__NODE_271_length_41564_cov_9.960804	33494	41562	41564	4128_S30	0.0	0.0	nan
vOTU_056	MV-4122_S12__NODE_271_length_41564_cov_9.960804	33494	41562	41564	NC1_S64	0.0	0.0	nan
vOTU_060	MV-4122_S12__NODE_74_length_92715_cov_81.746903	15654	23246	92715	MV-4122_S12	38.0	124.0	0.31
vOTU_060	MV-4122_S12__NODE_74_length_92715_cov_81.746903	15654	23246	92715	MV-4125_S18	4.0	11.0	0.36
vOTU_060	MV-4122_S12__NODE_74_length_92715_cov_81.746903	15654	23246	92715	MV-4128_S29	0.0	0.0	nan
vOTU_060	MV-4122_S12__NODE_74_length_92715_cov_81.746903	15654	23246	92715	4122-0-22_S11	0.0	0.0	nan
vOTU_060	MV-4122_S12__NODE_74_length_92715_cov_81.746903	15654	23246	92715	4122-0-44_S10	0.0	0.0	nan
vOTU_060	MV-4122_S12__NODE_74_length_92715_cov_81.746903	15654	23246	92715	4125-0-22_S17	0.0	0.0	nan
vOTU_060	MV-4122_S12__NODE_74_length_92715_cov_81.746903	15654	23246	92715	4125-0-44_S16	0.0	0.0	nan
vOTU_060	MV-4122_S12__NODE_74_length_92715_cov_81.746903	15654	23246	92715	4128-0-22_S28	0.0	0.0	nan
vOTU_060	MV-4122_S12__NODE_74_length_92715_cov_81.746903	15654	23246	92715	4128-0-44_S27	0.0	0.0	nan
vOTU_060	MV-4122_S12__NODE_74_length_92715_cov_81.746903	15654	23246	92715	4128_S30	0.0	0.0	nan
vOTU_060	MV-4122_S12__NODE_74_length_92715_cov_81.746903	15654	23246	92715	NC1_S64	0.0	0.0	nan
vOTU_065	MV-4122_S12__NODE_100_length_77687_cov_44.800675	21835	29146	77687	MV-4122_S12	39.0	70.0	0.56
vOTU_065	MV-4122_S12__NODE_100_length_77687_cov_44.800675	21835	29146	77687	MV-4125_S18	17.0	32.0	0.53
vOTU_065	MV-4122_S12__NODE_100_length_77687_cov_44.800675	21835	29146	77687	MV-4128_S29	0.0	0.0	nan
vOTU_065	MV-4122_S12__NODE_100_length_77687_cov_44.800675	21835	29146	77687	4122-0-22_S11	0.0	0.0	nan
vOTU_065	MV-4122_S12__NODE_100_length_77687_cov_44.800675	21835	29146	77687	4122-0-44_S10	0.0	0.0	nan
vOTU_065	MV-4122_S12__NODE_100_length_77687_cov_44.800675	21835	29146	77687	4125-0-22_S17	0.0	0.0	nan
vOTU_065	MV-4122_S12__NODE_100_length_77687_cov_44.800675	21835	29146	77687	4125-0-44_S16	0.0	0.0	nan
vOTU_065	MV-4122_S12__NODE_100_length_77687_cov_44.800675	21835	29146	77687	4128-0-22_S28	0.0	0.0	nan
vOTU_065	MV-4122_S12__NODE_100_length_77687_cov_44.800675	21835	29146	77687	4128-0-44_S27	0.0	0.0	nan
vOTU_065	MV-4122_S12__NODE_100_length_77687_cov_44.800675	21835	29146	77687	4128_S30	0.0	0.0	nan
vOTU_065	MV-4122_S12__NODE_100_length_77687_cov_44.800675	21835	29146	77687	NC1_S64	0.0	0.0	nan
vOTU_066	MV-4122_S12__NODE_13_length_180342_cov_55.843233	119676	126817	180342	MV-4122_S12	110.0	84.0	1.31
vOTU_066	MV-4122_S12__NODE_13_length_180342_cov_55.843233	119676	126817	180342	MV-4125_S18	41.0	37.0	1.11
vOTU_066	MV-4122_S12__NODE_13_length_180342_cov_55.843233	119676	126817	180342	MV-4128_S29	0.0	0.0	nan
vOTU_066	MV-4122_S12__NODE_13_length_180342_cov_55.843233	119676	126817	180342	4122-0-22_S11	0.0	0.0	nan
vOTU_066	MV-4122_S12__NODE_13_length_180342_cov_55.843233	119676	126817	180342	4122-0-44_S10	0.0	0.0	nan
vOTU_066	MV-4122_S12__NODE_13_length_180342_cov_55.843233	119676	126817	180342	4125-0-22_S17	0.0	0.0	nan
vOTU_066	MV-4122_S12__NODE_13_length_180342_cov_55.843233	119676	126817	180342	4125-0-44_S16	0.0	0.0	nan
vOTU_066	MV-4122_S12__NODE_13_length_180342_cov_55.843233	119676	126817	180342	4128-0-22_S28	0.0	0.0	nan
vOTU_066	MV-4122_S12__NODE_13_length_180342_cov_55.843233	119676	126817	180342	4128-0-44_S27	0.0	0.0	nan
vOTU_066	MV-4122_S12__NODE_13_length_180342_cov_55.843233	119676	126817	180342	4128_S30	0.0	0.0	nan
vOTU_066	MV-4122_S12__NODE_13_length_180342_cov_55.843233	119676	126817	180342	NC1_S64	0.0	0.0	nan
vOTU_067	MV-4122_S12__NODE_13_length_180342_cov_55.843233	126982	133988	180342	MV-4122_S12	87.0	85.0	1.02
vOTU_067	MV-4122_S12__NODE_13_length_180342_cov_55.843233	126982	133988	180342	MV-4125_S18	33.0	38.0	0.87
vOTU_067	MV-4122_S12__NODE_13_length_180342_cov_55.843233	126982	133988	180342	MV-4128_S29	0.0	0.0	nan
vOTU_067	MV-4122_S12__NODE_13_length_180342_cov_55.843233	126982	133988	180342	4122-0-22_S11	0.0	0.0	nan
vOTU_067	MV-4122_S12__NODE_13_length_180342_cov_55.843233	126982	133988	180342	4122-0-44_S10	0.0	0.0	nan
vOTU_067	MV-4122_S12__NODE_13_length_180342_cov_55.843233	126982	133988	180342	4125-0-22_S17	0.0	0.0	nan
vOTU_067	MV-4122_S12__NODE_13_length_180342_cov_55.843233	126982	133988	180342	4125-0-44_S16	0.0	0.0	nan
vOTU_067	MV-4122_S12__NODE_13_length_180342_cov_55.843233	126982	133988	180342	4128-0-22_S28	0.0	0.0	nan
vOTU_067	MV-4122_S12__NODE_13_length_180342_cov_55.843233	126982	133988	180342	4128-0-44_S27	0.0	0.0	nan
vOTU_067	MV-4122_S12__NODE_13_length_180342_cov_55.843233	126982	133988	180342	4128_S30	0.0	0.0	nan
vOTU_067	MV-4122_S12__NODE_13_length_180342_cov_55.843233	126982	133988	180342	NC1_S64	0.0	0.0	nan
