vOTU_001	MV-4122_S12__NODE_79_length_88798_cov_36.475621	100.000	43643	1	43643	2	43644	43643	88798
vOTU_002	MV-4122_S12__NODE_37_length_131343_cov_196.227919	100.000	43474	1	43474	74844	118317	43474	131343
vOTU_003	MV-4122_S12__NODE_264_length_42130_cov_34.003636	100.000	42130	1	42130	1	42130	42130	42130
vOTU_004	MV-4122_S12__NODE_277_length_40752_cov_24.280438	100.000	40752	1	40752	1	40752	40752	40752
vOTU_005	MV-4128_S29__NODE_1_length_685560_cov_728.732645	100.000	39533	1	39533	342407	381939	39533	685560
vOTU_006	MV-4122_S12__NODE_1_length_347332_cov_162.618440	100.000	39529	1	39529	302174	341702	39529	347332
vOTU_007	MV-4128_S29__NODE_77_length_39259_cov_504.042343	100.000	39259	1	39259	1	39259	39259	39259
vOTU_008	MV-4125_S18__NODE_192_length_36032_cov_194.343914	100.000	36032	1	36032	1	36032	36032	36032
vOTU_008	MV-4128_S29__NODE_12_length_141680_cov_673.733402	100.000	21619	14414	36032	141680	120062	36032	141680
vOTU_009	MV-4122_S12__NODE_467_length_27200_cov_22.006705	100.000	27200	1	27200	1	27200	27200	27200
vOTU_010	MV-4122_S12__NODE_483_length_26567_cov_28.514673	100.000	26567	1	26567	1	26567	26567	26567
vOTU_011	MV-4125_S18__NODE_320_length_26064_cov_24.608905	100.000	26064	1	26064	1	26064	26064	26064
vOTU_012	MV-4122_S12__NODE_400_length_30910_cov_29.638243	100.000	25184	1	25184	5727	30910	25184	30910
vOTU_013	MV-4125_S18__NODE_378_length_23580_cov_22.248247	100.000	23580	1	23580	1	23580	23580	23580
vOTU_014	MV-4128_S29__NODE_209_length_22758_cov_20.083822	100.000	22758	1	22758	1	22758	22758	22758
vOTU_015	MV-4122_S12__NODE_691_length_19802_cov_26.363245	100.000	19802	1	19802	1	19802	19802	19802
vOTU_016	MV-4122_S12__NODE_716_length_19268_cov_30.342268	100.000	19268	1	19268	1	19268	19268	19268
vOTU_017	MV-4125_S18__NODE_523_length_18801_cov_19.978342	100.000	18801	1	18801	1	18801	18801	18801
vOTU_018	MV-4122_S12__NODE_150_length_60956_cov_139.780135	100.000	17956	1	17956	19874	37829	17956	60956
vOTU_019	MV-4125_S18__NODE_560_length_17688_cov_16.352464	100.000	17688	1	17688	1	17688	17688	17688
vOTU_020	MV-4122_S12__NODE_824_length_16631_cov_10.014720	100.000	16631	1	16631	1	16631	16631	16631
vOTU_021	MV-4122_S12__NODE_827_length_16581_cov_8.773327	100.000	16581	1	16581	1	16581	16581	16581
vOTU_022	MV-4122_S12__NODE_832_length_16437_cov_29.122207	100.000	16437	1	16437	1	16437	16437	16437
vOTU_023	MV-4122_S12__NODE_860_length_15987_cov_9.805423	100.000	15987	1	15987	1	15987	15987	15987
vOTU_024	MV-4125_S18__NODE_636_length_15578_cov_10.995942	100.000	15578	1	15578	1	15578	15578	15578
vOTU_025	MV-4122_S12__NODE_887_length_15483_cov_77.281436	100.000	15483	1	15483	1	15483	15483	15483
vOTU_026	MV-4128_S29__NODE_219_length_22136_cov_837.337666	100.000	15200	1	15200	6937	22136	15200	22136
vOTU_027	MV-4128_S29__NODE_168_length_25826_cov_27.249311	100.000	14847	1	14847	1	14847	14847	25826
vOTU_028	MV-4122_S12__NODE_854_length_16097_cov_13.038025	100.000	14391	1	14391	1	14391	14391	16097
vOTU_029	MV-4122_S12__NODE_986_length_14134_cov_12.305419	100.000	14134	1	14134	1	14134	14134	14134
vOTU_030	MV-4122_S12__NODE_26_length_151132_cov_95.491233	100.000	14079	1	14079	1	14079	14079	151132
vOTU_031	MV-4122_S12__NODE_1007_length_13868_cov_8.435170	100.000	13868	1	13868	1	13868	13868	13868
vOTU_032	MV-4122_S12__NODE_5_length_250913_cov_121.761750	99.984	12646	1	12646	102697	115342	12646	250913
vOTU_033	MV-4125_S18__NODE_848_length_12556_cov_10.932405	100.000	12556	1	12556	1	12556	12556	12556
vOTU_034	MV-4128_S29__NODE_492_length_12045_cov_6.625021	100.000	12045	1	12045	1	12045	12045	12045
vOTU_035	MV-4122_S12__NODE_1181_length_11914_cov_43.765916	100.000	11914	1	11914	1	11914	11914	11914
vOTU_035	MV-4125_S18__NODE_1159_length_9638_cov_12.392257	100.000	6554	1	6554	6554	1	11914	9638
vOTU_036	MV-4122_S12__NODE_517_length_25277_cov_17.470859	99.939	11464	1	11464	7016	18479	11464	25277
vOTU_037	MV-4125_S18__NODE_979_length_11202_cov_17.887862	100.000	11202	1	11202	1	11202	11202	11202
vOTU_038	MV-4128_S29__NODE_550_length_11069_cov_18.815689	100.000	11069	1	11069	1	11069	11069	11069
vOTU_039	MV-4128_S29__NODE_575_length_10738_cov_611.299729	100.000	10738	1	10738	1	10738	10738	10738
vOTU_040	MV-4122_S12__NODE_1306_length_10734_cov_9.159940	100.000	10734	1	10734	1	10734	10734	10734
vOTU_041	MV-4128_S29__NODE_587_length_10621_cov_10.908196	100.000	10621	1	10621	1	10621	10621	10621
vOTU_042	MV-4122_S12__NODE_1429_length_9843_cov_7.395484	100.000	9843	1	9843	1	9843	9843	9843
vOTU_043	MV-4122_S12__NODE_1453_length_9642_cov_7.815166	100.000	9642	1	9642	1	9642	9642	9642
vOTU_044	MV-4125_S18__NODE_1159_length_9638_cov_12.392257	100.000	9638	1	9638	1	9638	9638	9638
vOTU_044	MV-4122_S12__NODE_1181_length_11914_cov_43.765916	100.000	6554	1	6554	6554	1	9638	11914
vOTU_045	MV-4122_S12__NODE_1458_length_9606_cov_8.548948	100.000	9606	1	9606	1	9606	9606	9606
vOTU_046	MV-4128_S29__NODE_675_length_9378_cov_4.630376	100.000	9378	1	9378	1	9378	9378	9378
vOTU_047	MV-4125_S18__NODE_1200_length_9348_cov_6.731949	100.000	9348	1	9348	1	9348	9348	9348
vOTU_048	MV-4122_S12__NODE_500_length_25921_cov_24.009743	100.000	9323	1	9323	7971	17293	9323	25921
vOTU_049	MV-4122_S12__NODE_1510_length_9268_cov_28.739173	100.000	9268	1	9268	1	9268	9268	9268
vOTU_050	MV-4122_S12__NODE_1539_length_9111_cov_29.734982	100.000	9111	1	9111	1	9111	9111	9111
vOTU_051	MV-4122_S12__NODE_1593_length_8783_cov_26.674610	100.000	8783	1	8783	1	8783	8783	8783
vOTU_052	MV-4122_S12__NODE_1647_length_8539_cov_5.120344	100.000	8539	1	8539	1	8539	8539	8539
vOTU_053	MV-4128_S29__NODE_776_length_8224_cov_17.021912	100.000	8224	1	8224	1	8224	8224	8224
vOTU_053	MV-4122_S12__NODE_2474_length_5235_cov_11.819305	99.242	660	7565	8224	5235	4576	8224	5235
vOTU_054	MV-4128_S29__NODE_781_length_8212_cov_9.316170	100.000	8212	1	8212	1	8212	8212	8212
vOTU_055	MV-4122_S12__NODE_305_length_38149_cov_45.168215	100.000	8169	1	8169	277	8445	8169	38149
vOTU_056	MV-4122_S12__NODE_271_length_41564_cov_9.960804	100.000	8069	1	8069	33494	41562	8069	41564
vOTU_057	MV-4128_S29__NODE_798_length_8036_cov_6.839494	100.000	8036	1	8036	1	8036	8036	8036
vOTU_058	MV-4128_S29__NODE_810_length_7879_cov_14.016488	100.000	7879	1	7879	1	7879	7879	7879
vOTU_058	MV-4122_S12__NODE_1663_length_8453_cov_7.082520	100.000	5094	1	5094	3360	8453	7879	8453
vOTU_059	MV-4122_S12__NODE_1781_length_7727_cov_19.344760	100.000	7727	1	7727	1	7727	7727	7727
vOTU_060	MV-4122_S12__NODE_74_length_92715_cov_81.746903	100.000	7593	1	7593	15654	23246	7593	92715
vOTU_061	MV-4125_S18__NODE_1571_length_7573_cov_10.957702	100.000	7573	1	7573	1	7573	7573	7573
vOTU_061	MV-4122_S12__NODE_2570_length_5026_cov_40.022933	99.935	1536	6038	7573	1	1536	7573	5026
vOTU_062	MV-4122_S12__NODE_1830_length_7457_cov_19.703864	100.000	7457	1	7457	1	7457	7457	7457
vOTU_063	MV-4125_S18__NODE_1628_length_7352_cov_10.227491	100.000	7352	1	7352	1	7352	7352	7352
vOTU_064	MV-4125_S18__NODE_1632_length_7348_cov_27.720143	100.000	7348	1	7348	1	7348	7348	7348
vOTU_065	MV-4122_S12__NODE_100_length_77687_cov_44.800675	99.986	7312	1	7312	21835	29146	7312	77687
vOTU_066	MV-4122_S12__NODE_13_length_180342_cov_55.843233	99.986	7142	1	7142	126817	119676	7142	180342
vOTU_067	MV-4122_S12__NODE_13_length_180342_cov_55.843233	100.000	7007	1	7007	126982	133988	7007	180342
vOTU_068	MV-4122_S12__NODE_1928_length_7001_cov_18.047941	100.000	7001	1	7001	1	7001	7001	7001
vOTU_068	MV-4128_S29__NODE_1294_length_5001_cov_10.687829	100.000	1909	5093	7001	5001	3093	7001	5001
vOTU_069	MV-4122_S12__NODE_2068_length_6406_cov_5.925366	100.000	6406	1	6406	1	6406	6406	6406
vOTU_070	MV-4128_S29__NODE_1009_length_6405_cov_9.196850	100.000	6405	1	6405	1	6405	6405	6405
vOTU_071	MV-4122_S12__NODE_2075_length_6393_cov_48.959766	100.000	6393	1	6393	1	6393	6393	6393
vOTU_072	MV-4122_S12__NODE_2114_length_6246_cov_8.643999	100.000	6246	1	6246	1	6246	6246	6246
vOTU_073	MV-4128_S29__NODE_1033_length_6209_cov_404.209945	100.000	6209	1	6209	1	6209	6209	6209
vOTU_074	MV-4122_S12__NODE_2132_length_6183_cov_4.819191	100.000	6183	1	6183	1	6183	6183	6183
vOTU_075	MV-4122_S12__NODE_2163_length_6100_cov_9.710174	100.000	6100	1	6100	1	6100	6100	6100
vOTU_076	MV-4128_S29__NODE_1078_length_5969_cov_4.838688	100.000	5969	1	5969	1	5969	5969	5969
vOTU_077	MV-4122_S12__NODE_2202_length_5967_cov_10.133627	100.000	5967	1	5967	1	5967	5967	5967
vOTU_077	MV-4128_S29__NODE_1294_length_5001_cov_10.687829	99.894	2843	1	2843	2843	1	5967	5001
vOTU_078	MV-4122_S12__NODE_2224_length_5886_cov_21.770880	100.000	5886	1	5886	1	5886	5886	5886
vOTU_079	MV-4122_S12__NODE_2256_length_5800_cov_7.992341	100.000	5800	1	5800	1	5800	5800	5800
vOTU_080	MV-4122_S12__NODE_2273_length_5760_cov_9.433304	100.000	5760	1	5760	1	5760	5760	5760
vOTU_081	MV-4125_S18__NODE_2208_length_5722_cov_6.725428	100.000	5722	1	5722	1	5722	5722	5722
vOTU_082	MV-4122_S12__NODE_2294_length_5702_cov_10.309014	100.000	5702	1	5702	1	5702	5702	5702
vOTU_083	MV-4122_S12__NODE_2308_length_5669_cov_7.828108	100.000	5669	1	5669	1	5669	5669	5669
vOTU_084	MV-4122_S12__NODE_2317_length_5652_cov_7.599250	100.000	5652	1	5652	1	5652	5652	5652
vOTU_085	MV-4128_S29__NODE_1156_length_5590_cov_12.965131	100.000	5590	1	5590	1	5590	5590	5590
vOTU_086	MV-4122_S12__NODE_2392_length_5415_cov_20.102799	100.000	5415	1	5415	1	5415	5415	5415
vOTU_087	MV-4122_S12__NODE_2396_length_5403_cov_5.230180	100.000	5403	1	5403	1	5403	5403	5403
vOTU_088	MV-4128_S29__NODE_1199_length_5394_cov_5.271961	100.000	5394	1	5394	1	5394	5394	5394
vOTU_089	MV-4128_S29__NODE_1203_length_5381_cov_9.021592	100.000	5381	1	5381	1	5381	5381	5381
vOTU_090	MV-4122_S12__NODE_2426_length_5341_cov_4.953462	100.000	5341	1	5341	1	5341	5341	5341
vOTU_091	MV-4128_S29__NODE_1226_length_5275_cov_4.972797	100.000	5275	1	5275	1	5275	5275	5275
vOTU_092	MV-4122_S12__NODE_2476_length_5235_cov_5.253668	100.000	5235	1	5235	1	5235	5235	5235
vOTU_093	MV-4122_S12__NODE_2485_length_5204_cov_11.535444	100.000	5204	1	5204	1	5204	5204	5204
vOTU_094	MV-4122_S12__NODE_2491_length_5194_cov_4.531232	100.000	5194	1	5194	1	5194	5194	5194
vOTU_095	MV-4128_S29__NODE_1253_length_5169_cov_10.143723	100.000	5169	1	5169	1	5169	5169	5169
vOTU_096	MV-4128_S29__NODE_1257_length_5135_cov_19.258661	100.000	5135	1	5135	1	5135	5135	5135
vOTU_097	MV-4122_S12__NODE_2530_length_5093_cov_7.689559	100.000	5093	1	5093	1	5093	5093	5093
