MV-4128_S29__NODE_1_length_685560_cov_728.732645||0_partial_1	NODE_16245_length_1540_cov_4.938047	93.506	77	39533	1540	633	709	146	70	1.95e-23	117
MV-4128_S29__NODE_1_length_685560_cov_728.732645||0_partial_1	NODE_92_length_30796_cov_29.426954	85.333	75	39533	30796	635	709	30578	30504	3.29e-14	86.9
MV-4128_S29__NODE_1_length_685560_cov_728.732645||0_partial_1	NODE_15172_length_1614_cov_4.937139	82.667	75	39533	1614	635	709	592	666	1.71e-11	77.9
MV-4128_S29__NODE_1_length_685560_cov_728.732645||0_partial_1	NODE_8503_length_2393_cov_7.395637	82.432	74	39533	2393	636	709	2177	2104	5.96e-11	76.1
MV-4128_S29__NODE_1_length_685560_cov_728.732645||0_partial_1	NODE_6616_length_2870_cov_19.098046	82.432	74	39533	2870	636	709	1597	1670	5.96e-11	76.1
MV-4128_S29__NODE_12_length_141680_cov_673.733402||0_partial	NODE_847_length_10505_cov_6.178756	72.589	197	22423	10505	5080	5276	7120	7316	1.34e-22	113
MV-4128_S29__NODE_12_length_141680_cov_673.733402||0_partial	NODE_7120_length_2722_cov_36.840270	75.155	161	22423	2722	18086	18244	1560	1718	1.99e-20	105
MV-4128_S29__NODE_12_length_141680_cov_673.733402||0_partial	NODE_1626_length_7199_cov_17.980683	75.155	161	22423	7199	18086	18244	304	146	1.99e-20	105
MV-4128_S29__NODE_77_length_39259_cov_504.042343||full	NODE_2444_length_5605_cov_5.863784	72.316	177	39259	5605	27500	27674	187	13	2.20e-16	94.2
MV-4128_S29__NODE_77_length_39259_cov_504.042343||full	NODE_8217_length_2456_cov_45.890879	72.050	161	39259	2456	27502	27662	1156	1316	9.37e-15	88.7
MV-4128_S29__NODE_77_length_39259_cov_504.042343||full	NODE_12496_length_1841_cov_6.050392	73.427	143	39259	1841	27502	27644	1109	1251	9.37e-15	87.8
MV-4128_S29__NODE_77_length_39259_cov_504.042343||full	NODE_8799_length_2336_cov_2.918457	74.815	135	39259	2336	27500	27632	1691	1823	3.27e-14	86.0
MV-4128_S29__NODE_77_length_39259_cov_504.042343||full	NODE_8644_length_2369_cov_8.451167	69.945	183	39259	2369	27502	27684	31	213	3.99e-13	83.3
MV-4128_S29__NODE_77_length_39259_cov_504.042343||full	NODE_1006_length_9437_cov_37.966851	72.993	137	39259	9437	27535	27671	2971	3107	1.39e-12	81.5
MV-4128_S29__NODE_77_length_39259_cov_504.042343||full	NODE_10939_length_2013_cov_33.124106	75.472	106	39259	2013	27535	27640	1974	1869	5.92e-11	75.2
MV-4128_S29__NODE_168_length_25826_cov_27.249311||full_1	NODE_6474_length_2916_cov_3.215309	71.538	390	14847	2916	1581	1964	2348	2731	3.10e-41	174
MV-4128_S29__NODE_168_length_25826_cov_27.249311||full_1	NODE_6474_length_2916_cov_3.215309	69.152	389	14847	2916	205	582	1073	1453	1.16e-27	129
MV-4128_S29__NODE_168_length_25826_cov_27.249311||full_1	NODE_13673_length_1729_cov_4.232378	64.944	716	14847	1729	1239	1932	1255	574	5.99e-25	121
MV-4128_S29__NODE_209_length_22758_cov_20.083822||full	NODE_16324_length_1536_cov_4.593518	68.493	292	22758	1536	21595	21885	186	476	2.02e-20	105
MV-4128_S29__NODE_209_length_22758_cov_20.083822||full	NODE_9525_length_2213_cov_6.312326	68.771	301	22758	2213	21592	21887	458	166	4.46e-16	91.5
MV-4128_S29__NODE_209_length_22758_cov_20.083822||full	NODE_42_length_39433_cov_36.033445	67.845	283	22758	39433	21609	21885	19057	18787	1.56e-15	90.6
MV-4128_S29__NODE_209_length_22758_cov_20.083822||full	NODE_636_length_12111_cov_12.128235	67.586	290	22758	12111	21599	21887	6888	6606	1.56e-15	89.7
MV-4128_S29__NODE_219_length_22136_cov_837.337666||full_1	NODE_13673_length_1729_cov_4.232378	68.049	892	15200	1729	9537	10418	524	1408	6.98e-75	286
MV-4128_S29__NODE_219_length_22136_cov_837.337666||full_1	k141_54272_length_1046_cov_4.0000	69.625	586	15200	1046	11798	12372	583	10	1.26e-52	213
MV-4128_S29__NODE_219_length_22136_cov_837.337666||full_1	NODE_6474_length_2916_cov_3.215309	69.927	409	15200	2916	11809	12212	713	307	1.11e-40	172
MV-4128_S29__NODE_219_length_22136_cov_837.337666||full_1	NODE_6474_length_2916_cov_3.215309	69.971	343	15200	2916	9535	9875	2751	2411	6.55e-31	141
MV-4128_S29__NODE_219_length_22136_cov_837.337666||full_1	NODE_3103_length_4770_cov_4.980912	70.263	380	15200	4770	7589	7963	3142	2768	1.54e-32	145
MV-4128_S29__NODE_219_length_22136_cov_837.337666||full_1	NODE_8135_length_2474_cov_5.231914	65.528	615	15200	2474	13146	13735	1801	2398	6.13e-25	120
MV-4128_S29__NODE_219_length_22136_cov_837.337666||full_1	NODE_2938_length_4967_cov_5.991246	66.908	414	15200	4967	13927	14336	3	412	1.35e-20	105
MV-4128_S29__NODE_470_length_12571_cov_13.628875||full	NODE_16798_length_1507_cov_27.304408	93.333	60	12571	1507	1	60	114	55	2.46e-16	91.5
MV-4128_S29__NODE_470_length_12571_cov_13.628875||full	NODE_15306_length_1605_cov_4.089677	93.333	60	12571	1605	1	60	262	203	2.46e-16	91.5
MV-4128_S29__NODE_470_length_12571_cov_13.628875||full	NODE_7568_length_2615_cov_4.219922	90.000	60	12571	2615	1	60	2279	2220	1.28e-13	82.4
MV-4128_S29__NODE_470_length_12571_cov_13.628875||full	NODE_10706_length_2045_cov_2.865327	86.667	60	12571	2045	1	60	737	796	6.60e-11	73.4
MV-4128_S29__NODE_470_length_12571_cov_13.628875||full	NODE_6804_length_2804_cov_7.654056	86.667	60	12571	2804	1	60	1289	1230	6.60e-11	73.4
MV-4128_S29__NODE_550_length_11069_cov_18.815689||full	NODE_847_length_10505_cov_6.178756	75.912	137	11069	10505	9490	9624	7316	7182	7.56e-16	89.7
MV-4128_S29__NODE_575_length_10738_cov_611.299729||full	NODE_15769_length_1572_cov_4.743573	93.506	77	10738	1572	8097	8173	872	797	6.43e-23	113
MV-4128_S29__NODE_575_length_10738_cov_611.299729||full	NODE_10625_length_2054_cov_5.485743	92.308	78	10738	2054	8097	8174	1592	1516	2.24e-22	111
MV-4128_S29__NODE_575_length_10738_cov_611.299729||full	NODE_11756_length_1917_cov_8.468851	81.481	81	10738	1917	8095	8175	1827	1747	1.33e-12	79.7
MV-4128_S29__NODE_575_length_10738_cov_611.299729||full	NODE_421_length_14937_cov_32.769386	82.500	80	10738	14937	8094	8173	4245	4322	1.33e-12	79.7
MV-4128_S29__NODE_781_length_8212_cov_9.316170||full	NODE_10008_length_2146_cov_2.864658	68.827	324	8212	2146	427	744	451	134	2.54e-20	104
MV-4128_S29__NODE_781_length_8212_cov_9.316170||full	NODE_10247_length_2110_cov_7.053041	67.010	291	8212	2110	2738	3028	1760	2029	4.60e-17	94.2
MV-4128_S29__NODE_1033_length_6209_cov_404.209945||full	NODE_4439_length_3785_cov_8.209383	87.356	87	6209	3785	524	610	2874	2960	1.58e-21	108
MV-4128_S29__NODE_1033_length_6209_cov_404.209945||full	NODE_92_length_30796_cov_29.426954	89.873	79	6209	30796	523	601	80	2	1.58e-21	107
MV-4128_S29__NODE_1033_length_6209_cov_404.209945||full	NODE_15894_length_1564_cov_4.690524	85.000	80	6209	1564	524	603	1528	1449	1.21e-16	91.5
MV-4128_S29__NODE_1033_length_6209_cov_404.209945||full	NODE_2094_length_6177_cov_57.488402	84.146	82	6209	6177	522	603	3102	3021	4.23e-16	90.6
MV-4128_S29__NODE_1033_length_6209_cov_404.209945||full	NODE_3302_length_4595_cov_6.233921	83.951	81	6209	4595	524	604	4514	4594	1.48e-15	88.7
MV-4128_S29__NODE_1033_length_6209_cov_404.209945||full	NODE_107_length_29104_cov_41.649454	84.146	82	6209	29104	520	600	24665	24746	5.16e-15	86.9
MV-4128_S29__NODE_1033_length_6209_cov_404.209945||full	NODE_15886_length_1565_cov_3.170199	82.895	76	6209	1565	526	600	787	712	9.32e-12	76.1
MV-4128_S29__NODE_1078_length_5969_cov_4.838688||full	NODE_353_length_16533_cov_11.542663	74.512	4763	5969	16533	1	4694	13434	8842	0.0	3017
MV-4128_S29__NODE_1078_length_5969_cov_4.838688||full	NODE_353_length_16533_cov_11.542663	74.363	1178	5969	16533	4801	5969	8327	7171	0.0	732
MV-4128_S29__NODE_1078_length_5969_cov_4.838688||full	NODE_1737_length_6927_cov_11.476572	77.498	1431	5969	6927	2012	3426	6925	5502	0.0	1105
MV-4128_S29__NODE_1078_length_5969_cov_4.838688||full	NODE_1737_length_6927_cov_11.476572	74.065	1230	5969	6927	4672	5880	5167	3947	0.0	754
MV-4128_S29__NODE_1078_length_5969_cov_4.838688||full	k141_27103_length_1032_cov_29.9955	77.998	1059	5969	1032	2866	3909	1	1032	0.0	875
MV-4128_S29__NODE_1078_length_5969_cov_4.838688||full	NODE_13155_length_1777_cov_30.000000	83.676	827	5969	1777	635	1453	819	3	0.0	859
MV-4128_S29__NODE_1078_length_5969_cov_4.838688||full	k141_27230_length_1007_cov_32.0000	74.852	1014	5969	1007	2112	3111	1006	1	0.0	682
MV-4128_S29__NODE_1078_length_5969_cov_4.838688||full	NODE_7420_length_2648_cov_5.298496	71.583	1200	5969	2648	1659	2839	300	1478	1.32e-161	573
MV-4128_S29__NODE_1078_length_5969_cov_4.838688||full	NODE_7420_length_2648_cov_5.298496	72.388	134	5969	2648	3242	3375	1884	2017	8.96e-12	76.1
MV-4128_S29__NODE_1078_length_5969_cov_4.838688||full	NODE_11359_length_1961_cov_3.559811	70.588	782	5969	1961	2078	2838	1958	1198	2.73e-94	349
MV-4128_S29__NODE_1078_length_5969_cov_4.838688||full	NODE_11359_length_1961_cov_3.559811	80.000	80	5969	1961	3296	3375	728	649	3.13e-11	73.4
MV-4128_S29__NODE_1078_length_5969_cov_4.838688||full	NODE_7120_length_2722_cov_36.840270	73.466	603	5969	2722	1667	2263	561	1157	1.72e-90	337
MV-4128_S29__NODE_1078_length_5969_cov_4.838688||full	NODE_7120_length_2722_cov_36.840270	77.876	113	5969	2722	638	746	18	127	2.11e-13	80.6
MV-4128_S29__NODE_1078_length_5969_cov_4.838688||full	NODE_1626_length_7199_cov_17.980683	72.420	591	5969	7199	1676	2263	1294	707	5.63e-84	315
MV-4128_S29__NODE_1078_length_5969_cov_4.838688||full	NODE_1626_length_7199_cov_17.980683	76.744	172	5969	7199	116	287	2608	2437	1.33e-28	131
MV-4128_S29__NODE_1078_length_5969_cov_4.838688||full	NODE_311_length_17938_cov_50.900073	74.561	342	5969	17938	5629	5969	17937	17609	3.33e-55	220
MV-4128_S29__NODE_1078_length_5969_cov_4.838688||full	NODE_7290_length_2681_cov_32.896420	72.789	294	5969	2681	1676	1969	2380	2673	1.51e-40	170
MV-4128_S29__NODE_1078_length_5969_cov_4.838688||full	NODE_7290_length_2681_cov_32.896420	80.357	168	5969	2681	120	287	733	900	1.16e-35	155
MV-4128_S29__NODE_1078_length_5969_cov_4.838688||full	NODE_15780_length_1571_cov_11.236148	80.117	171	5969	1571	117	287	691	861	3.34e-36	156
MV-4128_S29__NODE_1078_length_5969_cov_4.838688||full	NODE_15780_length_1571_cov_11.236148	80.769	78	5969	1571	845	922	1362	1439	3.13e-11	74.3
MV-4128_S29__NODE_1078_length_5969_cov_4.838688||full	NODE_6557_length_2889_cov_4.768878	68.273	498	5969	2889	2355	2839	2864	2383	1.16e-35	154
MV-4128_S29__NODE_1078_length_5969_cov_4.838688||full	NODE_6633_length_2863_cov_29.930912	71.898	274	5969	2863	441	708	1058	791	2.57e-31	141
MV-4128_S29__NODE_1078_length_5969_cov_4.838688||full	NODE_6633_length_2863_cov_29.930912	75.497	151	5969	2863	1306	1453	153	3	1.85e-20	104
MV-4128_S29__NODE_1078_length_5969_cov_4.838688||full	NODE_4673_length_3648_cov_11.835513	75.862	203	5969	3648	85	286	3442	3643	8.95e-31	139
MV-4128_S29__NODE_1078_length_5969_cov_4.838688||full	NODE_9328_length_2243_cov_61.190128	76.429	140	5969	2243	4488	4624	428	292	2.25e-19	101
MV-4128_S29__NODE_1078_length_5969_cov_4.838688||full	NODE_9228_length_2260_cov_25.897506	74.375	160	5969	2260	1048	1206	1852	2010	2.74e-18	97.8
MV-4128_S29__NODE_1078_length_5969_cov_4.838688||full	NODE_11805_length_1911_cov_12.281789	64.510	510	5969	1911	5388	5880	1289	803	2.57e-12	77.9
MV-4128_S29__NODE_1078_length_5969_cov_4.838688||full	NODE_9044_length_2291_cov_18.010286	85.075	67	5969	2291	1	67	265	200	3.13e-11	73.4
MV-4128_S29__NODE_1319_length_4914_cov_19.732249||full	NODE_2938_length_4967_cov_5.991246	65.271	573	4914	4967	2542	3096	563	15	3.35e-16	89.7
MV-4128_S29__NODE_1531_length_4262_cov_30.169717||full	NODE_7120_length_2722_cov_36.840270	76.768	99	4262	2722	3897	3995	1729	1631	6.39e-12	76.1
MV-4128_S29__NODE_1531_length_4262_cov_30.169717||full	NODE_1626_length_7199_cov_17.980683	76.768	99	4262	7199	3897	3995	135	233	6.39e-12	76.1
MV-4128_S29__NODE_1701_length_3849_cov_22.680812||full	NODE_6474_length_2916_cov_3.215309	74.501	451	3849	2916	894	1336	539	94	3.87e-71	271
MV-4128_S29__NODE_1701_length_3849_cov_22.680812||full	k141_54272_length_1046_cov_4.0000	70.833	384	3849	1046	897	1270	399	26	5.05e-38	161
MV-4128_S29__NODE_1786_length_3708_cov_6.681084||full	NODE_999_length_9456_cov_13.198702	70.556	360	3708	9456	1210	1566	7099	7455	7.22e-36	155
MV-4128_S29__NODE_1786_length_3708_cov_6.681084||full	NODE_12872_length_1803_cov_5.287757	78.261	115	3708	1803	1218	1332	817	703	5.93e-18	96.0
MV-4128_S29__NODE_1786_length_3708_cov_6.681084||full	NODE_12872_length_1803_cov_5.287757	82.022	89	3708	1803	827	914	1214	1127	3.74e-14	82.4
MV-4128_S29__NODE_2034_length_3297_cov_10.411474||full	NODE_10564_length_2063_cov_99.166833	74.747	198	3297	2063	3104	3297	1748	1555	1.61e-24	117
MV-4128_S29__NODE_2034_length_3297_cov_10.411474||full	NODE_1532_length_7478_cov_23.746464	72.436	156	3297	7478	1	155	2085	1931	1.16e-13	81.5
MV-4128_S29__NODE_2034_length_3297_cov_10.411474||full	NODE_6586_length_2878_cov_6.864683	78.351	97	3297	2878	3203	3297	2412	2506	4.93e-12	76.1
MV-4128_S29__NODE_2034_length_3297_cov_10.411474||full	NODE_716_length_11472_cov_43.929404	77.551	98	3297	11472	3202	3297	2619	2714	1.72e-11	73.4
MV-4128_S29__NODE_2313_length_2952_cov_3.990680||full	NODE_14989_length_1627_cov_97.090967	73.061	954	2952	1627	15	963	2	918	9.04e-154	546
MV-4128_S29__NODE_2313_length_2952_cov_3.990680||full	NODE_1143_length_8864_cov_13.139743	71.327	987	2952	8864	1	957	6244	7222	3.16e-134	480
MV-4128_S29__NODE_2313_length_2952_cov_3.990680||full	NODE_8166_length_2467_cov_11.037728	73.140	793	2952	2467	176	960	3	787	2.27e-123	444
MV-4128_S29__NODE_2313_length_2952_cov_3.990680||full	NODE_8166_length_2467_cov_11.037728	67.579	475	2952	2467	981	1451	1851	2321	2.00e-35	152
MV-4128_S29__NODE_2313_length_2952_cov_3.990680||full	NODE_1507_length_7574_cov_53.048411	70.254	985	2952	7574	1	960	5632	6604	1.34e-113	413
MV-4128_S29__NODE_2313_length_2952_cov_3.990680||full	NODE_4476_length_3762_cov_33.951983	68.473	812	2952	3762	1	789	2964	3762	2.43e-72	276
MV-4128_S29__NODE_2313_length_2952_cov_3.990680||full	NODE_4259_length_3896_cov_63.287685	79.771	262	2952	3896	1390	1650	3888	3629	1.35e-56	224
MV-4128_S29__NODE_2313_length_2952_cov_3.990680||full	NODE_12305_length_1859_cov_6.555432	71.594	345	2952	1859	202	545	1800	1457	6.12e-42	174
MV-4128_S29__NODE_2313_length_2952_cov_3.990680||full	k141_37155_length_1503_cov_26.0000	69.801	351	2952	1503	1002	1352	1143	1493	1.64e-36	156
MV-4128_S29__NODE_2313_length_2952_cov_3.990680||full	NODE_2962_length_4940_cov_11.982190	68.000	400	2952	4940	7	391	405	20	1.44e-24	117
MV-4128_S29__NODE_2322_length_2942_cov_3.921718||full	NODE_10519_length_2069_cov_168.456306	74.427	1310	2942	2069	184	1455	774	2069	0.0	823
MV-4128_S29__NODE_2322_length_2942_cov_3.921718||full	NODE_16132_length_1547_cov_6.961796	78.881	947	2942	1547	651	1597	7	941	0.0	813
MV-4128_S29__NODE_2322_length_2942_cov_3.921718||full	NODE_16132_length_1547_cov_6.961796	71.148	357	2942	1547	2584	2940	1082	1438	1.43e-43	180
MV-4128_S29__NODE_2322_length_2942_cov_3.921718||full	NODE_1143_length_8864_cov_13.139743	70.306	1209	2942	8864	396	1598	2852	3997	6.07e-156	553
MV-4128_S29__NODE_2322_length_2942_cov_3.921718||full	NODE_1143_length_8864_cov_13.139743	70.327	428	2942	8864	2524	2940	5798	6223	5.35e-49	198
MV-4128_S29__NODE_2322_length_2942_cov_3.921718||full	NODE_2962_length_4940_cov_11.982190	67.240	1801	2942	4940	1187	2940	2211	432	1.10e-152	542
MV-4128_S29__NODE_2322_length_2942_cov_3.921718||full	NODE_2962_length_4940_cov_11.982190	67.488	649	2942	4940	385	1007	3103	2460	6.51e-48	194
MV-4128_S29__NODE_2322_length_2942_cov_3.921718||full	NODE_4476_length_3762_cov_33.951983	68.229	1259	2942	3762	398	1581	1153	2396	3.83e-133	477
MV-4128_S29__NODE_2322_length_2942_cov_3.921718||full	NODE_4476_length_3762_cov_33.951983	70.677	399	2942	3762	2525	2919	2528	2922	4.11e-44	182
MV-4128_S29__NODE_2322_length_2942_cov_3.921718||full	NODE_3865_length_4150_cov_9.146764	79.345	397	2942	4150	352	746	395	1	1.99e-92	342
MV-4128_S29__NODE_2322_length_2942_cov_3.921718||full	NODE_1507_length_7574_cov_53.048411	67.797	649	2942	7574	368	991	2346	2990	3.60e-51	205
MV-4128_S29__NODE_2322_length_2942_cov_3.921718||full	NODE_1507_length_7574_cov_53.048411	66.484	364	2942	7574	2584	2940	5255	5611	3.61e-13	79.7
MV-4128_S29__NODE_2322_length_2942_cov_3.921718||full	NODE_1456_length_7756_cov_9.580574	66.949	590	2942	7756	429	991	4303	4886	6.10e-42	175
MV-4128_S29__NODE_2322_length_2942_cov_3.921718||full	NODE_1456_length_7756_cov_9.580574	70.857	175	2942	7756	2648	2821	7301	7474	3.61e-13	79.7
MV-4128_S29__NODE_2322_length_2942_cov_3.921718||full	NODE_9018_length_2296_cov_3.385096	69.470	321	2942	2296	686	991	186	506	2.27e-28	129
MV-4128_S29__NODE_2322_length_2942_cov_3.921718||full	NODE_10429_length_2084_cov_4.076392	66.197	426	2942	2084	471	890	1145	729	2.60e-21	106
MV-4128_S29__NODE_3290_length_2223_cov_41.785055||full	NODE_6474_length_2916_cov_3.215309	68.586	573	2223	2916	1161	1719	657	93	4.60e-42	175
MV-4128_S29__NODE_3290_length_2223_cov_41.785055||full	k141_54272_length_1046_cov_4.0000	68.028	563	2223	1046	1113	1668	565	10	1.60e-41	172
MV-4128_S29__NODE_4784_length_1668_cov_4.866708||full	NODE_1532_length_7478_cov_23.746464	71.239	226	1668	7478	1424	1647	988	765	6.21e-20	101
MV-4128_S29__NODE_4784_length_1668_cov_4.866708||full	NODE_311_length_17938_cov_50.900073	82.105	95	1668	17938	1	92	14157	14063	1.12e-16	89.7
MV-4128_S29__NODE_4784_length_1668_cov_4.866708||full	NODE_353_length_16533_cov_11.542663	82.716	81	1668	16533	3	83	4278	4198	4.78e-15	84.2
MV-4128_S29__NODE_4784_length_1668_cov_4.866708||full	NODE_353_length_16533_cov_11.542663	64.240	467	1668	16533	489	955	3820	3364	5.82e-14	81.5
MV-4128_S29__NODE_4784_length_1668_cov_4.866708||full	NODE_1737_length_6927_cov_11.476572	83.824	68	1668	6927	1	68	925	858	8.64e-12	74.3
