vOTU_002	NODE_20299_length_498_cov_1.995485	83.133	83	43474	498	43387	43469	154	236	1.40e-14	87.8	69	5CGAG21TAAG5TG1AG2TCAT1GA17TC2CA2ACAG7GT6
vOTU_002	NODE_161_length_2681_cov_2.858720	82.022	89	43474	2681	43386	43474	248	332	1.70e-13	84.2	73	6CG21G-T-6TG1AG5G-G-2GC5AG3CG2CGTCGA4AC10CA5GC3
vOTU_002	NODE_317689_length_211_cov_1.230769	69.118	204	43474	211	24575	24777	7	209	2.52e-11	77.9	141	8CT2CG1T-4-A2AC2AGTCCAGA4GA6CTCT1CT5CTTA1GCCACAGC2GA3CTAT9GT8GC2GT2GC2GT2GCATCTCT1ACTA2CG2GC3CAGAATTACT2CTAG2CG9AGTC3GC9TG4CGCA1GC11TAGCAT8GATC2CT2GC2CTGTGC1TGTC6GC5
vOTU_002	NODE_258249_length_225_cov_2.082353	92.308	52	43474	225	43417	43468	3	54	2.52e-11	77.0	48	5TG4TC3GC15CG21
vOTU_002	NODE_63978_length_327_cov_1.411765	85.915	71	43474	327	43405	43474	1	70	2.52e-11	77.0	61	10TGA-6CG2-A1TCAC2GC15CG11AG11GC3
vOTU_002	NODE_46577_length_368_cov_1.712460	78.261	92	43474	368	43383	43474	249	340	2.52e-11	77.0	72	9CG4TA13AC2GA2GC1CG2TG1AC1CG4GC2GCTA4AG2ATCG2CG3CT2AC8GA7GC3
vOTU_003	NODE_24355_length_465_cov_0.892683	84.444	90	42130	465	38011	38100	151	240	2.14e-18	100	76	25GA6CG5GC11CT6AGGT6GACGTA3ACGCCATG2CG12
vOTU_003	NODE_110429_length_272_cov_1.327189	88.889	63	42130	272	6221	6283	144	82	5.75e-13	83.3	56	9TC2CG33GCCTCG6CT4GA2
vOTU_004	NODE_337063_length_207_cov_1.184211	83.562	73	40752	207	6763	6835	108	36	6.78e-12	78.8	61	19GACG15GC1TG1TC3AG7GA7TG1CT1TCCT4TA2
vOTU_004	NODE_227183_length_233_cov_1.938202	82.051	78	40752	233	6759	6836	35	109	2.37e-11	77.0	64	3AT19GACG3TA3CAAT2AG3GCAGTG21TG1C-C-T-9
vOTU_005	NODE_310350_length_213_cov_1.215190	83.784	74	39533	213	639	712	104	31	1.88e-12	80.6	62	7AG6AG12AGTATC15CGTC1TC6AG4AG3TC6TG2
vOTU_005	NODE_84823_length_292_cov_1.320675	82.500	80	39533	292	635	714	244	166	6.58e-12	78.8	66	11AG1CA13GTTC2ACTG1CA13GT3TCAT9TAAG3TC6T-4
vOTU_005	NODE_58429_length_338_cov_2.865724	82.667	75	39533	338	635	709	83	157	2.29e-11	77.9	62	11AG1CT3AG9GATCGA1ACTA16CATG2AT9TA4TC6
vOTU_005	NODE_36859_length_399_cov_2.412791	82.667	75	39533	399	636	710	244	318	2.29e-11	77.9	62	9TAAG1CA13GTTC2AGTATG16TC2AT9TA4TCAT6
vOTU_005	NODE_119456_length_268_cov_0.901408	83.333	72	39533	268	638	709	137	66	2.29e-11	77.0	60	8AG19ATTATC8AG1GA4CGTC1TC10TCAG3TC6
vOTU_006	NODE_39213_length_391_cov_1.294643	70.588	204	39529	391	6567	6768	183	381	1.04e-15	91.5	144	14ACCT5CT2TC3GC2TC8GC1GC5CAGC8GCACTGGC2GC2GA6AG2CACGGCCG4AC2TC2AG2GCGTGTGC1TA3GC1AC2CGTG2G-A-G-G-3AG3CA1GC1GA1TA1GC2A-1CG1-G-T4CG5CGAGGC3GC1TCCG1CG17CGGC1TC4CAAG15
vOTU_007	NODE_18749_length_514_cov_2.230937	73.292	161	39259	514	27502	27662	9	169	2.43e-17	97.8	118	11GA5CG1GCAG2CG6GA1AG2GT15TGGAGC3CGTAGT2CA4AGAG2GC1CAGC5GC2TG11CG2CGTCGT7GTCG3GCCGTAAG7CA8TGCG1CT2TG3TG1CT3GC2TC2CG2GC2
vOTU_007	NODE_1360_length_1404_cov_6.378799	71.515	165	39259	1404	27508	27671	36	199	6.53e-12	79.7	118	2CG6AT1CG1GTAG5CG1CT1GA1AG5GA11CGTGGC4CGTAGC2CG4AGAG2GC1CAGC1GTTCTAGCGC2TG8-G2CG1CG3G-8CA4CT1AG7CA2GTCG7CG2TG9GT2TC2CG2GC2GCACTC6
vOTU_007	NODE_78988_length_300_cov_1.967347	71.084	166	39259	300	27508	27671	80	243	6.53e-12	78.8	118	5GC8AC1AT2GT3CGGA1AG11CT5CTTGGCGA2GA2GT8AG2GC1CAGC2TC2GC2TC3TCTG3GC5CT5-A-G1AG5CT1G-C-TAAG5CGGCCTCG1GC11TGCA2TG1CT3GC2TC5GC2GCAGTC6
vOTU_007	NODE_9326_length_671_cov_1.566558	72.263	137	39259	671	27535	27671	443	307	2.28e-11	77.0	99	2GC14CTTGGAGT5GT2CT1GT2AGAG4CA3TGTAGTGC2TC10CGCG17GCCGTAAG7CA2GTCG4TCCG1CTCG1TG3TG2CG5TGTCTG6GC1TC3GC2
vOTU_008	NODE_14322_length_570_cov_2.281553	78.125	128	36032	570	31581	31708	283	156	4.31e-20	105	100	7GCAG1CG2GA2CG2CT5GA2GA2GA4GC5GC10ACAGGC2TC7GC3GA5AGTG2ACCACT2GC12AG2AC6CGGC8CG9
vOTU_008	NODE_224024_length_234_cov_1.072626	83.000	100	36032	234	31557	31656	103	4	1.50e-19	104	83	8CGGAAG2CG3TC4CG9AGTC6CG2CG5GA14CTGTGCCG19AT2GC9
vOTU_008	NODE_51072_length_356_cov_1.159468	77.477	111	36032	356	31577	31687	205	95	1.16e-14	88.7	86	3AG2GC4GC8CG2CG10AG2AC1GAGCCGAC1CG8CT3ACAGGC2TG7GC9AGTG1GCAG4GC12AG1GC6
vOTU_009	NODE_268833_length_223_cov_1.136905	75.385	130	27200	223	18434	18563	49	178	7.17e-16	91.5	98	10AG6GA2GT2GC11GC2CT3AGAGTC2AC2CG2AGAC2GT1GC4TGCG3AG1CG2GC3GACACG5CT5AG2CG12CAGA4GTAC4AG1CG7
vOTU_011	NODE_7387_length_736_cov_3.002937	70.099	709	26064	736	20653	21353	733	39	1.09e-76	294	497	12AC1CG2TC1CA2CA3GC4TCGCGTCT3AC3GT1GT2GCGACA3TC1C-G-C-C-G-G-1CTGA1GC3AC7GC3GC13GT8TC11CT5GC5GC6G-T-3-A3CA2GT1CA1AC1-A-C-C1GT3AGGC1A-C-3AGAG1GCTCCA8TACA1TG4GT10GA2CG8GCTGGC2GC2GC2GC2GC1AGGCCGCA6-A-G4GC3CAGT1TCGACTTCGTGC3ACGT1TGGC1T-G-1ACGC2CT2CA3ACAT1AG1CG9GA2CGACGTCA3CT4C-3TC1-G2GC3CG1GAGACACG2GC2GC2CA2GC6GA1GC11CG2CG5GC2CGTC1CG2GC5GC2TC14CG1ATTC8GA2GC2CT8AC1GCCG2GA5GCGA1GC2GC5AGAC7GACAGAGC1GC1GA13GT2GC3GTTG15AG8CG2AG2CG5TCGC1CGTAGCTC4TA1AG2GA4GAGA4GC2GT1AGCGCA1-C6GC1T-3AG2TG2GAGT4GCGATC1AGATTG5TC2GC1CGGC2GC2GC5AG8TC5TC5GC6TG1GC3GCCGGC1TC2AG3CT3GC1CG2TCAC4CG11GC3GA1GT2GC5
vOTU_011	NODE_291048_length_217_cov_1.777778	86.047	215	26064	217	23059	23273	1	215	9.52e-65	253	185	8TG11GC2CT6CGTA23ACGC2GCCTGTAG20CG2CG2GA5GT2CT2GC5AC2GA2TGTCTG6GC17GA8TG8CT3CG22AG16TC6GC5
vOTU_011	NODE_15973_length_547_cov_1.949187	70.504	556	26064	547	22617	23163	547	1	4.93e-62	244	392	12GC11GC2GC11GCCGTA3AG3TA3GCATCT1GC2GC11GC2CA1CTGA2GC2GT3TGTCAC2GC2AC3TG1GTGTTCCG1GA4TC1TGTCTG3CG2AG3GT1CG3TA1CGTGGTCT1TG5CGTCTGCA4AGGC1CGTACGACTG4AT1-G-T3TA3T-2T-C-2ACGTTCCT2CG4GACAGT-A-C1TC1TC2TG1ACGTACA-A-C-A-1CG2TC2CT3GCGA16TC4TCTGTG2CT2-C-C-T2ACGT4CG1GC3CG2AG2CG5GT1CTAG2CG4TCGA2GA2AG8GA1TC1GATC8CG5ATGC5CG2TGTCTGGCGT7G-G-1GA2ATAT1GA-C-C2TA5ACTC3GT9CG4AGGC2CG2GA4GT30CT2CT5CGGTCT9TG11GC8GTCGTA18GA4ACGC2GCCTGTAG20CG2CG2GA5GT2CT2GC3
vOTU_011	NODE_256876_length_226_cov_1.122807	82.547	212	26064	226	14883	15094	212	1	2.39e-53	216	175	2CG5CG14AC6CT10AG8CGAG1CT5GT5GA3GACGCT2TC2AG2CG2TC14GATCCA1GA2CG2GCTG6AG10AC21GC13TCGC5CG5AG6AC1GC2GT5CG2CG11CG2
vOTU_011	NODE_14063_length_574_cov_1.755299	68.542	480	26064	574	19462	19937	511	36	3.79e-38	166	329	3GC4GT2GC2CTAT2GAGC1GACA7CTCG1GTACCG2GC5GCGC1GC2TCCA10GC2GC2GCTACGGC8GC10CG5TGCG3TG1GC1CA6ACAGGACG2GC3GTTCGCAT2TGGC3TC6TACGGC4CT6GCATTAGT6GCAC4CGCA4CA1GC7TC3AC7TGCG5GA1CT6GC2AC4CGCT1GC1ACTA4AG2GCCTCGGACT3GCTGCGGC17GT5CA3CT4GC3CG8GC10CGCT1GC6AGCTCGGTACAG6-ACA3TGCGACACTGCA4CGCTTGGTGT1GC1CG2GT2C-2TC9CGTCTCCG2CG2-G4AC2C-1GC6TGGC4GCAT3CG2GC6G-C-3GACA3CG1GT3GT1CG2-C-T2GAAG7TCGACA3GTAT1CG11CG2CG2GC2
vOTU_011	NODE_323470_length_210_cov_1.161290	82.036	167	26064	210	23441	23604	206	40	1.61e-36	160	137	8GT-A-C16-C17GT2GTACGAAT7CGCGATAG5AG5AGCT16ATCA1CATG3AC11CG1GC5GT2GA7TC22AG3ATTGTG6
vOTU_011	NODE_8695_length_689_cov_1.995268	73.214	280	26064	689	19501	19779	664	386	1.61e-36	160	205	5GC2GT2TCCA10GC5GA2GC4TC3GC1TCGT2GC4CGCG2CT1TGCG2CTTG1GC3GA4ACAGGACG5GC1TC3CT5TC2GC2CT8GT6ACTA2ACCG2GC4GTGT8GC5CT2GC2AC5GC1TGCG7CT6GC2AC2GA2CG1GC1ACTA6C-2CT1CACT-T2GT2GT8GC4AC9CG1CG1CT3CAGT12GC4CG2GAGA2CT1GC3CA5
vOTU_011	NODE_26884_length_448_cov_1.363868	73.684	266	26064	448	25179	25443	168	432	5.63e-36	158	196	5GTTC3AG3AT1GC2CG1AC3GCCG2GCCG3GA2CG2GA3GTAT6CGGA9CGAG4AT6CT5CG2GC14GC5ATGTCT3AG8GC2GCCGTA21CG1GTGC2GC5CG11-A4G-GACAGT1GT2CG1GC3CG2GA2GCGA2GA1CG1TG3CGGTCT2CG9CG2AG1TGCA5CA8AGTA1AC1GC2CTGC5AG2AG2
vOTU_011	NODE_297544_length_216_cov_1.149068	76.585	205	26064	216	20366	20564	213	12	2.92e-33	149	157	4GA5CT5GA8CT11CT3TC1GC3AG1CA1GAGA8GC5GC2GC5GA2GT2AG2CT11TC5TC3GA1GC6A-A-G-3-A-C-T2TC2GACT2GT2TC6CT1ATGC7GC1-G-C-G2AC8CTCT3AC7TC8TG2CGGC7
vOTU_011	NODE_7296_length_739_cov_8.364035	78.212	179	26064	739	2148	2323	230	405	1.24e-31	144	140	19GC1TG3GC5GC1CG2A-G-G-1TA2CG6-A-A-T9TATGGT8GT4TC6AG2AG8CT5GC1GT8TG3CG7TGGC2CG1GAGCGACG3GC2CG4GT15TG5CG2CG2GC3
vOTU_011	NODE_7274_length_740_cov_4.188321	67.920	399	26064	740	20965	21363	678	280	1.24e-31	143	271	3GT5GTCA1CG1GA2GC2CG2GC9CA13CG5GCGA1CGTC1CG2GC3GA1GC2TC14CG1ATTC2CG2GC2GA2GC5GCGTTG3AC3CGAC4GA2GA1GC2GTTACG3ACAG4GC2GCCG2GC1CGGC1CG1GA3TC5GC2GC3GATC9TC2GC2AG2GT2GC4ACAC2CT2CA3GC1CGTAGCTG5GTAC7GC5GCCG1GTCTATCGCA1GC1CGGC3GCTG3ACCAGATC3GT4GTGTTC2ACTC5TG2GCCACA3GC2GC2CT2AC11GC2TGCA1GTGA6AGGC3GATAGCGCCA1AT1CG2CT3AG2GAAC4AC1CGGTCG1CG10GC8GC2CT5GC2GC3
vOTU_011	NODE_258512_length_225_cov_1.682353	74.129	201	26064	225	20965	21165	201	1	2.73e-27	129	149	3GC5GTCA1CG4GC2CA2GC9CA13CG5GCGA1CGTC1CG2GC3GA1GC17CA1ATTC2CG2GC5GC5GCGTTG3AC3CGAC4GA2GA1GC2GTTACG3ACAG4GC2GCCG2GC2GC3GA9GC2GT3GATC9TC2GC2AC2GT2GC3
vOTU_011	NODE_21446_length_487_cov_10.138889	68.304	448	26064	487	20346	20779	10	437	4.05e-25	123	306	6GC1CTGC3AG4ACGA10CT5GA8CG2GA8CTTCGTGTTC2TA2AG7CGGC2AGTC3CG5GT8GC2AG11CG2TC2GC2TG3GA1GC2CTGA5-A-A1TA1TCAG1A-A-4GCCAGTTC2CA1GT2GCATGCCG2CT3GT3-G-C-G1GT3AGAT2CTCG1CGGCAC1CG8CT5-G-G2TCCT4AGTC1CG1TC1G-C-ACTG3GT1CT1CA9GTAG2AC2G-1GC5-GAC5CGCGGA1AG3-C2CACG2A-T-G-T-4ACTG1AG2-A3GA1CTACAT4TC2C-5CT5ACTACT2TCCGCT3GCCT4-T1GATA1-C7-A5-C5CA2T-G-C-4GC2G-C-G-C-G-G-A-4CG2GC11CT5GT8TC13GC3GC4
vOTU_011	NODE_238096_length_231_cov_0.903409	80.303	132	26064	231	20353	20484	10	141	4.05e-25	122	106	6AG4AC2CG14GA24TC2TG2AGAT1CG4CG2CTAC4CG5GC2CT2GT2GC2ACCA10CG2TC2GC2TGGA4GC1AT7
vOTU_011	NODE_58043_length_339_cov_2.070423	71.429	224	26064	339	20980	21203	235	12	1.72e-23	116	160	2GC2CG2GC9CA7AG5CG6GA1CGTC1CG2GC2CTGA1GC17CG1ATTC2CG2GC2GA2GC5GCGTTG3AC3CGAC3CG2GCGA1GC2GT2CG2ACAG1CG5GCCG2GC1CGGC3GA3TC5GC2GT3GATC6CT2TC5AG2GC2GC4ACAC2CT2CA3GC1CGTAGCTG5GTAC7GC5
vOTU_011	NODE_3269_length_1015_cov_12.939583	71.488	242	26064	1015	25821	26056	1008	773	6.02e-23	114	173	5TC3GA5TGGCGTGT2GATGGC4TG9AC1AT9AG2CGTG7GA2CATG2TCGC1AT1GA3TGGC1AT6-T-T-T4G-C-G-4GC3C-C-T-3CT2-A-G2TGTG1-G2ACTC1GCGTCT15GCCTCT1GTGTCG2TC8CG1CACT2CG2GC1TC6CG2GCAGTA2CA6GCTATG17TC6GC17
vOTU_011	NODE_84065_length_293_cov_1.210084	78.169	142	26064	293	21244	21384	143	283	2.56e-21	110	111	2CG2TC8GC2GC5AC4TACT2TC5TCCGTC7CT1GCTG5-C3A-14GA1TC5CG2GC8GC8GC8GC2GC2GCTA1GCAG1GC6GATC7
vOTU_011	NODE_39653_length_389_cov_3.610778	68.537	410	26064	389	20384	20778	1	389	2.56e-21	110	281	7CA2GA8-T3GC1TCGATC3A-3GC2CGGC2AGTC3CG5GC8GC2AG11CG2TC5TC3GA1GCGA8-A-A1TA1TGAG1A-A-4GCCAGCTC2CA1GT3ATGCCG6GC3-G-C-G1GC3AGATGCCACTCG1CGGCAC1CG5TC8TG2CGGC1CTG-A-2CGCG4AGTG1-G-C2GT3CAAG9AG1GAAC1C-1AC5AGAG-C5CGCGGA1AGTC2-T2CACG3T-G-T-T-3ACTG1AG2-A3GA1CTACAC4TC1T-12ACTACT2TCCGCT9-T1GA2-C8-A4-C5CA2TGGC3C-G-G-G-C-G-C-G-C-G-9GC17GC8TC13GC3GC3
vOTU_011	NODE_32901_length_416_cov_1.922438	80.909	110	26064	416	2210	2319	395	286	1.09e-19	104	89	8GC2CG5CG5AG17CG1CT5TGAG2CT6TCTGGC1CTCG1GA1GACG3GC11CG2GA8TG11
vOTU_011	NODE_29929_length_431_cov_1.007979	71.795	195	26064	431	2125	2319	187	381	1.09e-19	104	140	6CG1GTGC7CGGA2GCTCCA13ACCT2GCGC2CGACGA1GCTA4TC2TA1GCGC1TC2CG3ACGCCT7GA1TGTCGCTCCGGC7CT2TC9AG14GC4CG5TG7GCGC2TCGCGCCG3GCGACT3GC5CGAT1GC1GC12TG8CG2
vOTU_011	NODE_298379_length_216_cov_1.111801	87.805	82	26064	216	20342	20423	123	204	1.09e-19	104	72	4GC5GT1CT3GCAG47TC1GT3AG1CA2GC5
vOTU_011	NODE_187406_length_244_cov_1.841270	70.852	223	26064	244	25201	25422	14	235	3.80e-19	103	158	3GT2GCGT4GC2CACAGC5ATCT5CGGA4CG1TGGC1CAAG2GC14CG1GT3GA2CG5GC2GA11AG5GA5GCCGTA2G-4TG1GC1-G8GTCGCA2GC1GAGC2GA2CG5GC2GC5CGGA1CGGT1GC4GCCG5GA3GA2GA1CG1TGGC2CG2CG1CG3GT5CG1CTAC1TG3AG1CG9
vOTU_011	NODE_51839_length_354_cov_1.418060	78.226	124	26064	354	21229	21352	167	290	3.80e-19	103	97	3GT4GC1TC2ACTG2CG1GCTC2GC5GC2GC5AC8TC5TG11GC5GCGACTGCAC1CG9GA3GATG5CGCG7GA16
vOTU_011	NODE_298674_length_216_cov_1.012422	82.178	101	26064	216	2219	2319	14	114	3.80e-19	102	83	2CG5CG2AG2AG25TC3CG6TC1GT2CA1GAGCGACGGC2GC8GC14TG5CG5
vOTU_011	NODE_71728_length_312_cov_4.112840	83.673	98	26064	312	2520	2616	142	45	3.80e-19	102	82	5TG2-C2GC19TGGC1TG5CT3GC2CG1TACT5CG21GC1CG1GT12GC2
vOTU_011	NODE_57562_length_340_cov_2.477193	74.830	147	26064	340	20342	20488	265	119	4.63e-18	99.6	110	4GC1AG3GC1CT4AG1CG2AG5GA8CT20CT2CTTCGTGCTC2TA2AC1CGCAGC6CGAG1GC2CG2GC2GC1TA6GC2AC18CG1TC3GA1GC1AG2GACGAG6
vOTU_011	NODE_15092_length_559_cov_1.924603	77.863	131	26064	559	20356	20485	445	316	4.63e-18	99.6	102	3AG1CG2AC20CG9AG1CGGA5-G1GCGC1TG1TC3AGCT1GC1G-1CG5GCGC4GC2GC1TA6GC2AC14TC2GCCG1TC4TC11
vOTU_011	NODE_339096_length_157_cov_2.637255	78.814	118	26064	157	2148	2262	115	1	1.61e-17	97.8	93	13GC5GC1TG2GAGC5GC1CG2A-G-G-4-G-A-G5GA3TC6TATGGT8GT4TC9AG8CT5GC1GT8TG3
vOTU_011	NODE_193471_length_243_cov_1.015957	72.857	210	26064	243	20656	20862	1	201	1.61e-17	97.8	153	9AT1CG2TC1CGGC1CA3GC5GTGACT3AC4CAGT2GA2C-2T-4C-4GACA1C-G-G-8GC11CT5GC5CG2TC23GC2CT2GC2CGTCGATG6GCCG2-A-CGC2CG3GC1A-C-2G-1AG2TC1-A3AG7TCCA1GC1GT2CT3TC3GC1TCCG8
vOTU_011	NODE_8098_length_709_cov_11.076453	70.968	217	26064	709	23025	23237	497	709	1.61e-17	97.8	154	15GA2CG2CT2CGTCTG6GCGTCTCG5TGCG1CG1TC3CG4-T3A-4CT7GA5TG2CGTAGAGC3GTAC6AC1TC3CGCTAGCG6TA1GC1TA1GACT3GC2GC1A-G-C-5TC-G-C-G10TA1TG6GC4GT11CT6CT2TCGTAGAG4CGCG2GCCG1GCATTG12
vOTU_011	NODE_207175_length_239_cov_1.043478	81.915	94	26064	239	20988	21081	126	33	1.97e-16	94.2	77	7GC4GC14GA2GCGA2TC1CG8GC2TC5CG5TC5TC2CG12AC2GATC3AC3
vOTU_011	NODE_113625_length_271_cov_0.768519	70.000	230	26064	271	21250	21475	271	46	1.97e-16	94.2	161	8GC2GC5AC3TGTC3TCGA4TGCG2GC5CT1GCTG4GCGCCGGC15GAGCTG5CG2GC2CG5GC8GC3GAGA1CATC6GCTG11GATCCG5TC2GTATTA1GCAG3GCCG1GCGC4-C-A-CGC4AT1-C1TG1CACA1TA1CG2CA1T-G-AGAT3CT1AGGC3T-C-GA13TA10GTAC8
vOTU_011	NODE_35239_length_406_cov_1.145299	68.027	294	26064	406	15165	15448	108	391	1.97e-16	94.2	200	12AG1GA5-T-G3CT1T-G-3AG1CG1GCGC9GTAC1AGGACTCT2AC4CGGA1TCGC1GT5GCAC1CG5CT8-T-A-A-C-A2GAGT1GAGA5GCGC1G-4AC1CG1C-C-T-G-8CG5AC5GT2TG2GC3CG5CT4GCAG1CT3CAA-G-G-3GT3TC2CG1-G-C-G4CT1AT3TC20TC2CGCAGC3GTGCCTCGGA1GT1CA11CTGA2GC3TCGT1GACA3GC2CT2GTCT4TC5CGTG1CG5
vOTU_011	NODE_5444_length_833_cov_1.348329	76.613	124	26064	833	2135	2258	362	485	1.97e-16	94.2	95	7CT4TG24GCGC9TA1GCGTACTCTG1CG1GT1AGGC3TC4GA1TGTAGC4GT2TAGC2CG1TC3CG4CGAG13CA2GA8
vOTU_011	NODE_275579_length_221_cov_1.156627	80.198	101	26064	221	20965	21065	154	54	1.97e-16	93.3	81	3GT4GAGTCA1CG4GC5GC5CT3CA7AG5CG5GT1CTCG2CG6GA1GC2TC23GT2GC2
vOTU_011	NODE_4651_length_885_cov_12.632530	73.099	171	26064	885	2126	2291	510	345	1.97e-16	93.3	125	11GC1CT2CG4TG1GA14CA1GAGC1TG3GC1TC4TGCAGA3GT-T-C3C-C-2CA1GACT9TCTA1TGCT2GTCG1TCGC2CG10CG12GA7CG2GA2TGAG1T-C-G-6TC1-C-A-CGA10GC7
vOTU_011	NODE_90816_length_285_cov_1.269565	76.515	132	26064	285	21244	21374	276	146	6.87e-16	92.4	101	5TG2GT14AC8TC5TCCGTC1GC4CGCT1-C1TC2GTTCGC3A-1CA6AC6GCTCAC1CT2CGCA1GC2CG3CA10GC6CT1GC6TC10
vOTU_011	NODE_67075_length_321_cov_1.439850	72.632	190	26064	321	6315	6500	222	40	6.87e-16	92.4	138	4TC5GC12GA4CG17GCCG2GATC11CA5G-G-3T-TA3C-2GC3-CGTCT2CAGCCA2GC5AG1CG5CGCA4GC7-C-C-A4GA1CGGC2ACACAGTC1TA3C-A-C-3TCCA1GCGA1AG9GA4CT2TC1TC3CG2GC4
vOTU_011	NODE_317104_length_211_cov_1.448718	71.505	186	26064	211	20992	21173	29	210	6.87e-16	91.5	133	2CG3CT7AG5CG5GCGA1CGTC1CA5CT5TC5CG2CG5CG1AC3CG5GA4AG1AG2GATC3AC2CACGAG4GT2GACGGT2GA2CG3AG4GA3-A-C-C2GTGAGT2-A4C-T-A-T-2GCCG4GTAG1CG1TC10AT7GC11CA2
vOTU_011	NODE_14009_length_575_cov_1.978846	73.793	145	26064	575	21233	21377	456	312	6.87e-16	91.5	107	4GC1TC2ACTC5TC5GC2GC2GC5AC5CT2TC5TCCG1GC1TC6GCTG5GTCG1AG1CG5CGATTG1GC2GTGCTG6CG10GC11CT1GAGCCA8TA1GCAC1GA8
vOTU_011	NODE_121909_length_267_cov_0.905660	76.230	122	26064	267	2198	2319	9	130	2.40e-15	90.6	93	5CG3TATGGC2GC5GC2CGAG4CG2AG2AG2GC2CG14CG1GTCT1TC15CA1GAGCGACGGC11GC1GCCG2GA8TG8CG2
vOTU_011	NODE_91430_length_284_cov_1.711790	69.907	216	26064	284	23027	23241	13	227	2.40e-15	90.6	151	7GA10GA3CGTCTG3CT2GCGTCTCA5TGCG1CG8GC1-T3A-3GACT6GCGC1TC6CG6GTAC6AG5CACTAG2TAGA3TA1GA1TA1GA3GA3GC1AC3CGTCTGGC2CA2AG3AT1TGTCTGCT2GC2GT4GT11CTGA5CT3GTAGAG4CGCG3CG1GTATTGCT5GA9
vOTU_011	NODE_11073_length_629_cov_1.930314	71.163	215	26064	629	25211	25422	478	270	2.40e-15	90.6	153	2GT2CG2GA4AT6CGGA3CG2TGGC1CAAG2GC5GT8CG8CG8GCGTGC3ATGC1GCAGCG1CT6TC2-T2CA1-A1AT3TGG-T-6A-A-T-1GTGC2ATGT3GC5CG2CG2GC6-G3GA1CTG-7CT2CG5GCGA1GCGA10CG1CG12AC1TCCG1GCAG2CG5CT2
vOTU_011	NODE_10672_length_637_cov_5.424399	71.354	192	26064	637	20980	21166	498	312	2.40e-15	90.6	137	2GT2CT2GC5CT3CA13CG5GC2CG2CG2GC2CTGA1GT2TC5CT2CT8TC2CT2GC2GC8GCGTTG3AC2C-C-A-GT6-A-C-CGA5TACGCT2ACAG1CG2GA1C-G-4GC4-T-T1GACG5GC2GC2GT3GATC6CT5GT2AG2GC7
vOTU_011	NODE_290995_length_217_cov_1.913580	73.404	188	26064	217	25211	25391	39	216	2.40e-15	89.7	138	4CT1CGGC4GTAC3GT3GA1GC7CTAT20GC10TG6-CGTCT2GC2A-1AC5G-A-T-G-6AG1-A-G-A3G-3-G-T3C-A-A-2GC4GAGC1GAGA11GC2GC2GA3G-8GC2GC2-G5GCGA1GCGA3TGGC7
vOTU_011	NODE_76617_length_304_cov_1.534137	75.000	136	26064	304	12424	12553	196	61	2.40e-15	89.7	102	2AC5GC5GC5TC14CTAC1GCGA1TG5AG1CGGC2CG6GC1-C-G-C-C-A5TAGC-A3GCTGAC3AGCACGCA16GAGA1GC3CG14AC9
vOTU_011	NODE_290333_length_218_cov_0.889571	71.579	190	26064	218	25235	25422	204	20	8.36e-15	88.7	136	4TGGC2AG2GC5GT2CGTCTGGA5GC10TC6GC2ATGT1GCAGCTAG11GCCGTA3GA-T2GT2GA1CGG-C-A-A-3GTCG3GC2GC5CG5GC6TGCTC-6CT4-G6GA2GCGA1GCGA10CG1CGCT11AG1TG2GCAG2CG8
vOTU_011	NODE_108036_length_273_cov_2.201835	70.192	208	26064	273	2095	2299	69	273	8.36e-15	88.7	146	6AC1GC3GC1TCCG1TA1CG3TA3CG1ATGC3GA1CG1GC1CTGT5CG2AGGCTG16CG4TGCG2GC2GC2-C-G1TC1-A2AC2A-T-T-1CG3AT1CG5CG3TATGGT8GC2CG5CG2AG2AG14GC2CG2CG4TCAG2CG2CG7CTCG1GAGCGACG3GC6AGGTGC6
vOTU_011	NODE_62258_length_330_cov_4.330909	81.319	91	26064	330	20722	20812	100	10	8.36e-15	88.7	74	8GC5GC17CG16GC3GC4CG1AT1CG2GT3TGGCTC6GCCTCG1GA4GA3
vOTU_011	NODE_263754_length_224_cov_1.136095	72.152	158	26064	224	20998	21155	65	222	8.36e-15	87.8	114	8AG2CG2CG6GA3TGCG2GC3GA1GC5CT2CG2CT5CT5CG2GT2GC2GC3AG1GCGATC3AC3CGAG3CTGTCGGCGA1GC2GC5AC5GC3CG2GC1CGGA3GA1TCAGTC3CA5AG1CG17
vOTU_011	NODE_256578_length_226_cov_1.122807	76.991	113	26064	226	20353	20465	104	216	8.36e-15	87.8	87	6AG4AC2CG14GA15GATC5GAGCTC1GCTG2AC1CG1GA3CG3AC1GC3GA1GC2GC1TA6GC2ACCAAG12TC2
vOTU_011	NODE_330228_length_208_cov_1.882353	70.857	175	26064	208	21278	21452	208	34	2.92e-14	86.9	124	5CT11TA5GCCGGC4AG7GC1CG3AC1CT5GC8GC3GA1GC2GC5GACT1GC2GTAGCA1TA1GC3AG1CA3GATCCA2CG5GCAC7GC1AG2TAGACA1GC2CT5GT2GTTG2AG2CGTA1ACAG8GCAGTGCA2CT9
vOTU_011	NODE_125923_length_265_cov_1.690476	68.519	270	26064	265	11032	11295	261	1	2.92e-14	86.9	185	5AG9AG1CATGGCTATGTC6GC6AGCT3TG1TC3T-T-2CG1CG1CT-G-T4AGGC8CGTGTGTG2CGAG3ACTGGA1GC8CGTG1GC1GCGC1CTCG6ACAGGC8GC8CG2CGAC7GA2TG2CTCT9GA-T-C6G-G-4GTGTAC1CAGC1CT4CGGC4AC8TG1TG1CT2ACAGGC6CA3CAC-G-A-C-4AT2CGGCGA2-C-A5C-11GT6TC3
vOTU_011	NODE_5257_length_843_cov_9.253807	69.683	221	26064	843	23025	23241	411	627	2.92e-14	86.9	154	9GA11CT2CGTCTGCT5GCGTCTCG5TGCG1CG1TC3CG4-T3A-4CT7GC1TC3TG2CG1GAGC3GTAC3GCCTGTAG5CGCTAG2TCGC3TA1GC1TA1GA4GC2GC1A-G-C-5TCCG2-C-G-G1AG5TG1TG3GC7GT11CG6CT2TCGTAGAG2CG1CGCG3CG1GC1TG9GA6
vOTU_011	NODE_297931_length_216_cov_1.142857	74.627	134	26064	216	20653	20786	162	35	2.92e-14	86.0	100	11GCACTA4CACA10GATA6AC2GAGACTGC2G-G-1CA2TG4CG1G-G-C-G-1GCCAGAGA2CA5GT8CT8GC5CT2TC2GA10GC3GC11
vOTU_011	NODE_293878_length_217_cov_1.129630	73.571	140	26064	217	18238	18374	187	48	1.02e-13	85.1	103	12AC10CGACAG3CG3ACAT1GA3TAGT9ACAGGC7-A-C-AGA3TG1CACA1TA6CG12CGGA4AT1TC1CA5TA2ACTCCG2AC2GA4TCCG1CGGC10
vOTU_011	NODE_291076_length_217_cov_1.771605	73.881	134	26064	217	2125	2258	32	165	1.02e-13	85.1	99	6CG1GT8CG3GCTCCA14CT2GC2TCCGAGGC1GCTA4TG5GTATTGTACGCG3AGGC10TGTCGCTCCG6GA2CG1TC3CG5AG5CT13CG5
vOTU_011	NODE_125631_length_265_cov_2.714286	72.078	154	26064	265	21244	21397	24	177	1.02e-13	85.1	111	5TC2GT2GC2GCCT1GC11CT2TC5TGCG3TCGC2CT2GTTGCG4GTCG1AG4CT3ATTG3CT1GCTG2CG3CG10GC2CT10GAGCCA7GCTG2AC1GAAC5GATCCG1GC7AC1CG7
vOTU_011	NODE_115911_length_269_cov_1.728972	68.932	206	26064	269	20581	20786	259	60	1.02e-13	85.1	142	7AC1ACAG1AC1CG3GACA3AG8CTAG3GCCT6GATA1CT2ACTG1AG1CG5CA1AG2CT1TGGCTG8GT3AC1CG2TC1CA2CAGA2GC4TCGCGTCT3AC3GT1GTGT1GCGACA3TC1C-G-C-C-G-G-1CAGA4GTAC10CGGC4CA8GC5CT14CT2GC8GC2CA2
vOTU_011	NODE_1599_length_1323_cov_2.779968	67.314	309	26064	1323	2536	2827	199	499	1.02e-13	85.1	208	3TC10TG2TG3GC1CGCG2GC11CG8GC7CT2TG1GC1CG1GTGC11GCAG1AC1TCAG3CGTC2TA4GTGCCGTCTG6GC1T-3GTTC1GC1-G2AT1CG1GT1TGGT5TC1CTCGTG1TCCG2GC3GACA15-CGT1TC2TC2-G2-C1AC4AG1ACCA3GC1T-G-A-A-G-3GT6A-G-1TACA1TC2AT2CG3-T-C-T-T-C-G2GC2-T-G-C-G-A-G-C2GT2GC2AG5GC2CT5AC6GA4GC2CT5TG2GC5TCTC1CG3GT5
vOTU_011	NODE_1599_length_1323_cov_2.779968	73.759	141	26064	1323	2986	3125	658	797	1.24e-12	81.5	104	2TC3AG2GC1TG18GC1AT5TACGAGGC1GATCGC4AC4GTCA1TC1GCAGTC2TGTGTACA2TC3CG3-C2CG1C-6CGATGC6CG1TG9CG8CG2CG16
vOTU_011	NODE_1599_length_1323_cov_2.779968	68.812	202	26064	1323	2126	2323	656	853	5.28e-11	75.2	139	5CG1GC3GC1CG2CG4TG10GCCG4CG1GA1AGTCCG1GCGC1TC4TCCG4GCACTCTG1CG2CG1GA6CG3TCTA1TGCT2GT2TC3CG5CG2AG1CGAG5CG11CG1CG5TGAG1T-C-G-5T-5-G-A-C-G2GC2GC2GC8GC1GC2GT1TCTG4TCCATG8CG2GT3
vOTU_011	NODE_177127_length_247_cov_1.708333	73.529	136	26064	247	25313	25448	219	84	1.02e-13	84.2	100	4CG3AG3GTCACG2GC8CG11GC1CG1GCGACG1TA3CA2CG2CT5GCGA3CT8CG1GC1CT5GC1TG3AT1TG6CT8AGTA1AG1GC2CT1GTTC3AC2AG7
vOTU_011	NODE_3712_length_966_cov_2.216246	77.358	106	26064	966	20360	20465	285	180	1.02e-13	84.2	82	4AT17GA8CG6GATC5GAGCTC1GCTG2AC1CG1GA3CG2CTAC1GC3GA1GC11GC2ACCA10CG2TC2
vOTU_011	NODE_172574_length_249_cov_0.989691	70.000	190	26064	249	20990	21176	11	197	3.56e-13	83.3	133	5GA1GCCA7AG2CT2CG5GCGA1CGTC1CG2GC3GA1GC17CG1ATTC2CG2GC5GC2CT2GCGTTG3AC2C-C-A-8-C-C-A1GC2GCTA4AGAG4GC3CG1GCGC1CGGC3GACT2TC5GC2GC3GATC9TC2GC2AG2GC2GC4ACAC5CG2
vOTU_011	NODE_240893_length_230_cov_1.097143	70.000	180	26064	230	21244	21423	13	192	3.56e-13	82.4	126	5TA8GC2GC5AG5CT2TC2GC2TC4TC3CGCT1GTTG1GC2GAGTCG1AG1CG6ATTG4GTGCTG6CG4CG17CT1GAGCCA2GCACGC3TA1GCAC2AG1CG5CG5TC2GCAGTCCT5GC1AG1GCTG6CGTG1TGCT1GC2GC6
vOTU_011	NODE_140397_length_260_cov_0.936585	68.675	249	26064	260	16055	16297	12	254	3.56e-13	82.4	171	5-C-C7G-G-7TG7TC2CT2TC1ACTG2AG2CG2CA2-C-G-T1ACAG1-G4G-4A-C-G-2CA3CG13ACAGTC6GC5GCTC1GC1CTCG3TA1CG2TC4CGCG3GT5CAGAAG3GC4TCGCCG5AGTCGATC4GCTC3TCCG4GAATGC1CTGC4AG4GC2GC8TC4CA1GC3TGGA2AG5CTCTGTGCAG1GC5GC2AC2GA6
vOTU_011	NODE_83590_length_294_cov_0.652720	75.806	124	26064	294	21265	21387	1	123	3.56e-13	82.4	94	2AC4TACT2TC5TCCGTC7CT1GCTG5-C3A-15GATGAC2GTCG1CG1GC6CT1GA8GC4GAGT3GCAC1AGCA1TC19TC3
vOTU_011	NODE_59229_length_337_cov_1.195035	71.220	205	26064	337	2125	2324	293	94	3.56e-13	82.4	146	3GC2CG1GT3GA2GC1CG3GCTCCA14CT2GC2TC2GC1GCTA4TGCG1TA1GC1ATTCTA5AGGCCG9T-TGGC3-C1GA8TC3CG2AG2AG2GC2CG2CT8CG1CG3CG1TGAG2-G-C4G-3T-G-G-2AT1GA2-A2-TGT3CG2CGAT4CG11TG11GC4
vOTU_011	NODE_169485_length_250_cov_0.984615	74.590	122	26064	250	21229	21350	114	235	1.24e-12	81.5	91	3GT6TC2ACTG5TG2GC2GCCA4GC5AG14TCCA1GC1TC6GTTG1GC2GCGTCG1AG1CG6ATTG5GCTC2CG2CGCG1GC8GC11
vOTU_011	NODE_121395_length_267_cov_0.905660	75.214	117	26064	267	23118	23234	151	267	1.24e-12	81.5	88	3AG9AG4GA7CACA1GAGA2GA2GA2CGTCTGGT2CG13TCGC1CG3CG2CG5GA4CG9TCGTACAG4CGCG3CT3TG9
vOTU_011	NODE_98821_length_279_cov_0.830357	75.652	115	26064	279	25946	26060	24	136	4.33e-12	79.7	87	6AG5TC5CG5TC3GACTCG1GACG5CG5CG1CTGCCG1CG2GC2GCGA3TG4TCTC5TA17GA4CG2TGGA4A-T-7
vOTU_011	NODE_92975_length_282_cov_5.259912	70.556	180	26064	282	5924	6102	282	104	4.33e-12	79.7	127	2TC6AC1TGGA1CA5CGAC4CG1AG1GACACG2GC2CTGC2CGGA3TC1CT12GC8ACAC1GC1CACG2TC5GC2GC5TG5GCTG5TACGGC2CG2GCCT1GCATTG1GC16GC2TCGAGCAG5AG3CG3-T3GT2A-AC2TC8
vOTU_011	NODE_281900_length_220_cov_0.818182	72.000	150	26064	220	20079	20225	63	209	4.33e-12	78.8	108	4AT1GC5TC3GT1TG10GCCG2AC1CTCG8CG2AGGCGCCG2TC8CG2CGGC1AT2CT2GTAC1GAAC1CA8AC11-G-A-C6GT1ATCG2CTAGGT4CATC1G-G-C-11CA8
vOTU_011	NODE_193661_length_243_cov_0.968085	78.495	93	26064	243	20980	21072	150	58	4.33e-12	78.8	73	3GC1CG2GC5CGGC1GC2GC5AG11GCGA2TC4GC3GA1GC11CG8TC5GC2GC2GC3AG2
vOTU_011	NODE_170029_length_250_cov_0.964103	69.942	173	26064	250	21004	21176	250	78	4.33e-12	78.8	121	5CG2CG5GAGA3TGCG5CTGA1GC2TC23GC2GC2GC1AG1AG1GCGATC3AC3CGAG4GTCGGC1CT4TC1CG2AGAG2GC1GC2GCCA1GCGCGA1GA3GACGTC1TG3CA1GC2GCAG1CG11TC2GC2AG2GC8AG2CT5
vOTU_011	NODE_273460_length_222_cov_1.023952	81.250	80	26064	222	3340	3419	179	100	1.51e-11	77.9	65	17CT4ATGTAG4TAGC1CG6CG2CG2GC4AT16CG1GC4CTAG4
vOTU_011	NODE_191552_length_243_cov_1.021277	85.075	67	26064	243	20721	20787	40	106	1.51e-11	77.0	57	6CG2GC5GC11GC2GC8GA6GA3GCGC2GC12
vOTU_011	NODE_122733_length_267_cov_0.886792	83.333	72	26064	267	20718	20789	22	93	1.51e-11	77.0	60	9CG14CG9GTCGCT2TC1AT11GC3GCCT3CG6GC2
vOTU_011	NODE_33911_length_411_cov_3.103933	76.471	102	26064	411	25201	25302	294	395	1.51e-11	77.0	78	8CT6CGCAGC4GTAG6CGGA6TGGC1CGAG2GC17GC5CG5GC2GC2GC2ACGT2ACCGAG8GC2
vOTU_011	NODE_24208_length_466_cov_0.720195	73.770	122	26064	466	2137	2258	154	33	1.51e-11	77.0	90	5CT3GC2GA14CG1GA6GC5GC1CG3GTGTACTC6AGGC3TC1CG3CGTGTCGC4GT2TAGT2CG1TGGA2CG2AG1CGAGTC7CT16
vOTU_011	NODE_310525_length_213_cov_1.183544	74.797	123	26064	213	20360	20481	192	71	5.28e-11	76.1	92	4AC2CG8CT2CT2GA8CG6GA1CT2-T2GCGC1TC1TC3AGCGCA2G-7GCGA3TCGC2GC1TA9AGCA13TC2GCCG1TC2CG5CT3
vOTU_011	NODE_225220_length_234_cov_1.072626	69.458	203	26064	234	15774	15966	39	234	5.28e-11	76.1	141	7GC2GC3CT1GC2TC5GC8GC3GT1CG2CT5TC6CTATTCGA4CG2AC3TAGAGT3CACT3CG2GCGTGC15CGGTGT2-A2GAGTCG1T-9C-C-T-G-T-T-CT5-C-T5CGGC3-C-T-A-T-G-A4-A8GCCACG1CGCGCA1GC11GC2GA2GC8
vOTU_011	NODE_51606_length_355_cov_0.833333	78.652	89	26064	355	22603	22691	153	241	5.28e-11	76.1	70	5TC2AC1GCTC14GC14GC5CT5GCCGTA3AG3TA3GCAGCG7CG2CT2GC2GC2
vOTU_011	NODE_50192_length_358_cov_1.396040	79.762	84	26064	358	20986	21069	80	163	5.28e-11	76.1	67	2GC5CGGT4GC2CT8CG2GA2GCGA2TC1CG6GA1GC5CT20GC2GC2GT3
vOTU_011	NODE_19467_length_507_cov_1.088496	77.660	94	26064	507	20988	21081	105	12	5.28e-11	76.1	73	6CGGC4GC2CT5CG2CG2GA2GC3TC4GC3GA1GC2TC23GC2GC2GC1AG1AG2GATC3AG3
vOTU_011	NODE_205224_length_239_cov_1.385870	69.880	166	26064	239	2535	2700	207	42	5.28e-11	75.2	116	4TC5CT1GA2TG2TG5CT3GC2CGGC7CA11GT4CT3GAGC1CG1GT12GC2AG2AG2GCCATC2TAGA2GAGTGC5TC3GAGATC1CTGTGA8CA1GT1TA2CT3TCGCCT4CGAGGCGC3GACA3CG4TGGA5
vOTU_012	NODE_222208_length_235_cov_1.066667	81.910	199	25184	235	9544	9742	221	23	6.20e-48	197	163	9AC11GA2AGGC3CG12CA5GCCA1GC17GC5CA12CG19GC10CTAGGC4GC3AG1TG3CG1GC1TACT2CG2GC5GCGA5CT7GC8AG2CTCT1AC6CTTC4GA2
vOTU_014	NODE_175738_length_248_cov_0.994819	70.283	212	22758	248	21592	21802	207	3	8.90e-14	84.2	149	3GA1CT3CG2GC2CACT4GA2GC1TG18CT2CG5CGTC2TAATCG5TC4CT1ATGACG1CT1TGTG3CG8CG7TC1TC1GCAG3CTGC3CGAC2T-2C-G-1CT1TCTC5TA1AG5TCTG1GTCG10CT1CT3T-4-TCT7T-G-T-TC3GA8TCGTCTCG5CGAG4CG3
vOTU_014	NODE_3170_length_1026_cov_3.179197	78.571	98	22758	1026	21593	21690	884	981	3.11e-13	83.3	77	4CTTC2CG4ATCGCT1GA5GC23CG2GC5GCTA14ATGACA1CTCT1TG3CA2CT8GA2
vOTU_014	NODE_51199_length_355_cov_5.136667	69.898	196	22758	355	21592	21785	36	226	1.08e-12	81.5	137	3GA1CT3CG4ATCACT4GA4TGGC2TA17CG2GC5GCTA1CG8GA2AGATGACT1CT2TG2ACCG11GA2CT1TCCATC2AG3-TCTGT3-C4TC3G-T-C-G-T-TC3GA1TA7TCTGGAGTCG3CT5GTCTGT5TGGCCTGTCT6GC2TG15
vOTU_014	NODE_156992_length_254_cov_0.964824	71.528	144	22758	254	21634	21777	63	206	4.61e-11	76.1	103	3CT2CG3GA4GCTA2CT4TC4CT1ATGA9CG5CT2CT2GA2CT4CGGCAG4GCCT3ACGC1TA2CGGC18TCTGGAGTCG3CT5GCCTGT3CGTCTG10GC1GCTGTA6
vOTU_015	NODE_61602_length_332_cov_1.184116	73.438	128	19802	332	10644	10771	130	3	3.30e-12	78.8	94	6CG2AC8GCCA1GC2TCTGCGGC2TCGA1GC1GCTC2AG19GATC2GC10GC7AGAC7AG2ATGC1AG5GAGCAC3GA1TC2GC5ACGCGT5
vOTU_016	NODE_169008_length_250_cov_0.984615	88.889	63	19268	250	11907	11969	63	1	2.64e-13	83.3	56	5CG24TATC6GC5GC9GA1TA6
vOTU_019	NODE_114232_length_270_cov_1.334884	69.014	213	17688	270	11780	11992	213	1	5.70e-15	87.8	147	4CTAG6TGTC3CGAGCT3CG5TCGACT3AG2GC1TC3GC2GCTGTAGCTCTG6CGTGGC2ACAG8CG5ATCTGC3GC1TGGCTGCA1GATG3GCAGCA3GC18AC4AGCTCT2TA2CG4GC1AG2TA4CT3GA2GTCG1GT2GCCG1AG2CT3GATG4TG1CG5TC7CG7CG8
vOTU_021	NODE_43210_length_378_cov_1.024768	78.090	178	16581	378	1700	1877	200	377	2.27e-32	146	139	4GC7TC3GC1TC2CG4TC1GCTAAG4GCCG3TGTGGCTC5GC1TG4TG1GC6CGGTGCATTG1AT1CG2CG11GT2GT2CG8GC8CA2TGCT4CG29TC5CG11GC5CG2
vOTU_021	NODE_69446_length_317_cov_0.980916	70.164	305	16581	317	2675	2976	1	302	6.09e-27	128	214	4CG5AGCGGTCG2CG5GCGT3CGGC1GACG17CG8CGCT2TGCA1GA2GTTCGCCA1-C-T3CGTCGA3-C2GCCG3TAC-2CTGT1G-A-2ACGT10AG1GC3CG7ACGA6GATG22TG7GC2CG2CG14GA5TC1CTCGCA1CGTC1GCCGTACG2CG4CGGA6TC2AT1CG5CG1ATTGGTCA3CG1GC8TC3CACA1CG1ATCG3CGTACG1TG1CTGC9AG2CGACCA3CG5GA3
vOTU_021	NODE_290726_length_217_cov_2.370370	73.077	208	16581	217	3139	3343	2	206	3.84e-23	115	152	5CT8CT2CG5CA1CTTG2AC2GC2CA2CA1CTGC2A-2GC1TC2-T-T-G3C-G-3TG4AC1GTGC1TG2AGCT2CGTCTG4TA1GC14CG20GA2GC5CG1GCGAAT1CG9GTTG3CT7GT1TGCAGCCT1AG2GA2CG2GTCGGT20GCCG4
vOTU_021	NODE_114216_length_270_cov_1.339535	75.194	129	16581	270	3209	3337	154	26	1.53e-15	89.7	97	12TGGCTAAG3CG4CT15CG2GT11GC5CG2GA7GC1GC1CGGCTCGACT1CTGT1CA2CG1GT1TG2CTCG3GC5GCCTGC6AG8CG4
vOTU_021	NODE_173167_length_249_cov_0.969072	82.667	75	16581	249	3207	3281	52	126	9.65e-12	77.9	62	2TG2AT3CTTC7GC2CG2GC17CG5GC1GC12CG5CG2CA2
vOTU_026	NODE_115285_length_270_cov_0.893023	78.889	270	15200	270	5327	5596	1	270	6.35e-58	231	213	5GATC32GA4CT7GA7CTTC5CTCG1AC15GA3CTCT20GA3GA3CGTAGT11CG2GA2AGTA8GCCG7CT2TA1GC8GC2CG11CAGCCAAG1CG1AG4GC5CG2AC2CG1CTAC5CGGA4AT1AGGC3CT1CAGCACACTATC1GCCG9CG1GA13
vOTU_026	NODE_125923_length_265_cov_1.690476	79.012	243	15200	265	12182	12423	1	239	1.08e-48	200	192	6TG3CA5AG7G-3-T3GT7T-C-G-7TC2CGTG10GCGT4TC2CG3CG3AT3GC5GA2AG11GA4TC2GACA2GC2AT5TC5GC15CG2GCCGAG5TCGA1CG2CG2TC8CG1GT5TC3GC1TC7CG4GC5TG5GC2AG1AC4TC10AG3
vOTU_026	NODE_132341_length_263_cov_0.923077	73.063	271	15200	263	3825	4095	263	5	2.70e-37	162	198	7CTGA2GC8AG5ATAGTCGT6GATG5CGCG5TG2GAGT3TC4TATG6CAGCATCG7TGTG2CG5GA7GATGGCCG6GCCTTC3GCACCA2AGAG2GACT1AG6TC1AC20GA26GCGA1GCACTACT2GC2GC6CT1T-T-C-G-A-G-1AGAC7C-C-A-A-A-T-4GC5TC4TC6CG4CA2TC12
vOTU_026	NODE_68856_length_318_cov_1.079848	75.556	225	15200	318	3131	3354	258	44	4.01e-35	155	170	16GC6ATAG1GA3GC14AGGC5AC3GA6TC1-A2AG2G-11A-A-T-G-G-C-G-C-G-3GCGA1CGGC2CT9CG5AG17CG2CG6TA19CTAGCGCGGA5GCTCAG2CG2GC1CAGCGACG3CGGC1CTGT1CG2GC1TG3AG13TC2
vOTU_026	NODE_184590_length_245_cov_1.010526	84.071	113	15200	245	14971	15083	245	133	6.79e-26	123	95	4TG1TG1GA8TC5AC5CA17GA29CGGTGC3GC1CGGC4GC1TA4CT5CA4TC3
vOTU_026	NODE_16492_length_540_cov_2.552577	71.146	253	15200	540	9536	9783	458	209	5.22e-21	108	180	7-T-A5CA16AG8GCATAG3GTAT5AC9GA4TC1GA1CGGCCTAG2GC1AGAC6ATAT8TC3AG2AC2AG2G-3A-2AGTGCA4T-1TA3GC1CA2-C-GTA3-A4CGAGGTAG6GTCT1TGTC6GA5CG2GC1TC6AG3TCTC2CTGT2AG5GC5GC1CGCT2CGGCCA3GC1TC6AGTA4GC4AG1GATC2CG4
vOTU_026	NODE_194046_length_242_cov_2.556150	69.583	240	15200	242	14467	14700	234	1	9.44e-18	97.8	167	3GT1AG1GC2GT6CGGT1AC1TG6CT15CT7GT-T-G-C3CA2T-C-G-2TC2CGGT2AT4GA2CG5TC2GAATAG1AG1GA2CG1TC1TCGT2A-G-C-3CGAC3CA1TCTGGT1GT1CG1AC2CACA2-G-G-G11TC1CTGT5GT3CG2AC4GC9TG5CG4CG3TGTC4GCGCCGGC7TG3CG1TG1CGCT2GT13
vOTU_026	NODE_40400_length_387_cov_1.280120	77.236	123	15200	387	11986	12108	77	199	9.44e-18	96.9	95	4GC7GTAGTC7AGTCGA1GC2AG2GC5CGTCTGGA5GC2AGTA1GC2CAGTCT3GC8GC26AG2GCGATGGC18
vOTU_026	NODE_182384_length_246_cov_1.005236	74.051	158	15200	246	10720	10876	88	244	1.15e-16	94.2	117	3AG11CG11GC8GCAGCT2CT11TC2CGGC8CA2AC1CGCG3T-1GA1GT3GCCACT2-G2ACCA1CGTC4ATTG3GA5CGATGAGC2CG6CTTC2CAAGTG6TC3GA2GA12
vOTU_026	NODE_1065_length_1517_cov_21.422025	69.231	234	15200	1517	13521	13749	92	323	1.71e-14	86.9	162	2CG4GA3GC6GATC9CA1TC3GA4CG1AT3CG4AG1CG2GCCGGC2AGCG15TAAG12CG1CGGT4G-T-4-TCTCGAG1TG4-A3TG2GACG2AG2CG4TG2TCGCCG1CG5CA2TC2CG5GA1TGCG1TCCG2CGGC2CT4CG1AGTC3TCTC4TC1-G-G-T2CTCGACCG4AGTA3AC2GT2GC6CT1GA7
vOTU_027	NODE_92331_length_283_cov_1.684211	75.000	260	14847	283	1293	1552	277	18	1.20e-41	177	195	6ATAC6GCGA1CG1TCGC18TG7CG1AC2CG13GA1GC1TC3GCGA7AC1CACG3AC1CG5CG3AG1CGGCAG2CT2TC3CT11GA3GA12AC4GA5GATC11CA3GC3AC1GCAG2CTCAGTGA1CG1AC3CG3CA1GT2GCATGCTG3GA1CG8GC9GA1GC5GC2TC4CAGT3GTGTCG5
vOTU_027	NODE_43283_length_377_cov_3.450311	73.498	283	14847	377	7818	8098	1	281	3.22e-36	159	208	12CA11CG8GC5TG8CG7-A4GC1CG1GC2AC1C-3TG1CAGC10GT5GT2CGGC3AGGC3ACGC3GCCGGC3CG7GT3CG2CT5CTGTACGC2GTCGCA1CGCTGT1C-CT3GCCTGT1-G1GAGC1CG8CG5CG2CT10ACCG1CGGA2GCCA1GC9CGTCCG2CT3TGGT5GC3GC4GT6CG5CG11CGTGGCCG5CG2GA4
vOTU_027	NODE_26640_length_449_cov_2.208122	70.755	318	14847	449	9953	10270	359	45	1.67e-33	149	225	12GC2TC2AG2CG5CA2GAGATC3GC1CGGC8CT5CTG-C-2A-9CG1TGCGGATC2AT4CG8CA1CTGTCG1GA1AC6GT1CGCA1GTCG1CG2CTGTCAGCGA1GA2CG10TCCG6CA1CGGTGCCACG6TC5TC3CA1GA1TGCGGC5CG10AC4GC7CT2GC9CAGA9CTGCGA5AG1GACTCT2CT8CA2GA3GTTCGC4GCAGCG1CG2GT3CTCAGT6CAGA3CGACCG15GC1TA2AG3
vOTU_027	NODE_269895_length_222_cov_2.401198	75.587	213	14847	222	1239	1449	213	3	2.03e-32	145	161	8CG1CGCT5GC2CG5GTAC1CG5-C-G4TG1GCCGCA2T-C-2GT1CA6CAATACCG17CT12TG7CGCGAC2CG6CG2CA3GTGCGC1TC3GCGA8GCCACG3AC1CG2CG1AG4AG1CG2CGACCACG9GC7GA16AC11
vOTU_027	NODE_30041_length_430_cov_1.808000	70.695	331	14847	430	9537	9860	346	17	2.03e-32	145	234	8CTCT5GACA3CG2CGAGTCCT1CGGT11GC2CTAG2CT1GTGC2AC1CT12GATACA1GC15AC2CG3CT1GC3GA1CT13CACT9GCCA3GT2GC2GC2CG2CACAGACG2-GCGAT3TC2GC1C-2GCCA3CG1GTGCAG4CT8TC8CGGA1GA5CAGT1CG2-T-G-TCG3CGCACT4AC2-C2-A-C3CG1GA5CT9CG4CG5CGGT2CT1GCGACA9GC3TGCGGC6GTCAGT1GAGCTGGC6GCGT13TC3
vOTU_027	NODE_208040_length_239_cov_0.913043	71.032	252	14847	239	8383	8628	3	239	1.20e-22	113	179	4GC2CG5CT2TG2TG5CG16TCCG2GCCA1GC2GC2CGGC2AC10CG5CGTC2C-T-G-3CG5TG1CGTA3GCG-A-3CTCAGC1CGGA3-C2CA2TC2-A-G-G-C9GA-T1CA3T-C-G-C-A-3G-A-C-G-C-1GC12GA1GC5CTATGC3CT1CT6CTAC4CG5CG11CG1CGGC7TACT2GC5CGAG12
vOTU_027	NODE_205303_length_239_cov_1.260870	69.048	252	14847	239	1404	1654	233	1	5.10e-21	108	174	9GC7GA3GA1CG2CT7AC10GATG11CA3GT2CTAC1GCAT2CTCAGCGA1CG1AC3CG1CA1CA1GC2GCATGCTG3GACG9GTAG4CA1TACTGA1GC2CG2GC2TC1TC8GC6CG2CGGT1CG3G-C-C-T-C-G-A-C-G-G-G-C-G-T-G-G-G-G-1CTGT5TC1CT12CGAG4CT3CG5CGGC9CG6-G4C-6CG5
vOTU_027	NODE_24407_length_464_cov_2.264059	69.466	262	14847	464	12186	12444	168	426	6.22e-20	104	182	2TG5CT4CA3CA2CG3TG10CT14GA2CG5CTGACTGT5TCGA4CG3GCGA3GCGA4CGGC3CACT2CT2-C-C-T3G-A-2A-8CGCGGTAG5GA7CTGC1CA2GA1AGCGCA4CGGA4CATACGGC5GC3TG3TGCG2GC2GA4GC1GAGC1GC1GTAG4CG2CA1TGCGGC1CG2GC1GA13TATG1CGGTGT3CAGA10CA2TAGC3CT4
vOTU_027	NODE_76617_length_304_cov_1.534137	68.821	263	14847	304	332	593	304	43	2.64e-18	98.7	181	6CA1GC4CTCG5CGAGGCCG5GC5CTGC12TA2TCCG1GATA2CAGCCG3CG1ATTG1TC1TGCA3GC3CAGAGA14CG2CG3CA4GCCGACGC2GC2CGAC21ATCT3GA1CG2CG1CACG1CG4A-2GCAGGA5-CGC1CG3GC1TCCA2CG2GC2CGAGCACGCAGA3GC2CT2CG5GA5CGCG1CG5CG2CT5CG5TGCG1GA2CA4TGGC1TA5
vOTU_027	NODE_27928_length_442_cov_1.229974	65.789	380	14847	442	4230	4606	32	405	3.22e-17	95.1	250	11TG2GCCA5CA3AC3CT3AG1CG2T-G-C-4GATCGCGA4CG1TC3CG5GCGT1CG4AG1AC2AGGCCG2CT9GA1GC2CG3GA4CG3GT2CG1GA2CG1CTGC1GAGT19CACA2GC4CGGC2GCCAGAGA2GC2AGGTGC1GA1GCAG1CA2CAGCCGCG3AC1CG3TAGACG3GC2GACGGCGA4CT6GA4GC4TCGCCT1GC2CT4AG1-A-C-G2CG1TACGCA1C-G-C-2GAGT3GA1GCAG4CT2CGAG8GATC1GA1GCCG1GA2AG2CG5CG3TA8CG1GT1AT1CGGCGC5CG2TCGACAGT11GC1TACT2CG2CGAG1CG6ATGC3GC2AC5
vOTU_027	NODE_140397_length_260_cov_0.936585	69.907	216	14847	260	10027	10238	1	212	2.03e-13	82.4	151	3AT5CACG5TC3GTCG1GTGCAC8CGCA1-C4-A-T6GCAG2GCCG1TGGA4-T3T-4TATAG-C-C-2GC3GA4TC9CGCG1ACTG11TC1GC4ATCG3GA8CGCG3GCGT1CG3CAGA3CGGC1CG3GC4GC1AG1GA10TCCG4GA2GCGTTCGC5ACCG2CT1GC5GC6
vOTU_027	NODE_136449_length_261_cov_1.504854	68.075	213	14847	261	1348	1560	3	214	3.02e-11	75.2	145	4CG2CA3GTGCGC1TC3GCGA7AGGCCACG3AC4CA1AG4AG1CG2CGACCACG9GC6AGGA3GA1CG2CT5CTATAC10GATG11CA3GC3AC1GCAT2CTCAGCGA1CG1AC3CG1CA1CA1GC2GCAGGCTG3GACG9GTAG5TATC1GA1GC2CG2GC2TA1TCGC6G-4CT4CG2CT2
vOTU_028	NODE_256876_length_226_cov_1.122807	75.909	220	14391	226	11129	11340	226	9	3.12e-36	159	167	2TG4CG2CA2TC2CG2GC24CT2GC6AGCG2TG1AT3CGAG4AGCGCTGT5GA5CT8CG5TG2CA1TC1-C-G-C-G-G-A-C-A2GCGC3GC2T-T-8GCACAG5AC9TC11GC2CG2AG6AGTCTC12CG2AG2TC4GT5CG9
vOTU_028	NODE_202330_length_240_cov_1.037838	76.842	190	14391	240	3592	3780	239	51	2.92e-30	138	146	5AG2CG2CT7GC8TC3GTG-3GA1TG1-C2CT2CTGC1CA10CG4CG17GC1CG1GCCAGA2GC5GCAGAT6AG2GT1TGCGAC3AG5CT7GC6CGTG2CA1AG8GC6GCGA1GA11GA2GCCA8
vOTU_028	NODE_92331_length_283_cov_1.684211	78.333	180	14391	283	4697	4873	268	92	5.28e-27	128	141	5GCGA2GA4CG10ATTG11CG1AC2AG6GC6-A2CG1TC1A-4TCCA1GC5AG8GC1CACG5C-1AC1GC1-T3CG2CT2GC1CACG5G-1CG1GC2-C10AC3GC5GC11CG11GC6
vOTU_028	NODE_269895_length_222_cov_2.401198	71.770	209	14391	222	4634	4842	213	5	4.06e-22	112	150	10CGCT5GC8GT3GC6AGTACA2GC4CG2GT1CA1CGTA3GAGTAC9GCGACTCG2CG2CT7ATTG11CGCGAC2AG9CA3GT2CGTCGCAG4TCCA1GC2CAGC1AG10CG6CG3GC1CG1CTCG5GCGCCACG5GAAGCGGC1AC11AC3GCAG4
vOTU_028	NODE_280728_length_220_cov_1.145455	69.737	228	14391	220	6143	6365	219	3	4.63e-15	88.7	159	6TCT-3AG1GC2TG4-G12GCCG2GT8CG1GAGC5GAAGAG3CG3-C-A-G-A1CA4GT2C-2AGTCCG4GT1CATA6G-G-A-1GC2AG2GC2ATAC7CA1GCG-G-G-C-A-A-1CA2CA4AG1CT1GAGC8GA7AGTGCG2GCATCG1TG2TC1CT5CGTC1AC1CG2AG2CGAT29TG4
vOTU_028	NODE_205303_length_239_cov_1.260870	69.668	211	14391	239	4823	5031	209	1	4.63e-15	87.8	147	2CT7AC3GCAG4GC1CG9CG5CT2CT2GCGT4TCGAACCG1TCCG2CG1CAGCGA5G-A-2AGGT1AG1-G-C6GA1GTAG4CA2CTGA1GC2CGTA1GC2TC15GC1CGTG2AT1CG4CTGTGT1GC2TCCGGT13AG8CGCTCG5CGCGAGGC2TC4CA6GCCGGT12
vOTU_028	NODE_225220_length_234_cov_1.072626	70.042	237	14391	234	12046	12275	2	234	1.62e-14	86.9	166	15GTCT1TG1TG4GA5AGGC2TC2-CAGTG3GC3G-4CTGC11TC5GC3GT5CG1GCGACA8AT1GA3GCCG6TAGAGT3GACT4AC1GCGTGC11-A4-T-T4GCGACT1GC2TAGC1ACCG2CT2TGCGTG4ACACGT1G-G-C-2GACT1GT2-G-A5-C7GCCA1GACG1CA1GCGA13GA2GC8
vOTU_028	NODE_125923_length_265_cov_1.690476	70.556	180	14391	265	1816	1993	175	1	5.64e-14	84.2	127	5CT2CGTG1GC1GC2CTCG6ACTGGC8GCAGGA18GA6CT4TC2CT1GAGTGC2CG1GC5GTGTAC1CAGC7GC4GC9ACCG1CT2ACAGAC6CA3CA2CG1A-G-C-C-A-2CT1GCGATG5-G-G6GC5GT2CG3TC3
vOTU_028	NODE_40400_length_387_cov_1.280120	79.570	93	14391	387	2067	2159	199	107	1.97e-13	83.3	74	9AC8CGTC20CAAT6GC3AC1CG5AG2TCGACAGT2CG1AT3CG2CT5TC5CG2
vOTU_028	NODE_75175_length_306_cov_3.601594	73.248	157	14391	306	153	306	81	234	1.97e-13	82.4	115	11AC7CGCG2GAGACT3TC20TC5GC8GA2TCCG1TC1ACCG2CT3GTCG6GA2C-TG3-ACACA5GTAC1GT3-G-A3GA1GCGC3T-G-1CA4TC1GT1GA1AT1GT2GA3AC9
vOTU_028	NODE_35239_length_406_cov_1.145299	67.474	289	14391	406	11422	11702	111	391	6.87e-13	81.5	195	9AG1GA5-T-G2GA2T-G-5CG1GC10GTAC4CT2AC1AC2CGGA7TCCAGCGCGC2ACAG3GT5GC2-T-A-A-C-A1GCGAGT1GA6GCAC1G-6CG1G-C-A-G-11CG2AC2TG2GT1GACG2GC5CG3CT2TC1GCAG7GCCGATTG2-C3TC3C-4CT1ATTC5GC5TG8GC5AGCAGC3GTGCCT1GA1GT1CACG1CAGA7CTCAACAGGC2GCTCGT1GA7CT2CT5GC5CGTG1CG5
vOTU_032	NODE_205303_length_239_cov_1.260870	76.804	194	12646	239	9793	9986	19	212	4.95e-33	148	149	11AG2GC7ACAC23AG3CGTAGAGACG3GCCGTA6CG1GACG2AG11AG2GC8CT4GCGA2CG11GCCGTACG2CG1CT1GT4AC1ATAC2CGGTCA2TACG1AG3GA5GC9GC13CG2AG2CA5
vOTU_032	NODE_269895_length_222_cov_2.401198	72.603	219	12646	222	9960	10177	1	218	2.40e-24	118	159	2TC12CG2AG2CG2CG1TCAGGCTCCT6GTCGCG2AG3GA2GTCGAC1TCGC6TC1GC2AC1TG6CTCT3CTAG1CT3CG2CG1CAAG2GT5AC1AGCGGCCT3AC5TC11AG13TC3AGTA1GCCGTACT5CGGT1CA6T-3TG1GT3TG1GC1-G3CA4AC26
vOTU_032	NODE_136449_length_261_cov_1.504854	69.732	261	12646	261	9805	10064	261	2	4.34e-21	108	182	2GC7ACAC11GA11AG3CGTAGA1CGAG1TGGTCGTA6CG1GACA2AG5CG2GT2AG2GC5AGTGATCG4GCGA2CG11GCCGTCCG2CG1CT1GT4AC1ATAC2CGGTCA2TACG1AGAG8GC9GC12TACA2AG2CA5A-1TC2-C5GTCGCG2AG3GA2GTCGAC1TCGC6TC1GT2AG1TG7CT3CTAG1CT3CG2CG1CAAG2GT5AC2
vOTU_032	NODE_92331_length_283_cov_1.684211	69.565	230	12646	283	9872	10097	31	256	2.25e-18	98.7	160	2GA4AG8AGTA1CG4GT3CG5GCCG4GCCGTACG2CA1CT6AC1ATAC2CAGTCA2TCCG1AGAG8GC16CT6CG2AG2CG2CG2AGGCTCCT6GT1CG8-G-A-T-G3A-T-T-G-5GC5AC1TG5GCCGCT3CTAG1CT3CG2CGGCCTAG5CG2AC1AGCGGCCT2CGAC5TC11AG2AG5
vOTU_032	NODE_40400_length_387_cov_1.280120	76.812	138	12646	387	11648	11784	62	198	2.25e-18	98.7	106	6AT1CGAC3GACG2GC1TCCG1GT3AC2GC9GA7GC2TC3G-3GTGA-A2GC3TA1TC2GA5GC5TC1TG3CG8GC8AC5CG11AC2CG2TC5
vOTU_032	NODE_26640_length_449_cov_2.208122	72.289	166	12646	449	2344	2506	48	210	6.04e-13	80.6	120	11CAGTGC3C-G-3TCGCCG4-T-TCG2AG8CACA4GCCG6-A1AGCA1CT4C-GA3CGCG6AGTC1GC5GA5CG5AG8CG1CGGA2CG4AGTC2CG4AG14TCCTCTCGCT3AG4CG2AG4
vOTU_032	NODE_125923_length_265_cov_1.690476	70.109	184	12646	265	11859	12036	1	178	7.36e-12	77.9	129	6TG3TA12GC2GCCT3GT1AC4TCTC4-A-T-C3A-2TG3T-C-T-T-G-1GA12AG2CGTGCGGC4GAGCCG1TCTGGAGA3CT1CGAC3AG2-C-A-T6GACA5ATCGTATC2TC23CGTCTG7TAGC1CGTC3GC5AG5
vOTU_035	NODE_115252_length_270_cov_0.893023	78.148	270	11914	270	4085	4354	1	270	2.58e-55	222	211	2CT4ATAT2AG2TG2AG2AC2GA17GC2GA7GA3GC4TCCA2AGTC1GT3GA10CT8AG8AG8GC5GT2CG5GC4CGAGGT1AC5TC2AG5AT2GC2AC17CG5GC2AG11CG2TC2GT2CT1AGCT7CTAC2CT9GA1CG5TG2AG2AG1TCAC2CG2GA2GC5AG2CA2TC3
vOTU_035	NODE_130941_length_263_cov_1.846154	100.000	51	11914	263	1	51	51	1	9.01e-17	93.3	51	51
vOTU_038	NODE_14322_length_570_cov_2.281553	72.727	198	11069	570	9511	9707	281	85	3.80e-21	107	144	6AG1CG2GA2CG2GT8GA2GA5GCCA2TG1TC1CA7ACAGGC3AG10GA2GC4-C3CTC-9AGCT4AGTCCGAC1CG4AGGC6GCCG6AC4GACG3CAAC2CAGC12GC3GAGA2CG3AC1GC3CATC3CTCA1CGGC1AC8CG5CG2
vOTU_038	NODE_51072_length_356_cov_1.159468	70.330	182	11069	356	9512	9693	198	17	1.24e-14	86.0	128	13CG8AG4AG2AC1GA4CGTGCGTC1CA3CT3ACAGGC2CGAG13GC4GC1AG11AGCT4AGTC3CG3AGATGAAG1CG3GCCG3GCCA1AG4GACG2CTCAACCG1CAGA12GC1GC1GAGA2CGAC1CGAG1GC5CT4TG3AG3
vOTU_038	NODE_284284_length_219_cov_1.170732	78.788	99	11069	219	9502	9600	100	2	4.34e-14	85.1	78	5CTAG1TC14CG2GC8GA6GA1GCCA2TG1TC1CA7ACAG4AG4CT2CG2GA2GC5CTAT11
vOTU_038	NODE_224024_length_234_cov_1.072626	79.000	100	11069	234	9489	9586	99	2	5.28e-13	81.5	79	4CG4T-C-6TG1-T-G2TC5CGAGTC6CG19CGGCCA1CT2TG1CA12CTAG3AT9GC4
vOTU_039	NODE_103653_length_276_cov_0.868778	85.714	77	10738	276	8097	8173	221	145	9.89e-16	90.6	66	12CAAG12GC1AG3TA3CGGA7CTGC3AT11TC14
vOTU_039	NODE_19112_length_510_cov_2.723077	85.714	77	10738	510	8097	8173	138	213	1.21e-14	86.9	66	12CG6TC5CTGC5TAAGGA13CT1AG10G-9AG5
vOTU_041	NODE_40702_length_386_cov_1.341390	80.420	143	10621	386	7340	7482	188	330	9.16e-29	132	115	2TA4GC5GC2GC2GC20CA2GC2GA2GC2TC2GCCT2GT1GC5CT17CG17CT5TC2GC3GATCTC2CT2TCGA1AT5CG5GC3
vOTU_041	NODE_40702_length_386_cov_1.341390	75.833	120	10621	386	6630	6749	195	314	1.19e-14	86.9	91	9TC2GC8GC11TA1CG1AG1GA5TCATGC4ATGC6CT2GC2GT5GT2CG2CG2CT2GC2TC2CA2TCTG1GT2GC2GC8GC2GT5
vOTU_044	NODE_130941_length_263_cov_1.846154	99.620	263	9638	263	6504	6766	1	263	2.53e-130	471	262	232CT30
vOTU_044	NODE_115252_length_270_cov_0.893023	78.148	270	9638	270	2201	2470	270	1	2.08e-55	222	211	3AG2GT2TC5CG2CT2GC2TGAG1TC2TC2AC5GC1CT9GA2TGGA7GATC1GA2CA2AG2GC11TC2CG5GC17TG2CG2TA5TC2AG5TG1CATCGC4CG5GC2CA5CG8TC8TC8GA10CT3CA1AGTC2GTAG4CG3CT7CT2CG17CT2TG2TC2AC2TC2TATA4GA2
vOTU_047	NODE_17484_length_528_cov_1.995772	68.769	333	9348	528	8719	9041	512	187	3.22e-21	107	229	11TG5AC2ACGCCACT1GC2CT3AG1GCTGAG1TG4-A-G2CG1GT1CGGC1AG2TCGTCG4CT5CT-G8CG3AGTGGA5CG2GA2TG2GC1CT5T-2GT2-A-T5ATTG1G-4CG2GC2CA1GC3TC2TC-A-A-G6AGAGGTAG2A-C-G-5GC10AC3TC1TCGC2AC2CG5CG7CGGC1AC6GA9AC1CG2GA2CGGT2AC1CG2CT1ACTG6AG1CA2ACGA1CT2GCCG3TCGC1TCG-A-4GTTA-T-G7GA5TCGAGC1CTTC6CG9AG13
vOTU_047	NODE_205262_length_239_cov_1.315217	73.973	146	9348	239	8555	8700	165	20	7.09e-17	93.3	108	11AC1GTAG2TG1GAGT1CG3ACAGGC9AG1GC8GA1AC3CG2CTAG1AG3CA1CG3AG1CG2GC2GA4TC6TG5CGGC8AC5AG1CG2CTTG1GCAG1CG11CG2CT6
vOTU_048	NODE_92331_length_283_cov_1.684211	72.574	237	9323	283	4220	4455	268	33	3.43e-27	128	172	5GCGA2GA4TG10ATTG5CG5CG1AC1TACGGC5GC6GACG1AGTCGCAG4TCCA7AG8GCTGCACG6GCA-1GC2-C5CT2GC1CA6GAAGCGGCTA1GC10AC4GA5GATCGC8CG2AG8GC11CG5GCGA1CT3GT2GTCG2TCCG6CA1GCGA6ATTCGA4GCTA1GC5
vOTU_048	NODE_16492_length_540_cov_2.552577	66.829	410	9323	540	4480	4882	53	457	2.16e-23	115	274	3CG6AGAT6GC2TC1GTGC3TGACTCAG3CTCG3GC1CG8TGCG2A-A-C-G-5TGTA4-G-G-C-G10AC5TCCGTG2ACCACG5CT2AGTA1CG5TCTGTGGCGC1CA3ACAG4AC1AG3TA2CGCAGC1CG1TCCT2GTTG1CT3TCGC2AC2GC2AGGTCG10ATTC5CGAGCTCG3ATTG3GAACCACG8CTGA4GAGA2AGAG3TC11GC5CTGA5CGAC1CAGACG5TCCATCGC6GCAG4GCCTGC2GC6GT1GC2-C3A-2TC5TCTA1GC1CA6CGTA1TC2GCCATA1TC1CG4CGGC1CT1AG1AG2GT5AC9CA1GC3TATG3CG4TC14-T-C3CG3GA6
vOTU_048	NODE_205303_length_239_cov_1.260870	69.874	239	9323	239	4316	4554	239	1	3.21e-21	107	167	3GC1TG1CT6GCGCCA6GAAGCGGCTA4CT7AC10GATGGC8CG2AG2CT2CT2GCGT4TC5CG4CAGCGA5GT2GTCG2TG7CA1GT5CA3GA5TA1GC4TCTG5TC1GCGC2TC3AG1CGAT1CG1CACT1CTCT6AGAT4CA1GC2TC1GT1AG5AG2CGCTCG5CGCGAGGC5TG1CA6GCCGGTCG11
vOTU_048	NODE_269895_length_222_cov_2.401198	71.362	213	9323	222	4156	4367	214	3	1.37e-19	103	152	11CGCT2AG2GC5TG2CT2CGGC6AGTACA2GC1AG2AG2GT1CAGCCGTA3GAGTAC9GCGACTCG2TG2CT7ATTG5CG5CGCGAC1TACGGC8CA3GT2AGTCGCAG4TCCA4CAGC1AG9TGCG10GC1TG1CT6GCGCCA6-A1AG2TC2G-9AC11
vOTU_048	NODE_125923_length_265_cov_1.690476	82.667	75	9323	265	2293	2367	177	103	5.44e-12	77.9	62	11TG1GC1GCGC1CTCG6ACAGGC29GA2AG2GTCT9
vOTU_052	NODE_14322_length_570_cov_2.281553	74.490	196	8539	570	3285	3479	284	90	1.34e-25	122	146	11CG2GA2TG2CT2AG5GA2GA3AG5TG11ACAGGC10GCAC2GA7GCCG1GAGT4AT1AG4GC4TC3TG2TCCA1GC5-G2CG1A-15ACGCAG4TG2GCGACACG11CG3ACCT4CATC3CTCA1CG2GC2CG2CG2CG3
vOTU_052	NODE_77_length_3341_cov_5.515216	67.516	314	8539	3341	7872	8184	3119	2840	5.68e-24	116	212	4GA2AG2CG1CG6ATTGGC3CGGTCG3GC4CG9AC4CG1CTGC7ATCGGT7TC5CA2CG1TGGC2CG4GTGC12GCAG7GC1GC5GT3CGGCGC9A-C-G-A-T-C-C-T-C-G-1GC3GC2G-C-G-A-A-GC5A-C-C-G-A-T-C-C-G-C-A-A-G-G-G-G-C-C-3CT11CG7GC3GC2CG1AT1GAGA5CGGC2GCGACACG2CA1TCGC2GCAGAG1GCCA1CA13CT16CGGC2CG6CG4GC4T-4-T6
vOTU_052	NODE_284284_length_219_cov_1.170732	85.882	85	8539	219	3280	3364	99	15	4.37e-19	100	73	4CT9GA7TG5AG5GA12TG11ACAG9CT1GCAG2GA8
vOTU_052	NODE_224024_length_234_cov_1.072626	79.464	112	8539	234	3254	3363	111	2	6.48e-17	94.2	89	7GA1GC5GC5TG2G-T-3TG1GT-G-A7CG1TC6TG2CG2AG12AGCG3CT2CG14CT4AT2GCAC10
vOTU_052	NODE_72849_length_310_cov_2.631373	78.505	107	8539	310	3285	3391	203	309	7.89e-16	90.6	84	11CG2GA2TG2CG8GA6AG2AC2TG7CT3ACAG9CT1GCAC2GA8CG1GAGC4AT1AG4GC4TC3TG2
vOTU_053	NODE_173184_length_249_cov_0.963918	77.344	128	8224	249	5292	5419	100	227	4.20e-19	101	99	4CG4GA1CGACGC2TCCG4CT2CT3GC11CG5GC1TA2TA3TC1GAGCCT6CG1GT5CGGA8CTAG5GC8AG14TC5GCGA4
vOTU_053	NODE_19112_length_510_cov_2.723077	88.710	62	8224	510	1	62	187	128	1.37e-12	78.8	55	24GA11CTTC7TC4CG2C-T-7
vOTU_054	NODE_139902_length_260_cov_0.936585	73.518	253	8212	260	2772	3024	259	7	2.17e-35	155	186	5CG5CACA1GA3TGCGAG2GA2GCTCGA1CG7CT1GA3GA1TG7TA4CA1GT1GTGCCA2GCGAGC3CG5CG5GT1CA4TAGT3CGTC4GAAT1GC2CGCT5GTCTCG4GCGC13GTCT3CT4TA2GA2TA2CG13AC9CT2AG5GC1TCGCCTCG2CT9GTGA5GT1CT1CG1GC16CG8CG4
vOTU_062	NODE_115252_length_270_cov_0.893023	80.741	270	7457	270	3536	3805	270	1	2.74e-65	253	218	3CG2CT2TC2GC2TG2CT5CG16CT3CT5GA11GA2GA2CA5GC11GC11GC11GC5AG2CA2CG2TC2AG2CT4CA1GC10GC2GA2GC2CG2TC5GC5TC5TC5GA10CT3TA1AG3GTAG4CG3CT7CT2CGAGCTCG2AG8GC5TG2TC5TC2GA8
vOTU_063	NODE_13_length_5255_cov_5.680577	71.336	307	7352	5255	1967	2267	4811	4508	1.49e-30	139	219	4AG1CG2CA5TG2GC7GC4GAAC11AC1ACAGGCCT4AG1GAGA8TC5TG1-T1TG1AC1TC1TG3-T-G6TG8ATGC7CT4-G2ACTC1-G-CAT1CA1GC7GCTC1GT1GA2AC1GCAG1CG5GC8CT2CG2GC2GC8GCCG2TCAGTCCT4TC2GC6CA8CGCTCG3CG1GC2GCCA2C-T-TG1AG2C-3AC3GAGCTC5CGAC1CG1GACG2GC5CGTG1TC8CG2AC7CT9GC6
vOTU_063	NODE_13_length_5255_cov_5.680577	82.500	80	7352	5255	2940	3019	3841	3762	1.01e-13	82.4	66	17CA5GC3AC8AC1CG5CT2TG2TCACCTGT2CT5CG3TG13
vOTU_066	NODE_26640_length_449_cov_2.208122	72.779	349	7142	449	5890	6232	384	45	3.89e-44	184	254	9-G3AC1GT1C-2CT8T-3AC1-A2AC5ACCG3GA4GA1GAGA2CG4CG3GC5CT2TC2GTGCCTAC1CGT-T-C-6CG3GATC2AT12CT2CTGTCGAG9GT2GA1GTCG5GTTA1GA1GA3CGGTCG5GC1TC4GT2GAGCCGGTGC1CGAC11TC3CA1GACATGCGGC14GC8CG26GC2CT7AG1GA1CT2CTGCTC3CT2GA5CG2GC3AG-C-G-G-G5A-T-C-C-1CG8GC1CAGC3GCCG3GC20
vOTU_066	NODE_27928_length_442_cov_1.229974	70.170	352	7142	442	636	984	77	425	8.03e-34	150	247	2GC5GC8GCAT1AG2GC3AC4CG2CT5AC5GC5TCGA1GC2CGGC2GT1CG2GAATGCCG1CT2GA3GC8AG5CG1GACA5CG5GCCA1GA6GT2CA1GCTG1GA2CAG-C-5-C-C10TCTCTA1GACGGCTA4CT3GCCT1GA1GC2GC3AGTC6CT2-C3GA3A-1CGGACA1GACG2TACT3GACTGC2GC2CT5TC6CATCGC3AGCACA12CA1GC3GACGGC2CG2AT1ATTC23CG1GC2TACT6AG7AG2GC2GC8CGGA1CG2CT1TC4CA1GC4
vOTU_066	NODE_225220_length_234_cov_1.072626	76.429	140	7142	234	5678	5817	1	140	2.99e-20	104	107	7ATGCCG2GA2TC5CGTC9CGGC6TGCGGC8CG4AT1AC1TC15GT2CG2CG1GCGACAGC4CACT3GA3GCCG8CT2TCCA8GT12CA2
vOTU_066	NODE_38484_length_393_cov_2.991124	65.686	408	7142	393	1046	1447	13	387	2.99e-20	104	268	11GC5GC2CA5CG2GA1ACTG2GC4CGGC1TCGC2GC2CTGC1CG1CT8TC1CG9GACTTG4CG2CG2CGGACAAG8CT2GCAG1CG1TGGC7CGGC2GA2TACT1TG5CG1GCCG6A-G-C-3A-A-C-1CT1GT4GC1TA2CAGA3AGTC6CG2GA1GT2GC2TG-C4GC2GC4-T-A-T-G-T7GATC3CA2TC2CGCA3GCCG3GA1TC7ATGT1G-C-G-A-C-A-A-3TC1C-1CACG3TG1G-1CG6CGGC1GC6G-A-C-G-A-G-G-A-C-G-G-T-G-C-G-G-C-G-9GA1CGGCCA2TC3GT1CGGCGT1CT21GT4CGTGCA2ACGC8GC15TC1CT2CT1CACT2CA4
vOTU_066	NODE_168969_length_250_cov_0.984615	74.074	162	7142	250	6068	6229	11	172	2.99e-20	104	120	6CA3GC4CG1GACG12TC2CT1GT5GA5CT2TC2CG2GC2CG3ACAGGC3GC1GC14CG2CTGCTACT17GAATGC4AG1CG4AGTG6ACCGGC2GCGTCG3GC6CGTCGCAG7
vOTU_066	NODE_208040_length_239_cov_0.913043	70.561	214	7142	239	4392	4590	26	239	1.27e-18	98.7	151	5GCCG1TC6ACCGGC5GC4CG3CG3GC1GC14CGTC8-G-T-G-G-C-G1CA2GC1CG1GT2CG2-C-C4-A-G-C-C1AG13GA-T-G-A4CT1ACGC1CACG1GC2ATGC2GC2GC5CTATGC4GTCT2GC4TC13TG8AG1CGGC6GTGACTAG2AC1GC11GC4
vOTU_066	NODE_30041_length_430_cov_1.808000	68.839	353	7142	430	5472	5812	367	24	4.44e-18	97.8	243	2AT3TA1GC21CT1GC2GCTATA3CG2CGA-A-3CG1-T-G13CT2CG2CTGC1CGAC11AC1GCCAGACA1GC6GC2GC6G-AT5-T4GCGAGTCT1TA3CGTGTCCG2CG1CACT1CA4AG2GCCA3CT8CG2GA3AG4G-C-4-G2AGAC3-G1AC3TC1-T-C-AGC3TC13G-3G-T-1TA1TA3CA1ACCG2GTCGCT2CTGC2-T-G4-GTG2GAGA3CA2CATCTG2ATCTACACTG5CTCG4CG6-T1AT3GAGA1G-4CA1TGTC13AT1CT2TCCGTC7GT10
vOTU_066	NODE_140397_length_260_cov_0.936585	68.950	219	7142	260	6014	6232	26	244	6.60e-16	89.7	151	10GA1GCCG1GC3GCTA2AC5GCCG2CA2GC3GCAGGC1TA1GAGA2GCAC1ACGA14CGCG2TG7GC3TC1GC2GC1CTCG3CA1CG5TCCGCGCG2GCGT1CG8CGGC6AG3GC1AG1GATC4GCTC4CG1GC8GC3AG2TGTG1AT4CGTCACTC5GC1CAGCGC3CGGA9CT1GCAG10
vOTU_066	NODE_243231_length_229_cov_1.103448	76.000	100	7142	229	4935	5034	204	105	5.07e-11	73.4	76	6CTTGCG2GA2GCGT4CT5TG2CGAC3GCCG8GCAG1ACCA1GCCG4CG5GA5TG2GCAG19GC7
vOTU_067	NODE_92331_length_283_cov_1.684211	78.075	187	7007	283	1595	1779	93	277	1.42e-30	139	146	4TCCG1TG6TC9GTCT1AGCTCG8AGCG10CG1AT1GCAC7GT10CG-A3TG1G-9CG1GC1TG3GCCTGC6AG1CT20-G2GT2T-TGGC2GC23CGAG1GC2CG6CGTACG5
vOTU_067	NODE_75175_length_306_cov_3.601594	72.400	250	7007	306	6028	6276	293	45	6.06e-29	133	181	2AG3TC2CA1GTCG5CG1CTCG11CG2CG4AT3CTGTCG3CG1CG1TC1GCTG13GT2CA1TA3CA2ACTA7AGCGATGT5GC1GC3TATCTG11GA8CA3GA11CT2GCTGAGGC7GACGGCCT3GC5CT4ACGC5CG1CTCT3GC10AG3CGCGGCAC2AT3GACG2AG2CT6-G2TA2A-TC1GC8
vOTU_067	NODE_205303_length_239_cov_1.260870	72.314	242	7007	239	1436	1674	1	239	2.11e-28	132	175	11GCTATC18GC8GC2GA5GC12GA6CAGACACGGAATGT1CGCA2GC1AG5CG4GC3TGGCAG7AC2CTGAGTTAGT5CACT8ACCT2-A-C-G7CG1C-C-G-4GC2GCTGCT5TACG1TGGA2GA2TC9GTCT1ACCTCG4TC3AGCG7GA4AT1GCAC7GTCG3AG3GA7
vOTU_067	NODE_269895_length_222_cov_2.401198	74.408	211	7007	222	1625	1833	5	213	3.14e-26	123	157	4TC3AGCG10CG1AC1GCAC7GTCG3AG3GA7GC5-G1TC4G-1TG3GCCT1GT5AG1CT7CGTA3GT2GC5-G1GT2TCTC1G-1GC17GA10TC6GCCGTACT5CGGT1CA10CTCTGC4GCCTCG3GA2GCAGTCGCTG7GAGC10
vOTU_067	NODE_182135_length_246_cov_1.005236	71.308	237	7007	246	5210	5446	3	239	1.09e-25	122	169	5GA2CA5GA2CA2CA2GA2GC2CG2GC2CG3TGTA3CA8CGGAGACA17GA5GC3GACG2CGGA5CG3GA1GA2CTCTGTGC2GCCTGTGT2TC11GA17CT1GT2CGCACT4GT8CG2CGCT1CA2GCCT1GTCTGT2CG6TG1CACA2CAGTACAG2GCGTTC3GC1TG3CG3TCCG6GC9
vOTU_067	NODE_158413_length_253_cov_2.909091	74.211	190	7007	253	5327	5514	2	189	4.66e-24	117	141	11GC2GC5CT5GC2CG4CA13GCTG3CA2CT6CAGT9T-G-1CTGC3AGATAC1GT1TCGT2-G-C8CTCGTCCG21CG2CT2GCGA1GC2GC1TG1CGGC6CT1CG7TCCGGCTC1GC5CG1CT3GCGTCT9
vOTU_067	NODE_67270_length_321_cov_1.003759	73.780	164	7007	321	6041	6204	279	116	1.03e-19	103	121	5CG1CT12CG2CG4ATCG3GTCGCG4CGCATC1GC1CG11AG3CG1TACT5ACTA8CGACGC2CG4GC2GATGTCTG3TC2CG2CA2TC7CA6CG11GCTGAG9CGGCCTCG8CG2
vOTU_067	NODE_75371_length_306_cov_1.697211	72.222	180	7007	306	4505	4684	254	75	3.58e-19	100	130	2CG3CT6GC12CGCAGACT6TC5TA4CGCT2TC9CGACTG1CGCG10CGGCCG1GT3CGGTAC13GTCTCG2GAATTG1TG1GCCGGC2TC6GA2GC5CG2CGGCGTGC1TC2CA3GC11GC1TC5GTGC1TC8
vOTU_067	NODE_16492_length_540_cov_2.552577	67.507	357	7007	540	1153	1505	410	58	4.36e-18	97.8	241	3CG11CA4TC1GA1CGGC4GC1AGACATGT5ATGC6GT1CG1ATAG2GC4-C4C-2CG1CA9CGTA1GC2GATCCG7AGGT4ACACGCCTGT1TGGC3GA1CTGA8GC1TC2CA1TATG1GCAT3CG1CTCT5GA8GC1CGCT3GCCA3GC4TC3AG7TG4GATC2CG1TGTG1GTCG4-A3CG1GA3G-G-2GT1AC1-T3GC2AG3TCTG3GT1CG1GCGC8GT3GA6-T4T-1TGGC3GCCGGTCG9AG1GCAC1GCTG1GCCG2TCTC1TGGC6GCCTCGGC1CG5CGGC3TGAC2CT8TG4GA6
vOTU_067	NODE_76617_length_304_cov_1.534137	71.315	251	7007	304	2540	2784	64	302	1.52e-17	96.0	179	2TA3TG6GC2GC2GC8CT5GC2GA4TC2CT1AT4CG5C-T-T-2CT5CTC-5CG3TG3GCCG3G-C-2GT1GATC3CG2GA2AG11CG7CG3CG5-G3G-5-C-G-C3GC1A-A-G-7CGCG1GTCTCT1C-3-ATC3CGAGTG1GACT3CG2GT2CT1CGGCAG2ATCA6CG3CTCG3TC3-C7G-GC5GC2CG9
vOTU_067	NODE_125923_length_265_cov_1.690476	72.626	179	7007	265	4016	4193	1	175	5.31e-17	94.2	130	6TG3CA8CACTGTC-5-T3GT1TC1TA4G-C-C-3GC1GT6CGTCTG2GA3GC11CG4ATGC1GAGCTG1GCCGCATAGC1CG8CA1GCGA7GACA2GC2GT7TG3GC1AC15TGTCTG6GCCAGC3CG11
vOTU_067	NODE_307873_length_213_cov_2.620253	73.099	171	7007	213	5617	5784	188	21	6.47e-16	89.7	125	3GC8CG5GA5GCCG1GC2GC5CG3CGGCCG1GACTGTGC9CTCT4CT1-T-T5CTG-G-2GA5GC2GC2-C3GC1A-9CGTG5GT2GT5CA1CT5CG14CTGC1CG4GT2ATTG1CA1CTCGGA8
vOTU_067	NODE_40400_length_387_cov_1.280120	76.577	111	7007	387	3847	3957	104	214	2.75e-14	84.2	85	5GC6GCCG3GA2GC1ACAGTA1GC2GAGTCT3GC2GC2GC1TGGC4TGGC14GC10AGAC18TA2TA2TG5TA2
vOTU_071	NODE_256036_length_226_cov_1.122807	100.000	226	6393	226	4660	4885	226	1	4.82e-112	408	226	226
vOTU_073	NODE_79187_length_300_cov_1.375510	95.000	80	6209	300	523	602	39	118	2.28e-27	127	76	10AC9CT41AG9TG7
vOTU_073	NODE_28541_length_438_cov_1.832898	91.250	80	6209	438	524	603	438	359	5.02e-23	113	73	9AC2CG6CT6GC34AG6CT2TG8
vOTU_073	NODE_13879_length_577_cov_1.908046	88.312	77	6209	577	524	600	51	126	1.35e-17	96.0	68	9AC7TC13AC25CG1G-GC3GA3CT2TG5
vOTU_073	NODE_328905_length_209_cov_1.129870	89.855	69	6209	209	526	594	70	2	4.70e-17	94.2	62	7AC1AG1AC11TG5AC5CG7GC25
vOTU_073	NODE_117922_length_269_cov_0.785047	85.714	77	6209	269	524	600	123	199	5.73e-16	90.6	66	13AT11TA5ACTCCT3CG7GC3GACT8GA1AG15
vOTU_073	NODE_80837_length_297_cov_3.123967	81.818	88	6209	297	513	600	50	136	2.44e-14	84.2	72	2AC4A-12ACGAAG7CT11ACTCCT15GACT8GA1AG6CT1CTTG5
vOTU_073	NODE_184415_length_245_cov_1.178947	82.895	76	6209	245	526	601	40	115	1.04e-12	79.7	63	7AC1AC1AC5CT5TG1CG3AC22CA4GA1AG2GA3CT2TG6
vOTU_073	NODE_711_length_1748_cov_6.027171	83.750	80	6209	1748	523	601	186	264	1.04e-12	79.7	67	10-T3CGA-5CT5TCGA5TC17CT8GA1AG6CT1CTTA6
vOTU_073	NODE_24355_length_465_cov_0.892683	76.636	107	6209	465	2664	2767	136	239	3.62e-12	77.9	82	2CA2TC5GT1TCCA5TC11CGGT8GC4AG2CG1TGTC3C-C-T-3AGCT3-T-T-C6CG1GT3CA20CG2
vOTU_073	NODE_64_length_3470_cov_5.619034	83.333	78	6209	3470	524	600	358	434	1.26e-11	76.1	65	9-T3CGA-5CT5TCGC5TC17CT8GA1AG6CT1CTTA5
vOTU_074	NODE_24355_length_465_cov_0.892683	80.952	84	6183	465	5363	5446	234	151	2.96e-13	80.6	68	6GC8GC2AT2ACCA1GC5CG1TACAGA7GC2CG6CG4CGCT19AG5
vOTU_075	NODE_124589_length_266_cov_0.909953	100.000	266	6100	266	1898	2163	266	1	8.87e-134	480	266	266
vOTU_076	NODE_197828_length_241_cov_1.924731	82.573	241	5969	241	5237	5477	1	241	3.25e-63	246	199	11TG14TC5CT5GC5GC2GA2CT5TGTC1GT2CG2GC18ACTA3CG8CAAG1CTGCACTG2CAATACGC8TG5GC1TA3CG2AG8AT11GC8GC5GCTG4GC2CG20TG14TC2TC5GC11GA4
vOTU_076	NODE_129194_length_264_cov_0.918660	85.354	198	5969	264	526	721	264	68	5.50e-54	216	169	6TG34TA10TGGT2CG2GTTGGC1TCGC1TG3TG1TATG14TC5CG9TGTC1GATC13TGGA8-A2GT28T-5-C1CG15TACT8
vOTU_076	NODE_75148_length_307_cov_0.714286	75.248	303	5969	307	225	509	2	301	9.94e-51	205	228	11GA2TC9CGGC3CT2TC1CGGC2TC10TC1TG1GA8-A-C-G4-G-C-A-T-C-G-T-C-C2GC3-T-G-C-G-T-C5TG8GA5TC5GC2TC4GATC8AG5GA4C-4GCCT2C-T-2AC15TC1GA5AC13GAAG2GC1TC2TGGCTGTACTCG1GC2TCAG4GC5CT4TGAC9TG20AC7AG2GC2GCTG3TG2TC8CA7
vOTU_076	NODE_223457_length_234_cov_1.832402	74.775	222	5969	234	1771	1990	234	15	2.85e-32	143	166	6CG3CA2ACAGGC2GA9TGGCCG9AG1CGTCCAGTTC4CAGCAG3TC2GC11GA2AG6CG4TC2GC6A-T-4TG1GA1AT-T-G6CT11TC2CT2CT8AG6AC1GT5CGTCGA6GC2GC3AC1GT2CG2GA3ATAT3CGACAGGC5GC5CT15
vOTU_076	NODE_324692_length_210_cov_1.032258	71.123	187	5969	210	1769	1955	189	3	1.30e-17	95.1	133	11CT3ACAGGC1CA10TGGCCG6CA2AGCG1TCCAGCTC1GA1TCCGGC4TCGA1GCGATGGC11AC2GA3CG1CG2TC2GA2CG2GAAGTC3GCTACAGC3TC10CT2CG2TC14AG6AC7CGTAGT4AT1GCGA1GC3AT4CA7
vOTU_076	NODE_250989_length_227_cov_1.116279	70.588	221	5969	227	2620	2837	218	1	4.52e-17	94.2	156	10AGCG2AT9AGAT5GA4GCGCAGAG2CT5GA5CT3CG1AG2TG2GTGTTACT5CG5GA2GTTCAGCG1GT3CG3AGGTCG5G-2AT2CA-T2TC3CA1GC2GCGATCTC1GC3CG2GC24GACT1TGCAGT10TGCG2GC1GA4AT1-T-A1GC1AG1C-G-11GT2TCCAGT5
vOTU_076	NODE_219996_length_235_cov_1.311111	71.429	189	5969	235	1794	1981	235	48	1.58e-16	91.5	135	4TC5GC3CGCTGC1CG4TC4-G2ACGT2T-3GTTC7AG4AG6CG1CG1GTTC1CGGC8GC1GC1TCCTGC2CT4TC3CT8TGCG12GCAG6AC2GACTGC2CGTCGAGA6GC1GC3AG2GCCG1AG5ATAT1TGCT9GTAC8CA2
vOTU_076	NODE_336746_length_207_cov_1.263158	70.659	167	5969	207	5097	5260	201	38	3.48e-12	77.9	118	4AC5GTCG1AC5TA2GC5TC2CG3TGCT3AG3CA7CT3TC1GT2GCGC2CG1CG3CAATCG5CGAC2AGAG1C-T-G-2CG5TGCATC1CG2TC2-A-A-C5CT1TC1GA1GC4CG17GACGCA1GC5TC5GC6
vOTU_081	NODE_67270_length_321_cov_1.003759	81.538	195	5722	321	725	917	115	307	4.62e-42	176	159	3GC5GC3GA1GC8GC5AG5GC2GC2GC11AG2CT15-G5G-1AC1AG1CT1GTGC17GC5CG2C-5GA3-T5TCGC2AC2GA1GC5GC21CTTC3AGAC5CG1GC5CT6
vOTU_081	NODE_205303_length_239_cov_1.260870	76.395	233	5722	239	4739	4971	233	1	5.63e-41	173	178	2CG6GC11TATCCG2CT5GCCAGC10GATGGC17CTGCCT1GT1GCGTCA1CA1CG2CG2CG1CA1GA1GC2GCATGCCG15CG4CA3GA7GC2GC1TCCG7GC7AG1CGGTAC3CT1CTGTGT4TC14AGAG4CT3CG24CGGC2CG7CT3
vOTU_081	NODE_182135_length_246_cov_1.005236	75.630	238	5722	246	1328	1565	239	2	6.86e-40	168	180	3GC24GC2CG2AG7GTGT4AG3AC1CG1CACAAGCA3CT2TC2GC2TG8GA3GC1CGCA1GA11CG2GC1TC15CA1GA4CAGACA2CTCG5GACG3CT3GCAT3CG2GA2CT3CA13CTCTCT2GA3CG2CT2CGAT7CG2TC2CG5CT2CT2CT2CG2CT2CT6
vOTU_081	NODE_269895_length_222_cov_2.401198	77.251	211	5722	222	4574	4784	213	3	8.36e-39	165	163	2GC5CG2CT14GT10CG1CA6ACCG2CT1CAGC2AG2GAGT1TG17CT5GC8CG6CGAC2CGGC5CG2CA3GT1GC1TCGC3GA1TCCA4TAGCCACG5CG4CG6CG3ACCACG2CG6GC11TGTC9GCCAGC11
vOTU_081	NODE_75175_length_306_cov_3.601594	74.775	222	5722	306	690	911	81	302	6.43e-34	149	166	5GC11CG1CG3CAGACT7TG1CG2GA8CGGA1GCCT19GC5GT12CT1CG2CG2GA5CTTC2CG2AGCA2ACGA4GTGC8GT2AG2CT2GACT4CG2CG2GCCG2GCCG3GC2TGGC1GAAC1CGGA1GC5GC11GC9CA1GT2AGAC4CGCA1GC6
vOTU_081	NODE_136449_length_261_cov_1.504854	73.128	227	5722	261	4715	4941	35	261	1.42e-29	135	166	8GA1CG6CG3ACCACG2CG6GC6AG4TATCCG2CT5GTCTGC10GATGGC14TC3GCCT1GT1GCGTCA1CA1CG2CG2CG1CA1GA1GC2GCAGGCCG15CG5TAACTCGA7GC2GA1TC8GCCT6AG1CGGTACGAAC4GTGT4TC11CT2AGAG4CT3CG10
vOTU_081	NODE_92331_length_283_cov_1.684211	70.954	241	5722	283	4649	4889	256	16	3.12e-25	120	171	11GC8CG7AC2CGGC12GACGGC1TCGC3GA1TCCA4TC1CACG5CG2GC1CACG5CGGCAGGC1CT2TCCG2CT15TATC9GCCAGC4GA5GATCGC14TC3GCCT3GCGTCACTCA1CG2CG2CG3GA1GT2GCATGCCG4GCCG8TCCA6ATTCGA4GC2GC2GC2CG1CAGT3GTGTCG7
vOTU_081	NODE_170009_length_250_cov_0.969231	73.684	190	5722	250	966	1153	42	229	4.63e-23	113	140	2CG2CG5GT2CG2GC2CT4GCCG1AGACTG3CG3CA5CG2GC11GA5GT2TC3AC1CG8GT2CTGCACGCAG1TC5CG3AT4-T-AGT1AT1CG1C-A-7CG7CT2AT2CAGAGC4CTCG6CA9CT6GA4CT7CGCG5
vOTU_081	NODE_40400_length_387_cov_1.280120	85.567	97	5722	387	2561	2656	199	104	6.87e-21	105	83	3CG2CG19CT13CA10CG5CG2CG5CT3CTATTC5CT2-T4G-10
vOTU_081	NODE_147689_length_257_cov_1.099010	68.595	242	5722	257	2034	2269	13	254	1.51e-16	91.5	166	2TC3CTAT3CG6TG1GC2GC2TC6CG1GC5CG2CGTACG5AGGC5CT1CT9CGTC1TC1CT12TC6CAGA4GA1GCGC4GC2GC2TC1GA5CA2CA3CG1ATTC2TG2CTCTAC2TCCG4CG4AT2AG1CG4-T-T-GAC3TGCG2GC3-T-A-T1CG1AGTCCG3CGGC12CGTC1ACCGGC2CG5TC2GCTGTA1GA4CT2TC5
vOTU_081	NODE_76617_length_304_cov_1.534137	68.750	224	5722	304	3576	3796	277	54	1.84e-15	87.8	154	9GCCA10GTTA2TCCG1GAGA2CA2GCTC3ATCG2GC1CACG3CGGCGCCAGACA9AG1TGGCCA3CG5CGGCAGGC1ACGC14GC2CG8GC2CT2GCGATCCG2CGGA3CG4ACAGGC1-A-C-C5GA6TCCA2CG2GC2CGCGTACG1GA1CG7CG12AG1CG2CG2CG2CT3AC9GACA5
vOTU_081	NODE_78940_length_300_cov_2.236735	67.925	265	5722	300	813	1074	279	18	9.55e-13	78.8	180	11AG14CT2GCCGCA1GCCG6TGGC2AG2GA1GC2CG2GC20CG2GC1AGAGAC1GACT1CGCA2GACACA2CT3C-3T-GA3GCTG1AT1CA1GT1-A-TTG3GC3CAACTAGA1AC3CT2G-GC1CTCT2-G3GT4CG1CTCT2CT3GC1CGAG4CG4GCCG1AGAC2TCGCCACA5CT2CT2GT2GC5GA2GA2CG2GC2TC3AC1CG8GT3GAACGCAG1TC5CG10
vOTU_081	NODE_307873_length_213_cov_2.620253	73.469	147	5722	213	1003	1147	34	178	1.16e-11	76.1	108	4CGCA1CG2GC2GA11CG2GC2TC2GAAT1CG13ACGCAG1TC5CG10A-1CG2-G2CT2GA1C-4CAGA2CGCT1-C1TA8CGCGCAGACT4CG8CG2CG2CG5CT5GC2
vOTU_086	NODE_54436_length_348_cov_1.126280	71.429	161	5415	348	2634	2794	188	348	2.12e-14	84.2	115	3CG2CG3GCCA6AC1AT2AT1CTAT3TCAT3CG3AG1CACAGCCG5CG4CGAC1AG5GC13AGGA1CT2GA2AG5GA7TCGC10CG3CGGT1CG3CG3CT1CGTAGAAT2GACG4GACT3GC10CT2
vOTU_092	NODE_136449_length_261_cov_1.504854	74.194	155	5235	261	4572	4726	154	3	3.96e-17	94.2	115	9CGGT2GA1G-C-1CG3ATC-5TACG2CG1GA3GCATAT10ACCT3AG10GC3CA2GCAG2TCTCCTTC5CT3AC4TA1GCGTTG3GC8CT20CG2CGTG1CG5CT2GC4
vOTU_092	NODE_269895_length_222_cov_2.401198	68.868	212	5235	222	4625	4836	3	214	5.88e-15	86.0	146	4AG7ATAG1GC3CG3AGTC1TCTCCT6CT3AC4TA1GCGTTG3GC11GC8CT8CG2CGTG1CG5CT2GC5CGTCGT1TGGC2ATGC2GCAGAC3GC1AT6GA5GCCACT1AG1GCTGTG3ACTGCAGT3GTGCAGGTACCA1CG1TGGT6GTGCAC4GTCG8AC9GA2GC9
vOTU_093	NODE_202330_length_240_cov_1.037838	96.250	240	5204	240	4696	4935	240	1	3.01e-107	393	231	61TG27CA21CT32GA13CT3GCGA13GA14AG47
vOTU_093	NODE_125923_length_265_cov_1.690476	72.249	209	5204	265	2793	2995	264	62	2.65e-19	100	151	2CT5AG9-G-A3TA1TCG-G-8GC4AGCTTCGAGTTG8TGC-2CT1-T4AGGC9C-A-A-4TC2ATTC3-A-T-C13GC2CTCG6ACAGGC2CG5GC20GA5GTCT2AG6GAGTGC2AG1GCAG4CTGTAC1CAGC1CT5GCAC2GAAC9
vOTU_093	NODE_40400_length_387_cov_1.280120	78.261	115	5204	387	3133	3247	199	85	1.13e-17	96.0	90	18CG21CAAT6GC3AC1AG5CG2TCGACAGT2CG1AT3CG2CT3TC7CG2TCGCCG2CTCGTC1CG5AG6
vOTU_093	NODE_320228_length_211_cov_1.032051	87.671	73	5204	211	2105	2176	129	201	1.67e-15	88.7	64	10CT18TC9TC5TG3TC1-TATAG12GA6
vOTU_093	NODE_76617_length_304_cov_1.534137	72.794	136	5204	304	4113	4242	196	61	1.06e-11	76.1	99	2GC5GC5GC2TC2GC13ATCT7CT1CAGA2CG6TCCG1-C-C1GC1AC1GA2TG2GA1GATC1-G-C-G-C3AGGACGGACA6GT8GAGA1GC3CG14AC9
