cell-4125-0-44_S16__NODE_13_length_19476_cov_11.304928	95.467	12397	19476	0.0	Brevundimonas sp. SGAir0440 chromosome, complete genome
cell-4125-0-44_S16__NODE_13_length_19476_cov_11.304928	93.081	6085	19476	0.0	Brevundimonas sp. SGAir0440 chromosome, complete genome
cell-4125-0-44_S16__NODE_13_length_19476_cov_11.304928	97.479	476	19476	0.0	Brevundimonas sp. SGAir0440 chromosome, complete genome
cell-4125-0-44_S16__NODE_13_length_19476_cov_11.304928	95.595	227	19476	1.29e-93	Brevundimonas sp. SGAir0440 chromosome, complete genome
cell-4125-0-44_S16__NODE_13_length_19476_cov_11.304928	94.640	12389	19476	0.0	Brevundimonas diminuta strain KX-1 chromosome, complete genome
cell-4125-0-44_S16__NODE_13_length_19476_cov_11.304928	94.246	2885	19476	0.0	Brevundimonas diminuta strain KX-1 chromosome, complete genome
cell-4125-0-44_S16__NODE_13_length_19476_cov_11.304928	96.653	478	19476	0.0	Brevundimonas diminuta strain KX-1 chromosome, complete genome
cell-4125-0-44_S16__NODE_13_length_19476_cov_11.304928	94.306	9852	19476	0.0	Brevundimonas vesicularis strain PL22-8A chromosome, complete genome
cell-4125-0-44_S16__NODE_13_length_19476_cov_11.304928	94.410	2880	19476	0.0	Brevundimonas vesicularis strain PL22-8A chromosome, complete genome
cell-4125-0-44_S16__NODE_13_length_19476_cov_11.304928	96.173	1228	19476	0.0	Brevundimonas vesicularis strain PL22-8A chromosome, complete genome
cell-4125-0-44_S16__NODE_13_length_19476_cov_11.304928	95.455	484	19476	0.0	Brevundimonas vesicularis strain PL22-8A chromosome, complete genome
cell-4125-0-44_S16__NODE_13_length_19476_cov_11.304928	88.739	222	19476	8.02e-66	Brevundimonas vesicularis strain PL22-8A chromosome, complete genome
cell-4125-0-44_S16__NODE_13_length_19476_cov_11.304928	87.137	241	19476	1.04e-64	Brevundimonas vesicularis strain PL22-8A chromosome, complete genome
