sample	group	clean_reads	mapped_reads_filtered	mapped_pct_filtered	detected_vOTUs
MV-4122_S12	MV	38071806	376723	0.989507	73
MV-4125_S18	MV	25680390	439180	1.710177	55
MV-4128_S29	MV	40598794	1010252	2.488379	37
NC1_S64	negative_control	103764	0	0.0	0
4122-0-22_S11	cellular	1193866	6	0.000503	0
4122-0-44_S10	cellular	30115448	61	0.000203	0
4125-0-22_S17	cellular	4130804	31	0.00075	0
4125-0-44_S16	cellular	19880220	2492	0.012535	2
4128-0-22_S28	cellular	1001786	17	0.001697	0
4128-0-44_S27	cellular	3599252	24	0.000667	0
4128_S30	whole_water	6453914	10	0.000155	0
