sample	group	votu	length_bp	clean_reads	mapped_reads_filtered	RPM	RPKM	mean_depth	breadth_1x_pct	detected_75pct_1x
MV-4122_S12	MV	vOTU_001	43643	38071806	14146	371.561044	8.513646	34.4472	100.0	1
MV-4122_S12	MV	vOTU_002	43474	38071806	75327	1978.550742	45.511127	177.8432	100.0	1
MV-4122_S12	MV	vOTU_003	42130	38071806	15461	406.10104	9.639237	38.0304	99.99	1
MV-4122_S12	MV	vOTU_004	40752	38071806	9765	256.489014	6.2939	25.1299	97.57	1
MV-4122_S12	MV	vOTU_005	39533	38071806	892	23.429411	0.592655	2.3068	78.34	1
MV-4122_S12	MV	vOTU_006	39529	38071806	64508	1694.377199	42.864155	177.1022	100.0	1
MV-4122_S12	MV	vOTU_007	39259	38071806	316	8.300105	0.211419	0.7838	52.44	0
MV-4122_S12	MV	vOTU_008	36032	38071806	647	16.994203	0.471642	1.8515	70.23	0
MV-4122_S12	MV	vOTU_009	27200	38071806	6238	163.848282	6.023834	24.9562	99.96	1
MV-4122_S12	MV	vOTU_010	26567	38071806	8288	217.693902	8.194147	30.826	99.97	1
MV-4122_S12	MV	vOTU_011	26064	38071806	637	16.731541	0.641941	2.6731	76.11	1
MV-4122_S12	MV	vOTU_012	25184	38071806	8694	228.357961	9.067581	36.5056	99.99	1
MV-4122_S12	MV	vOTU_013	23580	38071806	811	21.301853	0.903386	3.4611	93.26	1
MV-4122_S12	MV	vOTU_014	22758	38071806	0	0.0	0.0	0.0	0.0	0
MV-4122_S12	MV	vOTU_015	19802	38071806	5634	147.983524	7.47316	29.6076	99.86	1
MV-4122_S12	MV	vOTU_016	19268	38071806	6263	164.504936	8.537728	34.4666	99.99	1
MV-4122_S12	MV	vOTU_017	18801	38071806	224	5.883619	0.312942	1.2451	63.47	0
MV-4122_S12	MV	vOTU_018	17956	38071806	27229	715.201165	39.830762	163.5381	100.0	1
MV-4122_S12	MV	vOTU_019	17688	38071806	6426	168.786319	9.54242	37.3708	98.78	1
MV-4122_S12	MV	vOTU_020	16631	38071806	1781	46.780024	2.812821	11.1388	99.99	1
MV-4122_S12	MV	vOTU_021	16581	38071806	1548	40.66001	2.452205	10.2785	99.93	1
MV-4122_S12	MV	vOTU_022	16437	38071806	5111	134.246324	8.167325	33.0092	99.99	1
MV-4122_S12	MV	vOTU_023	15987	38071806	1667	43.785682	2.73883	11.665	99.99	1
MV-4122_S12	MV	vOTU_024	15578	38071806	0	0.0	0.0	0.0	0.0	0
MV-4122_S12	MV	vOTU_025	15483	38071806	13123	344.690767	22.262531	82.4442	99.89	1
MV-4122_S12	MV	vOTU_026	15200	38071806	504	13.238143	0.87093	3.4315	89.63	1
MV-4122_S12	MV	vOTU_027	14847	38071806	0	0.0	0.0	0.0	0.0	0
MV-4122_S12	MV	vOTU_028	14391	38071806	2066	54.265879	3.770821	15.4737	99.94	1
MV-4122_S12	MV	vOTU_029	14134	38071806	1738	45.650579	3.229841	13.389	99.77	1
MV-4122_S12	MV	vOTU_030	14079	38071806	10190	267.652131	19.010734	69.4944	100.0	1
MV-4122_S12	MV	vOTU_031	13868	38071806	1250	32.832695	2.367515	9.4722	99.96	1
MV-4122_S12	MV	vOTU_032	12646	38071806	21553	566.114463	44.766287	169.9076	99.93	1
MV-4122_S12	MV	vOTU_033	12556	38071806	0	0.0	0.0	0.0	0.0	0
MV-4122_S12	MV	vOTU_034	12045	38071806	2	0.052532	0.004361	0.0187	1.87	0
MV-4122_S12	MV	vOTU_035	11914	38071806	2301	60.438425	5.072891	19.6652	46.72	0
MV-4122_S12	MV	vOTU_036	11464	38071806	2976	78.168081	6.818569	27.3437	99.61	1
MV-4122_S12	MV	vOTU_037	11202	38071806	329	8.641565	0.771431	2.985	85.86	1
MV-4122_S12	MV	vOTU_038	11069	38071806	0	0.0	0.0	0.0	0.0	0
MV-4122_S12	MV	vOTU_039	10738	38071806	141	3.703528	0.344899	1.3145	61.5	0
MV-4122_S12	MV	vOTU_040	10734	38071806	1058	27.789593	2.588932	9.8603	99.67	1
MV-4122_S12	MV	vOTU_041	10621	38071806	312	8.195041	0.771588	2.9223	81.66	1
MV-4122_S12	MV	vOTU_042	9843	38071806	794	20.855328	2.118798	8.0506	99.96	1
MV-4122_S12	MV	vOTU_043	9642	38071806	798	20.960393	2.173864	8.6202	99.95	1
MV-4122_S12	MV	vOTU_044	9638	38071806	2061	54.134548	5.616782	22.6398	34.85	0
MV-4122_S12	MV	vOTU_045	9606	38071806	898	23.587008	2.455445	9.3957	99.89	1
MV-4122_S12	MV	vOTU_046	9378	38071806	6	0.157597	0.016805	0.0684	6.84	0
MV-4122_S12	MV	vOTU_047	9348	38071806	310	8.142508	0.871043	3.5405	94.22	1
MV-4122_S12	MV	vOTU_048	9323	38071806	2684	70.498363	7.561768	30.4587	99.76	1
MV-4122_S12	MV	vOTU_049	9268	38071806	2919	76.67091	8.272649	31.5788	99.59	1
MV-4122_S12	MV	vOTU_050	9111	38071806	2917	76.618377	8.409437	32.7628	100.0	1
MV-4122_S12	MV	vOTU_051	8783	38071806	2508	65.87552	7.500344	30.1742	99.86	1
MV-4122_S12	MV	vOTU_052	8539	38071806	468	12.292561	1.439579	6.0059	99.94	1
MV-4122_S12	MV	vOTU_053	8224	38071806	722	18.964165	2.305954	9.2777	98.55	1
MV-4122_S12	MV	vOTU_054	8212	38071806	4	0.105065	0.012794	0.0546	5.46	0
MV-4122_S12	MV	vOTU_055	8169	38071806	3072	80.689632	9.877541	38.0201	99.8	1
MV-4122_S12	MV	vOTU_056	8069	38071806	870	22.851556	2.832018	11.7768	99.99	1
MV-4122_S12	MV	vOTU_057	8036	38071806	0	0.0	0.0	0.0	0.0	0
MV-4122_S12	MV	vOTU_058	7879	38071806	628	16.495146	2.093558	8.2114	99.39	1
MV-4122_S12	MV	vOTU_059	7727	38071806	1600	42.02585	5.438831	21.274	99.97	1
MV-4122_S12	MV	vOTU_060	7593	38071806	4055	106.509263	14.027297	50.5084	99.96	1
MV-4122_S12	MV	vOTU_061	7573	38071806	3271	85.916597	11.34512	44.3715	99.93	1
MV-4122_S12	MV	vOTU_062	7457	38071806	1254	32.93776	4.417026	17.103	99.97	1
MV-4122_S12	MV	vOTU_063	7352	38071806	2	0.052532	0.007145	0.0381	3.81	0
MV-4122_S12	MV	vOTU_064	7348	38071806	113	2.968076	0.40393	1.5314	67.98	0
MV-4122_S12	MV	vOTU_065	7312	38071806	2107	55.342791	7.568762	28.7276	99.7	1
MV-4122_S12	MV	vOTU_066	7142	38071806	5074	133.274476	18.660666	77.0049	99.37	1
MV-4122_S12	MV	vOTU_067	7007	38071806	4150	109.004548	15.556522	62.8132	99.91	1
MV-4122_S12	MV	vOTU_068	7001	38071806	602	15.812226	2.258567	8.9242	80.45	1
MV-4122_S12	MV	vOTU_069	6406	38071806	412	10.821656	1.6893	6.2929	99.97	1
MV-4122_S12	MV	vOTU_070	6405	38071806	0	0.0	0.0	0.0	0.0	0
MV-4122_S12	MV	vOTU_071	6393	38071806	3344	87.834026	13.739094	53.8623	99.69	1
MV-4122_S12	MV	vOTU_072	6246	38071806	579	15.208104	2.434855	9.6298	99.98	1
MV-4122_S12	MV	vOTU_073	6209	38071806	52	1.36584	0.219977	0.8219	48.35	0
MV-4122_S12	MV	vOTU_074	6183	38071806	322	8.457702	1.367896	5.676	99.92	1
MV-4122_S12	MV	vOTU_075	6100	38071806	634	16.652743	2.729958	11.3708	100.0	1
MV-4122_S12	MV	vOTU_076	5969	38071806	0	0.0	0.0	0.0	0.0	0
MV-4122_S12	MV	vOTU_077	5967	38071806	642	16.862872	2.826022	11.612	99.97	1
MV-4122_S12	MV	vOTU_078	5886	38071806	1390	36.509957	6.202847	23.1155	99.8	1
MV-4122_S12	MV	vOTU_079	5800	38071806	493	12.949215	2.232623	8.9512	99.9	1
MV-4122_S12	MV	vOTU_080	5760	38071806	576	15.129306	2.626616	11.0738	100.0	1
MV-4122_S12	MV	vOTU_081	5722	38071806	0	0.0	0.0	0.0	0.0	0
MV-4122_S12	MV	vOTU_082	5702	38071806	500	13.133078	2.303241	9.4423	95.95	1
MV-4122_S12	MV	vOTU_083	5669	38071806	482	12.660287	2.233249	8.6708	99.96	1
MV-4122_S12	MV	vOTU_084	5652	38071806	467	12.266295	2.170257	8.4358	98.55	1
MV-4122_S12	MV	vOTU_085	5590	38071806	124	3.257003	0.582648	2.1989	79.37	1
MV-4122_S12	MV	vOTU_086	5415	38071806	1143	30.022216	5.544269	22.6872	99.93	1
MV-4122_S12	MV	vOTU_087	5403	38071806	302	7.932379	1.468143	6.0855	99.7	1
MV-4122_S12	MV	vOTU_088	5394	38071806	0	0.0	0.0	0.0	0.0	0
MV-4122_S12	MV	vOTU_089	5381	38071806	0	0.0	0.0	0.0	0.0	0
MV-4122_S12	MV	vOTU_090	5341	38071806	279	7.328258	1.372076	5.8197	99.78	1
MV-4122_S12	MV	vOTU_091	5275	38071806	0	0.0	0.0	0.0	0.0	0
MV-4122_S12	MV	vOTU_092	5235	38071806	298	7.827315	1.495189	5.9755	99.56	1
MV-4122_S12	MV	vOTU_093	5204	38071806	631	16.573945	3.184847	13.0296	99.94	1
MV-4122_S12	MV	vOTU_094	5194	38071806	246	6.461474	1.244027	5.3027	99.98	1
MV-4122_S12	MV	vOTU_095	5169	38071806	131	3.440866	0.665674	2.5162	86.75	1
MV-4122_S12	MV	vOTU_096	5135	38071806	211	5.542159	1.079291	3.9538	90.91	1
MV-4122_S12	MV	vOTU_097	5093	38071806	422	11.084318	2.176383	8.5396	99.9	1
MV-4125_S18	MV	vOTU_001	43643	25680390	4	0.155761	0.003569	0.0126	1.26	0
MV-4125_S18	MV	vOTU_002	43474	25680390	29195	1136.859682	26.150335	69.052	100.0	1
MV-4125_S18	MV	vOTU_003	42130	25680390	3409	132.747205	3.150895	8.3944	98.32	1
MV-4125_S18	MV	vOTU_004	40752	25680390	2466	96.026579	2.356365	6.3954	93.29	1
MV-4125_S18	MV	vOTU_005	39533	25680390	102857	4005.274063	101.314701	268.1732	100.0	1
MV-4125_S18	MV	vOTU_006	39529	25680390	8943	348.242375	8.809795	24.8934	99.98	1
MV-4125_S18	MV	vOTU_007	39259	25680390	70168	2732.357258	69.598239	181.4965	100.0	1
MV-4125_S18	MV	vOTU_008	36032	25680390	75238	2929.784166	81.310617	215.3373	100.0	1
MV-4125_S18	MV	vOTU_009	27200	25680390	294	11.448424	0.420898	1.2382	64.86	0
MV-4125_S18	MV	vOTU_010	26567	25680390	2	0.07788	0.002931	0.0085	0.85	0
MV-4125_S18	MV	vOTU_011	26064	25680390	6896	268.531747	10.302783	27.9656	99.96	1
MV-4125_S18	MV	vOTU_012	25184	25680390	1764	68.690546	2.727547	7.5188	98.97	1
MV-4125_S18	MV	vOTU_013	23580	25680390	5686	221.414083	9.38991	24.6851	99.77	1
MV-4125_S18	MV	vOTU_014	22758	25680390	1120	43.613045	1.916383	5.1149	98.44	1
MV-4125_S18	MV	vOTU_015	19802	25680390	1091	42.483778	2.145429	5.6326	95.05	1
MV-4125_S18	MV	vOTU_016	19268	25680390	0	0.0	0.0	0.0	0.0	0
MV-4125_S18	MV	vOTU_017	18801	25680390	4053	157.824706	8.394485	21.6248	99.79	1
MV-4125_S18	MV	vOTU_018	17956	25680390	3469	135.083618	7.523035	21.0128	99.99	1
MV-4125_S18	MV	vOTU_019	17688	25680390	3125	121.688183	6.879703	18.2233	99.98	1
MV-4125_S18	MV	vOTU_020	16631	25680390	131	5.101169	0.306727	0.7801	48.91	0
MV-4125_S18	MV	vOTU_021	16581	25680390	184	7.165	0.432121	1.1657	66.26	0
MV-4125_S18	MV	vOTU_022	16437	25680390	995	38.745517	2.357213	6.4854	92.97	1
MV-4125_S18	MV	vOTU_023	15987	25680390	265	10.319158	0.645472	1.7998	78.51	1
MV-4125_S18	MV	vOTU_024	15578	25680390	1849	72.000464	4.621932	12.5664	99.85	1
MV-4125_S18	MV	vOTU_025	15483	25680390	1345	52.374594	3.382716	8.2878	93.51	1
MV-4125_S18	MV	vOTU_026	15200	25680390	53947	2100.707972	138.204472	372.711	99.99	1
MV-4125_S18	MV	vOTU_027	14847	25680390	881	34.306333	2.310658	6.3254	97.62	1
MV-4125_S18	MV	vOTU_028	14391	25680390	511	19.898452	1.382701	3.7612	93.3	1
MV-4125_S18	MV	vOTU_029	14134	25680390	86	3.348859	0.236936	0.6651	46.34	0
MV-4125_S18	MV	vOTU_030	14079	25680390	1087	42.328018	3.006465	7.4515	94.73	1
MV-4125_S18	MV	vOTU_031	13868	25680390	147	5.724212	0.412764	1.1668	62.19	0
MV-4125_S18	MV	vOTU_032	12646	25680390	2189	85.240138	6.740482	17.5737	100.0	1
MV-4125_S18	MV	vOTU_033	12556	25680390	1496	58.254567	4.63958	12.4518	99.98	1
MV-4125_S18	MV	vOTU_034	12045	25680390	2	0.07788	0.006466	0.0169	1.69	0
MV-4125_S18	MV	vOTU_035	11914	25680390	565	22.001224	1.84667	4.8086	44.22	0
MV-4125_S18	MV	vOTU_036	11464	25680390	988	38.472936	3.355978	9.2787	99.69	1
MV-4125_S18	MV	vOTU_037	11202	25680390	2195	85.47378	7.630225	19.2995	99.96	1
MV-4125_S18	MV	vOTU_038	11069	25680390	569	22.156984	2.001715	5.4982	96.76	1
MV-4125_S18	MV	vOTU_039	10738	25680390	23400	911.201115	84.857619	224.9434	99.88	1
MV-4125_S18	MV	vOTU_040	10734	25680390	60	2.336413	0.217665	0.5328	36.91	0
MV-4125_S18	MV	vOTU_041	10621	25680390	378	14.719403	1.385877	3.5195	89.77	1
MV-4125_S18	MV	vOTU_042	9843	25680390	217	8.450027	0.858481	2.2572	84.49	1
MV-4125_S18	MV	vOTU_043	9642	25680390	51	1.985951	0.205969	0.5893	42.47	0
MV-4125_S18	MV	vOTU_044	9638	25680390	489	19.041767	1.975697	5.159	34.26	0
MV-4125_S18	MV	vOTU_045	9606	25680390	47	1.83019	0.190526	0.5012	37.72	0
MV-4125_S18	MV	vOTU_046	9378	25680390	4	0.155761	0.016609	0.0332	3.32	0
MV-4125_S18	MV	vOTU_047	9348	25680390	684	26.63511	2.849284	7.4816	99.98	1
MV-4125_S18	MV	vOTU_048	9323	25680390	940	36.603805	3.926183	10.6136	99.74	1
MV-4125_S18	MV	vOTU_049	9268	25680390	0	0.0	0.0	0.0	0.0	0
MV-4125_S18	MV	vOTU_050	9111	25680390	1484	57.787284	6.342584	16.6605	98.17	1
MV-4125_S18	MV	vOTU_051	8783	25680390	467	18.185082	2.070486	5.6936	90.49	1
MV-4125_S18	MV	vOTU_052	8539	25680390	9	0.350462	0.041043	0.1199	11.99	0
MV-4125_S18	MV	vOTU_053	8224	25680390	374	14.563642	1.770871	4.7287	97.07	1
MV-4125_S18	MV	vOTU_054	8212	25680390	17	0.661984	0.080612	0.2392	19.14	0
MV-4125_S18	MV	vOTU_055	8169	25680390	2	0.07788	0.009534	0.0327	3.27	0
MV-4125_S18	MV	vOTU_056	8069	25680390	117	4.556006	0.564631	1.5804	74.92	0
MV-4125_S18	MV	vOTU_057	8036	25680390	2	0.07788	0.009691	0.0352	3.52	0
MV-4125_S18	MV	vOTU_058	7879	25680390	261	10.163397	1.289935	3.2937	89.17	1
MV-4125_S18	MV	vOTU_059	7727	25680390	301	11.721006	1.51689	3.993	88.56	1
MV-4125_S18	MV	vOTU_060	7593	25680390	427	16.627473	2.189842	5.2521	86.54	1
MV-4125_S18	MV	vOTU_061	7573	25680390	881	34.306333	4.530085	11.9566	99.95	1
MV-4125_S18	MV	vOTU_062	7457	25680390	105	4.088723	0.548307	1.4665	57.74	0
MV-4125_S18	MV	vOTU_063	7352	25680390	813	31.658398	4.306093	11.3032	99.55	1
MV-4125_S18	MV	vOTU_064	7348	25680390	2186	85.123318	11.584556	30.9004	99.74	1
MV-4125_S18	MV	vOTU_065	7312	25680390	969	37.733072	5.160431	13.2456	99.97	1
MV-4125_S18	MV	vOTU_066	7142	25680390	1937	75.427203	10.561076	28.7565	99.94	1
MV-4125_S18	MV	vOTU_067	7007	25680390	1666	64.874404	9.258514	24.4662	99.94	1
MV-4125_S18	MV	vOTU_068	7001	25680390	247	9.618234	1.373837	3.8587	71.92	0
MV-4125_S18	MV	vOTU_069	6406	25680390	116	4.517065	0.70513	1.8175	78.5	1
MV-4125_S18	MV	vOTU_070	6405	25680390	0	0.0	0.0	0.0	0.0	0
MV-4125_S18	MV	vOTU_071	6393	25680390	706	27.491794	4.300296	11.5334	98.78	1
MV-4125_S18	MV	vOTU_072	6246	25680390	65	2.531114	0.405238	1.1009	65.71	0
MV-4125_S18	MV	vOTU_073	6209	25680390	8806	342.907565	55.227503	137.1019	99.97	1
MV-4125_S18	MV	vOTU_074	6183	25680390	2	0.07788	0.012596	0.0458	4.58	0
MV-4125_S18	MV	vOTU_075	6100	25680390	50	1.947011	0.319182	0.9392	58.25	0
MV-4125_S18	MV	vOTU_076	5969	25680390	5	0.194701	0.032619	0.0911	7.46	0
MV-4125_S18	MV	vOTU_077	5967	25680390	266	10.358098	1.735897	4.5306	93.55	1
MV-4125_S18	MV	vOTU_078	5886	25680390	0	0.0	0.0	0.0	0.0	0
MV-4125_S18	MV	vOTU_079	5800	25680390	24	0.934565	0.161132	0.47	33.29	0
MV-4125_S18	MV	vOTU_080	5760	25680390	68	2.647935	0.459711	1.329	75.95	1
MV-4125_S18	MV	vOTU_081	5722	25680390	418	16.277011	2.844637	8.044	99.74	1
MV-4125_S18	MV	vOTU_082	5702	25680390	16	0.623043	0.109268	0.2536	21.99	0
MV-4125_S18	MV	vOTU_083	5669	25680390	32	1.246087	0.219807	0.5091	39.81	0
MV-4125_S18	MV	vOTU_084	5652	25680390	33	1.285027	0.227358	0.6656	43.22	0
MV-4125_S18	MV	vOTU_085	5590	25680390	247	9.618234	1.720614	4.3862	95.49	1
MV-4125_S18	MV	vOTU_086	5415	25680390	79	3.076277	0.568103	1.6458	75.2	1
MV-4125_S18	MV	vOTU_087	5403	25680390	4	0.155761	0.028829	0.0738	7.38	0
MV-4125_S18	MV	vOTU_088	5394	25680390	0	0.0	0.0	0.0	0.0	0
MV-4125_S18	MV	vOTU_089	5381	25680390	0	0.0	0.0	0.0	0.0	0
MV-4125_S18	MV	vOTU_090	5341	25680390	2	0.07788	0.014582	0.0549	5.49	0
MV-4125_S18	MV	vOTU_091	5275	25680390	0	0.0	0.0	0.0	0.0	0
MV-4125_S18	MV	vOTU_092	5235	25680390	2	0.07788	0.014877	0.0369	3.69	0
MV-4125_S18	MV	vOTU_093	5204	25680390	18	0.700924	0.134689	0.368	24.17	0
MV-4125_S18	MV	vOTU_094	5194	25680390	10	0.389402	0.074972	0.2058	17.85	0
MV-4125_S18	MV	vOTU_095	5169	25680390	136	5.29587	1.024544	2.5574	81.97	1
MV-4125_S18	MV	vOTU_096	5135	25680390	287	11.175843	2.176406	5.5601	94.18	1
MV-4125_S18	MV	vOTU_097	5093	25680390	41	1.596549	0.313479	0.8541	43.55	0
MV-4128_S29	MV	vOTU_001	43643	40598794	0	0.0	0.0	0.0	0.0	0
MV-4128_S29	MV	vOTU_002	43474	40598794	8	0.19705	0.004533	0.0184	1.84	0
MV-4128_S29	MV	vOTU_003	42130	40598794	4	0.098525	0.002339	0.0116	1.16	0
MV-4128_S29	MV	vOTU_004	40752	40598794	335	8.251477	0.20248	0.9385	50.33	0
MV-4128_S29	MV	vOTU_005	39533	40598794	272118	6702.61289	169.544757	740.1575	100.0	1
MV-4128_S29	MV	vOTU_006	39529	40598794	14725	362.695503	9.175428	41.9937	99.99	1
MV-4128_S29	MV	vOTU_007	39259	40598794	211112	5199.957417	132.45262	570.2817	100.0	1
MV-4128_S29	MV	vOTU_008	36032	40598794	212512	5234.4412	145.272014	632.8643	100.0	1
MV-4128_S29	MV	vOTU_009	27200	40598794	75	1.847346	0.067917	0.3376	20.31	0
MV-4128_S29	MV	vOTU_010	26567	40598794	0	0.0	0.0	0.0	0.0	0
MV-4128_S29	MV	vOTU_011	26064	40598794	7	0.172419	0.006615	0.0327	0.79	0
MV-4128_S29	MV	vOTU_012	25184	40598794	0	0.0	0.0	0.0	0.0	0
MV-4128_S29	MV	vOTU_013	23580	40598794	0	0.0	0.0	0.0	0.0	0
MV-4128_S29	MV	vOTU_014	22758	40598794	4814	118.574951	5.210254	23.489	100.0	1
MV-4128_S29	MV	vOTU_015	19802	40598794	2	0.049263	0.002488	0.0072	0.72	0
MV-4128_S29	MV	vOTU_016	19268	40598794	0	0.0	0.0	0.0	0.0	0
MV-4128_S29	MV	vOTU_017	18801	40598794	3425	84.362112	4.487108	19.3524	99.43	1
MV-4128_S29	MV	vOTU_018	17956	40598794	6710	165.275845	9.204491	41.9398	99.98	1
MV-4128_S29	MV	vOTU_019	17688	40598794	0	0.0	0.0	0.0	0.0	0
MV-4128_S29	MV	vOTU_020	16631	40598794	2	0.049263	0.002962	0.0111	1.11	0
MV-4128_S29	MV	vOTU_021	16581	40598794	451	11.108704	0.669966	2.9045	88.76	1
MV-4128_S29	MV	vOTU_022	16437	40598794	0	0.0	0.0	0.0	0.0	0
MV-4128_S29	MV	vOTU_023	15987	40598794	605	14.90192	0.932127	4.3695	91.01	1
MV-4128_S29	MV	vOTU_024	15578	40598794	0	0.0	0.0	0.0	0.0	0
MV-4128_S29	MV	vOTU_025	15483	40598794	58	1.428614	0.09227	0.3566	29.52	0
MV-4128_S29	MV	vOTU_026	15200	40598794	162969	4014.134016	264.087764	1174.5138	100.0	1
MV-4128_S29	MV	vOTU_027	14847	40598794	4112	101.283797	6.821836	31.5274	99.99	1
MV-4128_S29	MV	vOTU_028	14391	40598794	0	0.0	0.0	0.0	0.0	0
MV-4128_S29	MV	vOTU_029	14134	40598794	10	0.246313	0.017427	0.0957	7.49	0
MV-4128_S29	MV	vOTU_030	14079	40598794	55	1.35472	0.096223	0.3775	27.94	0
MV-4128_S29	MV	vOTU_031	13868	40598794	402	9.901772	0.714001	3.1327	94.43	1
MV-4128_S29	MV	vOTU_032	12646	40598794	109	2.684809	0.212305	0.9349	53.68	0
MV-4128_S29	MV	vOTU_033	12556	40598794	0	0.0	0.0	0.0	0.0	0
MV-4128_S29	MV	vOTU_034	12045	40598794	835	20.567113	1.707523	8.0249	99.98	1
MV-4128_S29	MV	vOTU_035	11914	40598794	104	2.561652	0.215012	0.8973	31.53	0
MV-4128_S29	MV	vOTU_036	11464	40598794	26	0.640413	0.055863	0.2412	17.36	0
MV-4128_S29	MV	vOTU_037	11202	40598794	0	0.0	0.0	0.0	0.0	0
MV-4128_S29	MV	vOTU_038	11069	40598794	2205	54.311958	4.906673	22.2558	99.94	1
MV-4128_S29	MV	vOTU_039	10738	40598794	70255	1730.470122	161.153858	700.8389	100.0	1
MV-4128_S29	MV	vOTU_040	10734	40598794	0	0.0	0.0	0.0	0.0	0
MV-4128_S29	MV	vOTU_041	10621	40598794	1255	30.912248	2.910484	12.0164	99.98	1
MV-4128_S29	MV	vOTU_042	9843	40598794	94	2.31534	0.235227	0.9906	59.47	0
MV-4128_S29	MV	vOTU_043	9642	40598794	0	0.0	0.0	0.0	0.0	0
MV-4128_S29	MV	vOTU_044	9638	40598794	91	2.241446	0.232563	0.9768	28.36	0
MV-4128_S29	MV	vOTU_045	9606	40598794	4	0.098525	0.010257	0.0522	5.22	0
MV-4128_S29	MV	vOTU_046	9378	40598794	457	11.256492	1.200308	5.5413	99.99	1
MV-4128_S29	MV	vOTU_047	9348	40598794	4	0.098525	0.01054	0.0473	4.73	0
MV-4128_S29	MV	vOTU_048	9323	40598794	23	0.566519	0.060766	0.2871	27.47	0
MV-4128_S29	MV	vOTU_049	9268	40598794	0	0.0	0.0	0.0	0.0	0
MV-4128_S29	MV	vOTU_050	9111	40598794	2	0.049263	0.005407	0.0326	3.26	0
MV-4128_S29	MV	vOTU_051	8783	40598794	0	0.0	0.0	0.0	0.0	0
MV-4128_S29	MV	vOTU_052	8539	40598794	0	0.0	0.0	0.0	0.0	0
MV-4128_S29	MV	vOTU_053	8224	40598794	1445	35.59219	4.327844	19.2152	99.73	1
MV-4128_S29	MV	vOTU_054	8212	40598794	804	19.803544	2.411537	10.8309	99.96	1
MV-4128_S29	MV	vOTU_055	8169	40598794	0	0.0	0.0	0.0	0.0	0
MV-4128_S29	MV	vOTU_056	8069	40598794	302	7.438645	0.921879	4.449	94.77	1
MV-4128_S29	MV	vOTU_057	8036	40598794	564	13.892038	1.728726	8.2288	99.91	1
MV-4128_S29	MV	vOTU_058	7879	40598794	1166	28.720065	3.645141	15.6724	99.95	1
MV-4128_S29	MV	vOTU_059	7727	40598794	0	0.0	0.0	0.0	0.0	0
MV-4128_S29	MV	vOTU_060	7593	40598794	10	0.246313	0.032439	0.1715	13.58	0
MV-4128_S29	MV	vOTU_061	7573	40598794	138	3.399116	0.448847	1.8901	87.69	1
MV-4128_S29	MV	vOTU_062	7457	40598794	115	2.832596	0.379857	1.5981	68.87	0
MV-4128_S29	MV	vOTU_063	7352	40598794	0	0.0	0.0	0.0	0.0	0
MV-4128_S29	MV	vOTU_064	7348	40598794	3339	82.243822	11.192681	50.0784	99.81	1
MV-4128_S29	MV	vOTU_065	7312	40598794	0	0.0	0.0	0.0	0.0	0
MV-4128_S29	MV	vOTU_066	7142	40598794	8	0.19705	0.02759	0.0972	6.48	0
MV-4128_S29	MV	vOTU_067	7007	40598794	6	0.147788	0.021091	0.0694	6.75	0
MV-4128_S29	MV	vOTU_068	7001	40598794	1001	24.655905	3.521769	16.077	81.16	1
MV-4128_S29	MV	vOTU_069	6406	40598794	68	1.674927	0.261462	1.045	58.54	0
MV-4128_S29	MV	vOTU_070	6405	40598794	659	16.232009	2.534272	9.4328	99.97	1
MV-4128_S29	MV	vOTU_071	6393	40598794	209	5.147936	0.805246	3.4722	86.3	1
MV-4128_S29	MV	vOTU_072	6246	40598794	10	0.246313	0.039435	0.1558	13.26	0
MV-4128_S29	MV	vOTU_073	6209	40598794	25421	626.151604	100.845805	419.5358	100.0	1
MV-4128_S29	MV	vOTU_074	6183	40598794	0	0.0	0.0	0.0	0.0	0
MV-4128_S29	MV	vOTU_075	6100	40598794	8	0.19705	0.032303	0.1484	14.84	0
MV-4128_S29	MV	vOTU_076	5969	40598794	302	7.438645	1.246213	5.5482	99.9	1
MV-4128_S29	MV	vOTU_077	5967	40598794	1103	27.168295	4.553091	20.8711	99.97	1
MV-4128_S29	MV	vOTU_078	5886	40598794	0	0.0	0.0	0.0	0.0	0
MV-4128_S29	MV	vOTU_079	5800	40598794	13	0.320207	0.055208	0.2269	17.59	0
MV-4128_S29	MV	vOTU_080	5760	40598794	176	4.335104	0.752622	3.5012	95.03	1
MV-4128_S29	MV	vOTU_081	5722	40598794	0	0.0	0.0	0.0	0.0	0
MV-4128_S29	MV	vOTU_082	5702	40598794	4	0.098525	0.017279	0.0793	7.93	0
MV-4128_S29	MV	vOTU_083	5669	40598794	0	0.0	0.0	0.0	0.0	0
MV-4128_S29	MV	vOTU_084	5652	40598794	2	0.049263	0.008716	0.0318	3.18	0
MV-4128_S29	MV	vOTU_085	5590	40598794	771	18.990712	3.397265	14.2687	99.96	1
MV-4128_S29	MV	vOTU_086	5415	40598794	7	0.172419	0.031841	0.1559	10.1	0
MV-4128_S29	MV	vOTU_087	5403	40598794	0	0.0	0.0	0.0	0.0	0
MV-4128_S29	MV	vOTU_088	5394	40598794	307	7.561801	1.401891	6.0603	99.93	1
MV-4128_S29	MV	vOTU_089	5381	40598794	517	12.734368	2.366543	10.0052	99.91	1
MV-4128_S29	MV	vOTU_090	5341	40598794	0	0.0	0.0	0.0	0.0	0
MV-4128_S29	MV	vOTU_091	5275	40598794	275	6.7736	1.284095	5.851	99.85	1
MV-4128_S29	MV	vOTU_092	5235	40598794	0	0.0	0.0	0.0	0.0	0
MV-4128_S29	MV	vOTU_093	5204	40598794	8	0.19705	0.037865	0.2177	20.22	0
MV-4128_S29	MV	vOTU_094	5194	40598794	0	0.0	0.0	0.0	0.0	0
MV-4128_S29	MV	vOTU_095	5169	40598794	554	13.645726	2.639916	10.8851	99.98	1
MV-4128_S29	MV	vOTU_096	5135	40598794	959	23.621391	4.600076	19.0331	100.0	1
MV-4128_S29	MV	vOTU_097	5093	40598794	6	0.147788	0.029018	0.1445	9.21	0
NC1_S64	negative_control	vOTU_001	43643	103764	0	0.0	0.0	0.0	0.0	0
NC1_S64	negative_control	vOTU_002	43474	103764	0	0.0	0.0	0.0	0.0	0
NC1_S64	negative_control	vOTU_003	42130	103764	0	0.0	0.0	0.0	0.0	0
NC1_S64	negative_control	vOTU_004	40752	103764	0	0.0	0.0	0.0	0.0	0
NC1_S64	negative_control	vOTU_005	39533	103764	0	0.0	0.0	0.0	0.0	0
NC1_S64	negative_control	vOTU_006	39529	103764	0	0.0	0.0	0.0	0.0	0
NC1_S64	negative_control	vOTU_007	39259	103764	0	0.0	0.0	0.0	0.0	0
NC1_S64	negative_control	vOTU_008	36032	103764	0	0.0	0.0	0.0	0.0	0
NC1_S64	negative_control	vOTU_009	27200	103764	0	0.0	0.0	0.0	0.0	0
NC1_S64	negative_control	vOTU_010	26567	103764	0	0.0	0.0	0.0	0.0	0
NC1_S64	negative_control	vOTU_011	26064	103764	0	0.0	0.0	0.0	0.0	0
NC1_S64	negative_control	vOTU_012	25184	103764	0	0.0	0.0	0.0	0.0	0
NC1_S64	negative_control	vOTU_013	23580	103764	0	0.0	0.0	0.0	0.0	0
NC1_S64	negative_control	vOTU_014	22758	103764	0	0.0	0.0	0.0	0.0	0
NC1_S64	negative_control	vOTU_015	19802	103764	0	0.0	0.0	0.0	0.0	0
NC1_S64	negative_control	vOTU_016	19268	103764	0	0.0	0.0	0.0	0.0	0
NC1_S64	negative_control	vOTU_017	18801	103764	0	0.0	0.0	0.0	0.0	0
NC1_S64	negative_control	vOTU_018	17956	103764	0	0.0	0.0	0.0	0.0	0
NC1_S64	negative_control	vOTU_019	17688	103764	0	0.0	0.0	0.0	0.0	0
NC1_S64	negative_control	vOTU_020	16631	103764	0	0.0	0.0	0.0	0.0	0
NC1_S64	negative_control	vOTU_021	16581	103764	0	0.0	0.0	0.0	0.0	0
NC1_S64	negative_control	vOTU_022	16437	103764	0	0.0	0.0	0.0	0.0	0
NC1_S64	negative_control	vOTU_023	15987	103764	0	0.0	0.0	0.0	0.0	0
NC1_S64	negative_control	vOTU_024	15578	103764	0	0.0	0.0	0.0	0.0	0
NC1_S64	negative_control	vOTU_025	15483	103764	0	0.0	0.0	0.0	0.0	0
NC1_S64	negative_control	vOTU_026	15200	103764	0	0.0	0.0	0.0	0.0	0
NC1_S64	negative_control	vOTU_027	14847	103764	0	0.0	0.0	0.0	0.0	0
NC1_S64	negative_control	vOTU_028	14391	103764	0	0.0	0.0	0.0	0.0	0
NC1_S64	negative_control	vOTU_029	14134	103764	0	0.0	0.0	0.0	0.0	0
NC1_S64	negative_control	vOTU_030	14079	103764	0	0.0	0.0	0.0	0.0	0
NC1_S64	negative_control	vOTU_031	13868	103764	0	0.0	0.0	0.0	0.0	0
NC1_S64	negative_control	vOTU_032	12646	103764	0	0.0	0.0	0.0	0.0	0
NC1_S64	negative_control	vOTU_033	12556	103764	0	0.0	0.0	0.0	0.0	0
NC1_S64	negative_control	vOTU_034	12045	103764	0	0.0	0.0	0.0	0.0	0
NC1_S64	negative_control	vOTU_035	11914	103764	0	0.0	0.0	0.0	0.0	0
NC1_S64	negative_control	vOTU_036	11464	103764	0	0.0	0.0	0.0	0.0	0
NC1_S64	negative_control	vOTU_037	11202	103764	0	0.0	0.0	0.0	0.0	0
NC1_S64	negative_control	vOTU_038	11069	103764	0	0.0	0.0	0.0	0.0	0
NC1_S64	negative_control	vOTU_039	10738	103764	0	0.0	0.0	0.0	0.0	0
NC1_S64	negative_control	vOTU_040	10734	103764	0	0.0	0.0	0.0	0.0	0
NC1_S64	negative_control	vOTU_041	10621	103764	0	0.0	0.0	0.0	0.0	0
NC1_S64	negative_control	vOTU_042	9843	103764	0	0.0	0.0	0.0	0.0	0
NC1_S64	negative_control	vOTU_043	9642	103764	0	0.0	0.0	0.0	0.0	0
NC1_S64	negative_control	vOTU_044	9638	103764	0	0.0	0.0	0.0	0.0	0
NC1_S64	negative_control	vOTU_045	9606	103764	0	0.0	0.0	0.0	0.0	0
NC1_S64	negative_control	vOTU_046	9378	103764	0	0.0	0.0	0.0	0.0	0
NC1_S64	negative_control	vOTU_047	9348	103764	0	0.0	0.0	0.0	0.0	0
NC1_S64	negative_control	vOTU_048	9323	103764	0	0.0	0.0	0.0	0.0	0
NC1_S64	negative_control	vOTU_049	9268	103764	0	0.0	0.0	0.0	0.0	0
NC1_S64	negative_control	vOTU_050	9111	103764	0	0.0	0.0	0.0	0.0	0
NC1_S64	negative_control	vOTU_051	8783	103764	0	0.0	0.0	0.0	0.0	0
NC1_S64	negative_control	vOTU_052	8539	103764	0	0.0	0.0	0.0	0.0	0
NC1_S64	negative_control	vOTU_053	8224	103764	0	0.0	0.0	0.0	0.0	0
NC1_S64	negative_control	vOTU_054	8212	103764	0	0.0	0.0	0.0	0.0	0
NC1_S64	negative_control	vOTU_055	8169	103764	0	0.0	0.0	0.0	0.0	0
NC1_S64	negative_control	vOTU_056	8069	103764	0	0.0	0.0	0.0	0.0	0
NC1_S64	negative_control	vOTU_057	8036	103764	0	0.0	0.0	0.0	0.0	0
NC1_S64	negative_control	vOTU_058	7879	103764	0	0.0	0.0	0.0	0.0	0
NC1_S64	negative_control	vOTU_059	7727	103764	0	0.0	0.0	0.0	0.0	0
NC1_S64	negative_control	vOTU_060	7593	103764	0	0.0	0.0	0.0	0.0	0
NC1_S64	negative_control	vOTU_061	7573	103764	0	0.0	0.0	0.0	0.0	0
NC1_S64	negative_control	vOTU_062	7457	103764	0	0.0	0.0	0.0	0.0	0
NC1_S64	negative_control	vOTU_063	7352	103764	0	0.0	0.0	0.0	0.0	0
NC1_S64	negative_control	vOTU_064	7348	103764	0	0.0	0.0	0.0	0.0	0
NC1_S64	negative_control	vOTU_065	7312	103764	0	0.0	0.0	0.0	0.0	0
NC1_S64	negative_control	vOTU_066	7142	103764	0	0.0	0.0	0.0	0.0	0
NC1_S64	negative_control	vOTU_067	7007	103764	0	0.0	0.0	0.0	0.0	0
NC1_S64	negative_control	vOTU_068	7001	103764	0	0.0	0.0	0.0	0.0	0
NC1_S64	negative_control	vOTU_069	6406	103764	0	0.0	0.0	0.0	0.0	0
NC1_S64	negative_control	vOTU_070	6405	103764	0	0.0	0.0	0.0	0.0	0
NC1_S64	negative_control	vOTU_071	6393	103764	0	0.0	0.0	0.0	0.0	0
NC1_S64	negative_control	vOTU_072	6246	103764	0	0.0	0.0	0.0	0.0	0
NC1_S64	negative_control	vOTU_073	6209	103764	0	0.0	0.0	0.0	0.0	0
NC1_S64	negative_control	vOTU_074	6183	103764	0	0.0	0.0	0.0	0.0	0
NC1_S64	negative_control	vOTU_075	6100	103764	0	0.0	0.0	0.0	0.0	0
NC1_S64	negative_control	vOTU_076	5969	103764	0	0.0	0.0	0.0	0.0	0
NC1_S64	negative_control	vOTU_077	5967	103764	0	0.0	0.0	0.0	0.0	0
NC1_S64	negative_control	vOTU_078	5886	103764	0	0.0	0.0	0.0	0.0	0
NC1_S64	negative_control	vOTU_079	5800	103764	0	0.0	0.0	0.0	0.0	0
NC1_S64	negative_control	vOTU_080	5760	103764	0	0.0	0.0	0.0	0.0	0
NC1_S64	negative_control	vOTU_081	5722	103764	0	0.0	0.0	0.0	0.0	0
NC1_S64	negative_control	vOTU_082	5702	103764	0	0.0	0.0	0.0	0.0	0
NC1_S64	negative_control	vOTU_083	5669	103764	0	0.0	0.0	0.0	0.0	0
NC1_S64	negative_control	vOTU_084	5652	103764	0	0.0	0.0	0.0	0.0	0
NC1_S64	negative_control	vOTU_085	5590	103764	0	0.0	0.0	0.0	0.0	0
NC1_S64	negative_control	vOTU_086	5415	103764	0	0.0	0.0	0.0	0.0	0
NC1_S64	negative_control	vOTU_087	5403	103764	0	0.0	0.0	0.0	0.0	0
NC1_S64	negative_control	vOTU_088	5394	103764	0	0.0	0.0	0.0	0.0	0
NC1_S64	negative_control	vOTU_089	5381	103764	0	0.0	0.0	0.0	0.0	0
NC1_S64	negative_control	vOTU_090	5341	103764	0	0.0	0.0	0.0	0.0	0
NC1_S64	negative_control	vOTU_091	5275	103764	0	0.0	0.0	0.0	0.0	0
NC1_S64	negative_control	vOTU_092	5235	103764	0	0.0	0.0	0.0	0.0	0
NC1_S64	negative_control	vOTU_093	5204	103764	0	0.0	0.0	0.0	0.0	0
NC1_S64	negative_control	vOTU_094	5194	103764	0	0.0	0.0	0.0	0.0	0
NC1_S64	negative_control	vOTU_095	5169	103764	0	0.0	0.0	0.0	0.0	0
NC1_S64	negative_control	vOTU_096	5135	103764	0	0.0	0.0	0.0	0.0	0
NC1_S64	negative_control	vOTU_097	5093	103764	0	0.0	0.0	0.0	0.0	0
4122-0-22_S11	cellular	vOTU_001	43643	1193866	0	0.0	0.0	0.0	0.0	0
4122-0-22_S11	cellular	vOTU_002	43474	1193866	0	0.0	0.0	0.0	0.0	0
4122-0-22_S11	cellular	vOTU_003	42130	1193866	0	0.0	0.0	0.0	0.0	0
4122-0-22_S11	cellular	vOTU_004	40752	1193866	0	0.0	0.0	0.0	0.0	0
4122-0-22_S11	cellular	vOTU_005	39533	1193866	2	1.67523	0.042375	0.0041	0.41	0
4122-0-22_S11	cellular	vOTU_006	39529	1193866	0	0.0	0.0	0.0	0.0	0
4122-0-22_S11	cellular	vOTU_007	39259	1193866	0	0.0	0.0	0.0	0.0	0
4122-0-22_S11	cellular	vOTU_008	36032	1193866	0	0.0	0.0	0.0	0.0	0
4122-0-22_S11	cellular	vOTU_009	27200	1193866	0	0.0	0.0	0.0	0.0	0
4122-0-22_S11	cellular	vOTU_010	26567	1193866	0	0.0	0.0	0.0	0.0	0
4122-0-22_S11	cellular	vOTU_011	26064	1193866	0	0.0	0.0	0.0	0.0	0
4122-0-22_S11	cellular	vOTU_012	25184	1193866	0	0.0	0.0	0.0	0.0	0
4122-0-22_S11	cellular	vOTU_013	23580	1193866	0	0.0	0.0	0.0	0.0	0
4122-0-22_S11	cellular	vOTU_014	22758	1193866	0	0.0	0.0	0.0	0.0	0
4122-0-22_S11	cellular	vOTU_015	19802	1193866	0	0.0	0.0	0.0	0.0	0
4122-0-22_S11	cellular	vOTU_016	19268	1193866	0	0.0	0.0	0.0	0.0	0
4122-0-22_S11	cellular	vOTU_017	18801	1193866	0	0.0	0.0	0.0	0.0	0
4122-0-22_S11	cellular	vOTU_018	17956	1193866	0	0.0	0.0	0.0	0.0	0
4122-0-22_S11	cellular	vOTU_019	17688	1193866	0	0.0	0.0	0.0	0.0	0
4122-0-22_S11	cellular	vOTU_020	16631	1193866	0	0.0	0.0	0.0	0.0	0
4122-0-22_S11	cellular	vOTU_021	16581	1193866	0	0.0	0.0	0.0	0.0	0
4122-0-22_S11	cellular	vOTU_022	16437	1193866	0	0.0	0.0	0.0	0.0	0
4122-0-22_S11	cellular	vOTU_023	15987	1193866	0	0.0	0.0	0.0	0.0	0
4122-0-22_S11	cellular	vOTU_024	15578	1193866	0	0.0	0.0	0.0	0.0	0
4122-0-22_S11	cellular	vOTU_025	15483	1193866	0	0.0	0.0	0.0	0.0	0
4122-0-22_S11	cellular	vOTU_026	15200	1193866	2	1.67523	0.110212	0.0102	1.02	0
4122-0-22_S11	cellular	vOTU_027	14847	1193866	0	0.0	0.0	0.0	0.0	0
4122-0-22_S11	cellular	vOTU_028	14391	1193866	0	0.0	0.0	0.0	0.0	0
4122-0-22_S11	cellular	vOTU_029	14134	1193866	0	0.0	0.0	0.0	0.0	0
4122-0-22_S11	cellular	vOTU_030	14079	1193866	0	0.0	0.0	0.0	0.0	0
4122-0-22_S11	cellular	vOTU_031	13868	1193866	0	0.0	0.0	0.0	0.0	0
4122-0-22_S11	cellular	vOTU_032	12646	1193866	0	0.0	0.0	0.0	0.0	0
4122-0-22_S11	cellular	vOTU_033	12556	1193866	0	0.0	0.0	0.0	0.0	0
4122-0-22_S11	cellular	vOTU_034	12045	1193866	0	0.0	0.0	0.0	0.0	0
4122-0-22_S11	cellular	vOTU_035	11914	1193866	0	0.0	0.0	0.0	0.0	0
4122-0-22_S11	cellular	vOTU_036	11464	1193866	0	0.0	0.0	0.0	0.0	0
4122-0-22_S11	cellular	vOTU_037	11202	1193866	0	0.0	0.0	0.0	0.0	0
4122-0-22_S11	cellular	vOTU_038	11069	1193866	0	0.0	0.0	0.0	0.0	0
4122-0-22_S11	cellular	vOTU_039	10738	1193866	0	0.0	0.0	0.0	0.0	0
4122-0-22_S11	cellular	vOTU_040	10734	1193866	0	0.0	0.0	0.0	0.0	0
4122-0-22_S11	cellular	vOTU_041	10621	1193866	0	0.0	0.0	0.0	0.0	0
4122-0-22_S11	cellular	vOTU_042	9843	1193866	0	0.0	0.0	0.0	0.0	0
4122-0-22_S11	cellular	vOTU_043	9642	1193866	0	0.0	0.0	0.0	0.0	0
4122-0-22_S11	cellular	vOTU_044	9638	1193866	0	0.0	0.0	0.0	0.0	0
4122-0-22_S11	cellular	vOTU_045	9606	1193866	0	0.0	0.0	0.0	0.0	0
4122-0-22_S11	cellular	vOTU_046	9378	1193866	0	0.0	0.0	0.0	0.0	0
4122-0-22_S11	cellular	vOTU_047	9348	1193866	0	0.0	0.0	0.0	0.0	0
4122-0-22_S11	cellular	vOTU_048	9323	1193866	0	0.0	0.0	0.0	0.0	0
4122-0-22_S11	cellular	vOTU_049	9268	1193866	0	0.0	0.0	0.0	0.0	0
4122-0-22_S11	cellular	vOTU_050	9111	1193866	0	0.0	0.0	0.0	0.0	0
4122-0-22_S11	cellular	vOTU_051	8783	1193866	0	0.0	0.0	0.0	0.0	0
4122-0-22_S11	cellular	vOTU_052	8539	1193866	0	0.0	0.0	0.0	0.0	0
4122-0-22_S11	cellular	vOTU_053	8224	1193866	0	0.0	0.0	0.0	0.0	0
4122-0-22_S11	cellular	vOTU_054	8212	1193866	0	0.0	0.0	0.0	0.0	0
4122-0-22_S11	cellular	vOTU_055	8169	1193866	0	0.0	0.0	0.0	0.0	0
4122-0-22_S11	cellular	vOTU_056	8069	1193866	0	0.0	0.0	0.0	0.0	0
4122-0-22_S11	cellular	vOTU_057	8036	1193866	0	0.0	0.0	0.0	0.0	0
4122-0-22_S11	cellular	vOTU_058	7879	1193866	0	0.0	0.0	0.0	0.0	0
4122-0-22_S11	cellular	vOTU_059	7727	1193866	0	0.0	0.0	0.0	0.0	0
4122-0-22_S11	cellular	vOTU_060	7593	1193866	0	0.0	0.0	0.0	0.0	0
4122-0-22_S11	cellular	vOTU_061	7573	1193866	2	1.67523	0.221211	0.0226	2.26	0
4122-0-22_S11	cellular	vOTU_062	7457	1193866	0	0.0	0.0	0.0	0.0	0
4122-0-22_S11	cellular	vOTU_063	7352	1193866	0	0.0	0.0	0.0	0.0	0
4122-0-22_S11	cellular	vOTU_064	7348	1193866	0	0.0	0.0	0.0	0.0	0
4122-0-22_S11	cellular	vOTU_065	7312	1193866	0	0.0	0.0	0.0	0.0	0
4122-0-22_S11	cellular	vOTU_066	7142	1193866	0	0.0	0.0	0.0	0.0	0
4122-0-22_S11	cellular	vOTU_067	7007	1193866	0	0.0	0.0	0.0	0.0	0
4122-0-22_S11	cellular	vOTU_068	7001	1193866	0	0.0	0.0	0.0	0.0	0
4122-0-22_S11	cellular	vOTU_069	6406	1193866	0	0.0	0.0	0.0	0.0	0
4122-0-22_S11	cellular	vOTU_070	6405	1193866	0	0.0	0.0	0.0	0.0	0
4122-0-22_S11	cellular	vOTU_071	6393	1193866	0	0.0	0.0	0.0	0.0	0
4122-0-22_S11	cellular	vOTU_072	6246	1193866	0	0.0	0.0	0.0	0.0	0
4122-0-22_S11	cellular	vOTU_073	6209	1193866	0	0.0	0.0	0.0	0.0	0
4122-0-22_S11	cellular	vOTU_074	6183	1193866	0	0.0	0.0	0.0	0.0	0
4122-0-22_S11	cellular	vOTU_075	6100	1193866	0	0.0	0.0	0.0	0.0	0
4122-0-22_S11	cellular	vOTU_076	5969	1193866	0	0.0	0.0	0.0	0.0	0
4122-0-22_S11	cellular	vOTU_077	5967	1193866	0	0.0	0.0	0.0	0.0	0
4122-0-22_S11	cellular	vOTU_078	5886	1193866	0	0.0	0.0	0.0	0.0	0
4122-0-22_S11	cellular	vOTU_079	5800	1193866	0	0.0	0.0	0.0	0.0	0
4122-0-22_S11	cellular	vOTU_080	5760	1193866	0	0.0	0.0	0.0	0.0	0
4122-0-22_S11	cellular	vOTU_081	5722	1193866	0	0.0	0.0	0.0	0.0	0
4122-0-22_S11	cellular	vOTU_082	5702	1193866	0	0.0	0.0	0.0	0.0	0
4122-0-22_S11	cellular	vOTU_083	5669	1193866	0	0.0	0.0	0.0	0.0	0
4122-0-22_S11	cellular	vOTU_084	5652	1193866	0	0.0	0.0	0.0	0.0	0
4122-0-22_S11	cellular	vOTU_085	5590	1193866	0	0.0	0.0	0.0	0.0	0
4122-0-22_S11	cellular	vOTU_086	5415	1193866	0	0.0	0.0	0.0	0.0	0
4122-0-22_S11	cellular	vOTU_087	5403	1193866	0	0.0	0.0	0.0	0.0	0
4122-0-22_S11	cellular	vOTU_088	5394	1193866	0	0.0	0.0	0.0	0.0	0
4122-0-22_S11	cellular	vOTU_089	5381	1193866	0	0.0	0.0	0.0	0.0	0
4122-0-22_S11	cellular	vOTU_090	5341	1193866	0	0.0	0.0	0.0	0.0	0
4122-0-22_S11	cellular	vOTU_091	5275	1193866	0	0.0	0.0	0.0	0.0	0
4122-0-22_S11	cellular	vOTU_092	5235	1193866	0	0.0	0.0	0.0	0.0	0
4122-0-22_S11	cellular	vOTU_093	5204	1193866	0	0.0	0.0	0.0	0.0	0
4122-0-22_S11	cellular	vOTU_094	5194	1193866	0	0.0	0.0	0.0	0.0	0
4122-0-22_S11	cellular	vOTU_095	5169	1193866	0	0.0	0.0	0.0	0.0	0
4122-0-22_S11	cellular	vOTU_096	5135	1193866	0	0.0	0.0	0.0	0.0	0
4122-0-22_S11	cellular	vOTU_097	5093	1193866	0	0.0	0.0	0.0	0.0	0
4122-0-44_S10	cellular	vOTU_001	43643	30115448	0	0.0	0.0	0.0	0.0	0
4122-0-44_S10	cellular	vOTU_002	43474	30115448	0	0.0	0.0	0.0	0.0	0
4122-0-44_S10	cellular	vOTU_003	42130	30115448	0	0.0	0.0	0.0	0.0	0
4122-0-44_S10	cellular	vOTU_004	40752	30115448	6	0.199233	0.004889	0.0131	1.05	0
4122-0-44_S10	cellular	vOTU_005	39533	30115448	4	0.132822	0.00336	0.007	0.7	0
4122-0-44_S10	cellular	vOTU_006	39529	30115448	2	0.066411	0.00168	0.0066	0.66	0
4122-0-44_S10	cellular	vOTU_007	39259	30115448	2	0.066411	0.001692	0.004	0.4	0
4122-0-44_S10	cellular	vOTU_008	36032	30115448	2	0.066411	0.001843	0.0043	0.43	0
4122-0-44_S10	cellular	vOTU_009	27200	30115448	10	0.332055	0.012208	0.0304	3.04	0
4122-0-44_S10	cellular	vOTU_010	26567	30115448	0	0.0	0.0	0.0	0.0	0
4122-0-44_S10	cellular	vOTU_011	26064	30115448	0	0.0	0.0	0.0	0.0	0
4122-0-44_S10	cellular	vOTU_012	25184	30115448	0	0.0	0.0	0.0	0.0	0
4122-0-44_S10	cellular	vOTU_013	23580	30115448	0	0.0	0.0	0.0	0.0	0
4122-0-44_S10	cellular	vOTU_014	22758	30115448	0	0.0	0.0	0.0	0.0	0
4122-0-44_S10	cellular	vOTU_015	19802	30115448	0	0.0	0.0	0.0	0.0	0
4122-0-44_S10	cellular	vOTU_016	19268	30115448	0	0.0	0.0	0.0	0.0	0
4122-0-44_S10	cellular	vOTU_017	18801	30115448	0	0.0	0.0	0.0	0.0	0
4122-0-44_S10	cellular	vOTU_018	17956	30115448	0	0.0	0.0	0.0	0.0	0
4122-0-44_S10	cellular	vOTU_019	17688	30115448	0	0.0	0.0	0.0	0.0	0
4122-0-44_S10	cellular	vOTU_020	16631	30115448	0	0.0	0.0	0.0	0.0	0
4122-0-44_S10	cellular	vOTU_021	16581	30115448	0	0.0	0.0	0.0	0.0	0
4122-0-44_S10	cellular	vOTU_022	16437	30115448	0	0.0	0.0	0.0	0.0	0
4122-0-44_S10	cellular	vOTU_023	15987	30115448	0	0.0	0.0	0.0	0.0	0
4122-0-44_S10	cellular	vOTU_024	15578	30115448	0	0.0	0.0	0.0	0.0	0
4122-0-44_S10	cellular	vOTU_025	15483	30115448	0	0.0	0.0	0.0	0.0	0
4122-0-44_S10	cellular	vOTU_026	15200	30115448	0	0.0	0.0	0.0	0.0	0
4122-0-44_S10	cellular	vOTU_027	14847	30115448	0	0.0	0.0	0.0	0.0	0
4122-0-44_S10	cellular	vOTU_028	14391	30115448	0	0.0	0.0	0.0	0.0	0
4122-0-44_S10	cellular	vOTU_029	14134	30115448	2	0.066411	0.004699	0.0081	0.81	0
4122-0-44_S10	cellular	vOTU_030	14079	30115448	0	0.0	0.0	0.0	0.0	0
4122-0-44_S10	cellular	vOTU_031	13868	30115448	0	0.0	0.0	0.0	0.0	0
4122-0-44_S10	cellular	vOTU_032	12646	30115448	0	0.0	0.0	0.0	0.0	0
4122-0-44_S10	cellular	vOTU_033	12556	30115448	0	0.0	0.0	0.0	0.0	0
4122-0-44_S10	cellular	vOTU_034	12045	30115448	0	0.0	0.0	0.0	0.0	0
4122-0-44_S10	cellular	vOTU_035	11914	30115448	2	0.066411	0.005574	0.0128	1.28	0
4122-0-44_S10	cellular	vOTU_036	11464	30115448	0	0.0	0.0	0.0	0.0	0
4122-0-44_S10	cellular	vOTU_037	11202	30115448	0	0.0	0.0	0.0	0.0	0
4122-0-44_S10	cellular	vOTU_038	11069	30115448	0	0.0	0.0	0.0	0.0	0
4122-0-44_S10	cellular	vOTU_039	10738	30115448	0	0.0	0.0	0.0	0.0	0
4122-0-44_S10	cellular	vOTU_040	10734	30115448	0	0.0	0.0	0.0	0.0	0
4122-0-44_S10	cellular	vOTU_041	10621	30115448	0	0.0	0.0	0.0	0.0	0
4122-0-44_S10	cellular	vOTU_042	9843	30115448	0	0.0	0.0	0.0	0.0	0
4122-0-44_S10	cellular	vOTU_043	9642	30115448	0	0.0	0.0	0.0	0.0	0
4122-0-44_S10	cellular	vOTU_044	9638	30115448	8	0.265644	0.027562	0.0832	8.32	0
4122-0-44_S10	cellular	vOTU_045	9606	30115448	0	0.0	0.0	0.0	0.0	0
4122-0-44_S10	cellular	vOTU_046	9378	30115448	0	0.0	0.0	0.0	0.0	0
4122-0-44_S10	cellular	vOTU_047	9348	30115448	0	0.0	0.0	0.0	0.0	0
4122-0-44_S10	cellular	vOTU_048	9323	30115448	0	0.0	0.0	0.0	0.0	0
4122-0-44_S10	cellular	vOTU_049	9268	30115448	0	0.0	0.0	0.0	0.0	0
4122-0-44_S10	cellular	vOTU_050	9111	30115448	0	0.0	0.0	0.0	0.0	0
4122-0-44_S10	cellular	vOTU_051	8783	30115448	0	0.0	0.0	0.0	0.0	0
4122-0-44_S10	cellular	vOTU_052	8539	30115448	0	0.0	0.0	0.0	0.0	0
4122-0-44_S10	cellular	vOTU_053	8224	30115448	2	0.066411	0.008075	0.0197	1.97	0
4122-0-44_S10	cellular	vOTU_054	8212	30115448	0	0.0	0.0	0.0	0.0	0
4122-0-44_S10	cellular	vOTU_055	8169	30115448	0	0.0	0.0	0.0	0.0	0
4122-0-44_S10	cellular	vOTU_056	8069	30115448	0	0.0	0.0	0.0	0.0	0
4122-0-44_S10	cellular	vOTU_057	8036	30115448	0	0.0	0.0	0.0	0.0	0
4122-0-44_S10	cellular	vOTU_058	7879	30115448	2	0.066411	0.008429	0.0096	0.96	0
4122-0-44_S10	cellular	vOTU_059	7727	30115448	0	0.0	0.0	0.0	0.0	0
4122-0-44_S10	cellular	vOTU_060	7593	30115448	0	0.0	0.0	0.0	0.0	0
4122-0-44_S10	cellular	vOTU_061	7573	30115448	0	0.0	0.0	0.0	0.0	0
4122-0-44_S10	cellular	vOTU_062	7457	30115448	8	0.265644	0.035623	0.1247	12.44	0
4122-0-44_S10	cellular	vOTU_063	7352	30115448	0	0.0	0.0	0.0	0.0	0
4122-0-44_S10	cellular	vOTU_064	7348	30115448	0	0.0	0.0	0.0	0.0	0
4122-0-44_S10	cellular	vOTU_065	7312	30115448	0	0.0	0.0	0.0	0.0	0
4122-0-44_S10	cellular	vOTU_066	7142	30115448	0	0.0	0.0	0.0	0.0	0
4122-0-44_S10	cellular	vOTU_067	7007	30115448	0	0.0	0.0	0.0	0.0	0
4122-0-44_S10	cellular	vOTU_068	7001	30115448	0	0.0	0.0	0.0	0.0	0
4122-0-44_S10	cellular	vOTU_069	6406	30115448	0	0.0	0.0	0.0	0.0	0
4122-0-44_S10	cellular	vOTU_070	6405	30115448	0	0.0	0.0	0.0	0.0	0
4122-0-44_S10	cellular	vOTU_071	6393	30115448	2	0.066411	0.010388	0.026	2.6	0
4122-0-44_S10	cellular	vOTU_072	6246	30115448	0	0.0	0.0	0.0	0.0	0
4122-0-44_S10	cellular	vOTU_073	6209	30115448	0	0.0	0.0	0.0	0.0	0
4122-0-44_S10	cellular	vOTU_074	6183	30115448	0	0.0	0.0	0.0	0.0	0
4122-0-44_S10	cellular	vOTU_075	6100	30115448	0	0.0	0.0	0.0	0.0	0
4122-0-44_S10	cellular	vOTU_076	5969	30115448	4	0.132822	0.022252	0.0863	8.63	0
4122-0-44_S10	cellular	vOTU_077	5967	30115448	0	0.0	0.0	0.0	0.0	0
4122-0-44_S10	cellular	vOTU_078	5886	30115448	0	0.0	0.0	0.0	0.0	0
4122-0-44_S10	cellular	vOTU_079	5800	30115448	0	0.0	0.0	0.0	0.0	0
4122-0-44_S10	cellular	vOTU_080	5760	30115448	0	0.0	0.0	0.0	0.0	0
4122-0-44_S10	cellular	vOTU_081	5722	30115448	0	0.0	0.0	0.0	0.0	0
4122-0-44_S10	cellular	vOTU_082	5702	30115448	2	0.066411	0.011647	0.0405	4.05	0
4122-0-44_S10	cellular	vOTU_083	5669	30115448	0	0.0	0.0	0.0	0.0	0
4122-0-44_S10	cellular	vOTU_084	5652	30115448	0	0.0	0.0	0.0	0.0	0
4122-0-44_S10	cellular	vOTU_085	5590	30115448	0	0.0	0.0	0.0	0.0	0
4122-0-44_S10	cellular	vOTU_086	5415	30115448	3	0.099617	0.018396	0.0752	7.52	0
4122-0-44_S10	cellular	vOTU_087	5403	30115448	0	0.0	0.0	0.0	0.0	0
4122-0-44_S10	cellular	vOTU_088	5394	30115448	0	0.0	0.0	0.0	0.0	0
4122-0-44_S10	cellular	vOTU_089	5381	30115448	0	0.0	0.0	0.0	0.0	0
4122-0-44_S10	cellular	vOTU_090	5341	30115448	0	0.0	0.0	0.0	0.0	0
4122-0-44_S10	cellular	vOTU_091	5275	30115448	0	0.0	0.0	0.0	0.0	0
4122-0-44_S10	cellular	vOTU_092	5235	30115448	0	0.0	0.0	0.0	0.0	0
4122-0-44_S10	cellular	vOTU_093	5204	30115448	0	0.0	0.0	0.0	0.0	0
4122-0-44_S10	cellular	vOTU_094	5194	30115448	0	0.0	0.0	0.0	0.0	0
4122-0-44_S10	cellular	vOTU_095	5169	30115448	0	0.0	0.0	0.0	0.0	0
4122-0-44_S10	cellular	vOTU_096	5135	30115448	0	0.0	0.0	0.0	0.0	0
4122-0-44_S10	cellular	vOTU_097	5093	30115448	0	0.0	0.0	0.0	0.0	0
4125-0-22_S17	cellular	vOTU_001	43643	4130804	0	0.0	0.0	0.0	0.0	0
4125-0-22_S17	cellular	vOTU_002	43474	4130804	0	0.0	0.0	0.0	0.0	0
4125-0-22_S17	cellular	vOTU_003	42130	4130804	0	0.0	0.0	0.0	0.0	0
4125-0-22_S17	cellular	vOTU_004	40752	4130804	4	0.968334	0.023762	0.0093	0.93	0
4125-0-22_S17	cellular	vOTU_005	39533	4130804	2	0.484167	0.012247	0.0032	0.32	0
4125-0-22_S17	cellular	vOTU_006	39529	4130804	0	0.0	0.0	0.0	0.0	0
4125-0-22_S17	cellular	vOTU_007	39259	4130804	0	0.0	0.0	0.0	0.0	0
4125-0-22_S17	cellular	vOTU_008	36032	4130804	2	0.484167	0.013437	0.005	0.5	0
4125-0-22_S17	cellular	vOTU_009	27200	4130804	2	0.484167	0.0178	0.0063	0.62	0
4125-0-22_S17	cellular	vOTU_010	26567	4130804	0	0.0	0.0	0.0	0.0	0
4125-0-22_S17	cellular	vOTU_011	26064	4130804	0	0.0	0.0	0.0	0.0	0
4125-0-22_S17	cellular	vOTU_012	25184	4130804	0	0.0	0.0	0.0	0.0	0
4125-0-22_S17	cellular	vOTU_013	23580	4130804	0	0.0	0.0	0.0	0.0	0
4125-0-22_S17	cellular	vOTU_014	22758	4130804	0	0.0	0.0	0.0	0.0	0
4125-0-22_S17	cellular	vOTU_015	19802	4130804	0	0.0	0.0	0.0	0.0	0
4125-0-22_S17	cellular	vOTU_016	19268	4130804	0	0.0	0.0	0.0	0.0	0
4125-0-22_S17	cellular	vOTU_017	18801	4130804	0	0.0	0.0	0.0	0.0	0
4125-0-22_S17	cellular	vOTU_018	17956	4130804	0	0.0	0.0	0.0	0.0	0
4125-0-22_S17	cellular	vOTU_019	17688	4130804	0	0.0	0.0	0.0	0.0	0
4125-0-22_S17	cellular	vOTU_020	16631	4130804	0	0.0	0.0	0.0	0.0	0
4125-0-22_S17	cellular	vOTU_021	16581	4130804	0	0.0	0.0	0.0	0.0	0
4125-0-22_S17	cellular	vOTU_022	16437	4130804	0	0.0	0.0	0.0	0.0	0
4125-0-22_S17	cellular	vOTU_023	15987	4130804	0	0.0	0.0	0.0	0.0	0
4125-0-22_S17	cellular	vOTU_024	15578	4130804	0	0.0	0.0	0.0	0.0	0
4125-0-22_S17	cellular	vOTU_025	15483	4130804	0	0.0	0.0	0.0	0.0	0
4125-0-22_S17	cellular	vOTU_026	15200	4130804	0	0.0	0.0	0.0	0.0	0
4125-0-22_S17	cellular	vOTU_027	14847	4130804	0	0.0	0.0	0.0	0.0	0
4125-0-22_S17	cellular	vOTU_028	14391	4130804	0	0.0	0.0	0.0	0.0	0
4125-0-22_S17	cellular	vOTU_029	14134	4130804	2	0.484167	0.034256	0.0204	2.04	0
4125-0-22_S17	cellular	vOTU_030	14079	4130804	0	0.0	0.0	0.0	0.0	0
4125-0-22_S17	cellular	vOTU_031	13868	4130804	0	0.0	0.0	0.0	0.0	0
4125-0-22_S17	cellular	vOTU_032	12646	4130804	0	0.0	0.0	0.0	0.0	0
4125-0-22_S17	cellular	vOTU_033	12556	4130804	0	0.0	0.0	0.0	0.0	0
4125-0-22_S17	cellular	vOTU_034	12045	4130804	0	0.0	0.0	0.0	0.0	0
4125-0-22_S17	cellular	vOTU_035	11914	4130804	2	0.484167	0.040639	0.0161	1.61	0
4125-0-22_S17	cellular	vOTU_036	11464	4130804	0	0.0	0.0	0.0	0.0	0
4125-0-22_S17	cellular	vOTU_037	11202	4130804	0	0.0	0.0	0.0	0.0	0
4125-0-22_S17	cellular	vOTU_038	11069	4130804	0	0.0	0.0	0.0	0.0	0
4125-0-22_S17	cellular	vOTU_039	10738	4130804	2	0.484167	0.045089	0.0141	1.41	0
4125-0-22_S17	cellular	vOTU_040	10734	4130804	0	0.0	0.0	0.0	0.0	0
4125-0-22_S17	cellular	vOTU_041	10621	4130804	0	0.0	0.0	0.0	0.0	0
4125-0-22_S17	cellular	vOTU_042	9843	4130804	0	0.0	0.0	0.0	0.0	0
4125-0-22_S17	cellular	vOTU_043	9642	4130804	0	0.0	0.0	0.0	0.0	0
4125-0-22_S17	cellular	vOTU_044	9638	4130804	4	0.968334	0.10047	0.054	2.73	0
4125-0-22_S17	cellular	vOTU_045	9606	4130804	0	0.0	0.0	0.0	0.0	0
4125-0-22_S17	cellular	vOTU_046	9378	4130804	0	0.0	0.0	0.0	0.0	0
4125-0-22_S17	cellular	vOTU_047	9348	4130804	0	0.0	0.0	0.0	0.0	0
4125-0-22_S17	cellular	vOTU_048	9323	4130804	0	0.0	0.0	0.0	0.0	0
4125-0-22_S17	cellular	vOTU_049	9268	4130804	0	0.0	0.0	0.0	0.0	0
4125-0-22_S17	cellular	vOTU_050	9111	4130804	0	0.0	0.0	0.0	0.0	0
4125-0-22_S17	cellular	vOTU_051	8783	4130804	0	0.0	0.0	0.0	0.0	0
4125-0-22_S17	cellular	vOTU_052	8539	4130804	0	0.0	0.0	0.0	0.0	0
4125-0-22_S17	cellular	vOTU_053	8224	4130804	0	0.0	0.0	0.0	0.0	0
4125-0-22_S17	cellular	vOTU_054	8212	4130804	0	0.0	0.0	0.0	0.0	0
4125-0-22_S17	cellular	vOTU_055	8169	4130804	0	0.0	0.0	0.0	0.0	0
4125-0-22_S17	cellular	vOTU_056	8069	4130804	0	0.0	0.0	0.0	0.0	0
4125-0-22_S17	cellular	vOTU_057	8036	4130804	0	0.0	0.0	0.0	0.0	0
4125-0-22_S17	cellular	vOTU_058	7879	4130804	0	0.0	0.0	0.0	0.0	0
4125-0-22_S17	cellular	vOTU_059	7727	4130804	0	0.0	0.0	0.0	0.0	0
4125-0-22_S17	cellular	vOTU_060	7593	4130804	0	0.0	0.0	0.0	0.0	0
4125-0-22_S17	cellular	vOTU_061	7573	4130804	0	0.0	0.0	0.0	0.0	0
4125-0-22_S17	cellular	vOTU_062	7457	4130804	0	0.0	0.0	0.0	0.0	0
4125-0-22_S17	cellular	vOTU_063	7352	4130804	0	0.0	0.0	0.0	0.0	0
4125-0-22_S17	cellular	vOTU_064	7348	4130804	0	0.0	0.0	0.0	0.0	0
4125-0-22_S17	cellular	vOTU_065	7312	4130804	0	0.0	0.0	0.0	0.0	0
4125-0-22_S17	cellular	vOTU_066	7142	4130804	0	0.0	0.0	0.0	0.0	0
4125-0-22_S17	cellular	vOTU_067	7007	4130804	0	0.0	0.0	0.0	0.0	0
4125-0-22_S17	cellular	vOTU_068	7001	4130804	4	0.968334	0.138314	0.0433	4.33	0
4125-0-22_S17	cellular	vOTU_069	6406	4130804	0	0.0	0.0	0.0	0.0	0
4125-0-22_S17	cellular	vOTU_070	6405	4130804	0	0.0	0.0	0.0	0.0	0
4125-0-22_S17	cellular	vOTU_071	6393	4130804	4	0.968334	0.151468	0.0766	7.66	0
4125-0-22_S17	cellular	vOTU_072	6246	4130804	0	0.0	0.0	0.0	0.0	0
4125-0-22_S17	cellular	vOTU_073	6209	4130804	0	0.0	0.0	0.0	0.0	0
4125-0-22_S17	cellular	vOTU_074	6183	4130804	0	0.0	0.0	0.0	0.0	0
4125-0-22_S17	cellular	vOTU_075	6100	4130804	2	0.484167	0.079372	0.0433	4.33	0
4125-0-22_S17	cellular	vOTU_076	5969	4130804	0	0.0	0.0	0.0	0.0	0
4125-0-22_S17	cellular	vOTU_077	5967	4130804	0	0.0	0.0	0.0	0.0	0
4125-0-22_S17	cellular	vOTU_078	5886	4130804	0	0.0	0.0	0.0	0.0	0
4125-0-22_S17	cellular	vOTU_079	5800	4130804	0	0.0	0.0	0.0	0.0	0
4125-0-22_S17	cellular	vOTU_080	5760	4130804	0	0.0	0.0	0.0	0.0	0
4125-0-22_S17	cellular	vOTU_081	5722	4130804	0	0.0	0.0	0.0	0.0	0
4125-0-22_S17	cellular	vOTU_082	5702	4130804	0	0.0	0.0	0.0	0.0	0
4125-0-22_S17	cellular	vOTU_083	5669	4130804	0	0.0	0.0	0.0	0.0	0
4125-0-22_S17	cellular	vOTU_084	5652	4130804	0	0.0	0.0	0.0	0.0	0
4125-0-22_S17	cellular	vOTU_085	5590	4130804	0	0.0	0.0	0.0	0.0	0
4125-0-22_S17	cellular	vOTU_086	5415	4130804	0	0.0	0.0	0.0	0.0	0
4125-0-22_S17	cellular	vOTU_087	5403	4130804	0	0.0	0.0	0.0	0.0	0
4125-0-22_S17	cellular	vOTU_088	5394	4130804	0	0.0	0.0	0.0	0.0	0
4125-0-22_S17	cellular	vOTU_089	5381	4130804	0	0.0	0.0	0.0	0.0	0
4125-0-22_S17	cellular	vOTU_090	5341	4130804	0	0.0	0.0	0.0	0.0	0
4125-0-22_S17	cellular	vOTU_091	5275	4130804	0	0.0	0.0	0.0	0.0	0
4125-0-22_S17	cellular	vOTU_092	5235	4130804	0	0.0	0.0	0.0	0.0	0
4125-0-22_S17	cellular	vOTU_093	5204	4130804	1	0.242084	0.046519	0.0286	2.86	0
4125-0-22_S17	cellular	vOTU_094	5194	4130804	0	0.0	0.0	0.0	0.0	0
4125-0-22_S17	cellular	vOTU_095	5169	4130804	0	0.0	0.0	0.0	0.0	0
4125-0-22_S17	cellular	vOTU_096	5135	4130804	0	0.0	0.0	0.0	0.0	0
4125-0-22_S17	cellular	vOTU_097	5093	4130804	0	0.0	0.0	0.0	0.0	0
4125-0-44_S16	cellular	vOTU_001	43643	19880220	0	0.0	0.0	0.0	0.0	0
4125-0-44_S16	cellular	vOTU_002	43474	19880220	0	0.0	0.0	0.0	0.0	0
4125-0-44_S16	cellular	vOTU_003	42130	19880220	0	0.0	0.0	0.0	0.0	0
4125-0-44_S16	cellular	vOTU_004	40752	19880220	70	3.521088	0.086403	0.1812	16.01	0
4125-0-44_S16	cellular	vOTU_005	39533	19880220	24	1.20723	0.030537	0.0635	5.15	0
4125-0-44_S16	cellular	vOTU_006	39529	19880220	4	0.201205	0.00509	0.0122	0.62	0
4125-0-44_S16	cellular	vOTU_007	39259	19880220	6	0.301808	0.007688	0.0134	1.34	0
4125-0-44_S16	cellular	vOTU_008	36032	19880220	10	0.503013	0.01396	0.0239	2.33	0
4125-0-44_S16	cellular	vOTU_009	27200	19880220	378	19.013874	0.699039	1.4695	69.17	0
4125-0-44_S16	cellular	vOTU_010	26567	19880220	0	0.0	0.0	0.0	0.0	0
4125-0-44_S16	cellular	vOTU_011	26064	19880220	7	0.352109	0.013509	0.0264	0.94	0
4125-0-44_S16	cellular	vOTU_012	25184	19880220	0	0.0	0.0	0.0	0.0	0
4125-0-44_S16	cellular	vOTU_013	23580	19880220	0	0.0	0.0	0.0	0.0	0
4125-0-44_S16	cellular	vOTU_014	22758	19880220	20	1.006025	0.044205	0.0784	6.31	0
4125-0-44_S16	cellular	vOTU_015	19802	19880220	0	0.0	0.0	0.0	0.0	0
4125-0-44_S16	cellular	vOTU_016	19268	19880220	0	0.0	0.0	0.0	0.0	0
4125-0-44_S16	cellular	vOTU_017	18801	19880220	0	0.0	0.0	0.0	0.0	0
4125-0-44_S16	cellular	vOTU_018	17956	19880220	2	0.100603	0.005603	0.0084	0.84	0
4125-0-44_S16	cellular	vOTU_019	17688	19880220	0	0.0	0.0	0.0	0.0	0
4125-0-44_S16	cellular	vOTU_020	16631	19880220	0	0.0	0.0	0.0	0.0	0
4125-0-44_S16	cellular	vOTU_021	16581	19880220	0	0.0	0.0	0.0	0.0	0
4125-0-44_S16	cellular	vOTU_022	16437	19880220	0	0.0	0.0	0.0	0.0	0
4125-0-44_S16	cellular	vOTU_023	15987	19880220	2	0.100603	0.006293	0.0064	0.64	0
4125-0-44_S16	cellular	vOTU_024	15578	19880220	0	0.0	0.0	0.0	0.0	0
4125-0-44_S16	cellular	vOTU_025	15483	19880220	0	0.0	0.0	0.0	0.0	0
4125-0-44_S16	cellular	vOTU_026	15200	19880220	8	0.40241	0.026474	0.0371	3.71	0
4125-0-44_S16	cellular	vOTU_027	14847	19880220	4	0.201205	0.013552	0.0249	2.36	0
4125-0-44_S16	cellular	vOTU_028	14391	19880220	0	0.0	0.0	0.0	0.0	0
4125-0-44_S16	cellular	vOTU_029	14134	19880220	40	2.01205	0.142355	0.3228	27.01	0
4125-0-44_S16	cellular	vOTU_030	14079	19880220	0	0.0	0.0	0.0	0.0	0
4125-0-44_S16	cellular	vOTU_031	13868	19880220	4	0.201205	0.014509	0.0325	2.32	0
4125-0-44_S16	cellular	vOTU_032	12646	19880220	0	0.0	0.0	0.0	0.0	0
4125-0-44_S16	cellular	vOTU_033	12556	19880220	0	0.0	0.0	0.0	0.0	0
4125-0-44_S16	cellular	vOTU_034	12045	19880220	0	0.0	0.0	0.0	0.0	0
4125-0-44_S16	cellular	vOTU_035	11914	19880220	328	16.498811	1.384826	2.6979	43.04	0
4125-0-44_S16	cellular	vOTU_036	11464	19880220	0	0.0	0.0	0.0	0.0	0
4125-0-44_S16	cellular	vOTU_037	11202	19880220	0	0.0	0.0	0.0	0.0	0
4125-0-44_S16	cellular	vOTU_038	11069	19880220	2	0.100603	0.009089	0.0102	1.02	0
4125-0-44_S16	cellular	vOTU_039	10738	19880220	6	0.301808	0.028106	0.0335	3.35	0
4125-0-44_S16	cellular	vOTU_040	10734	19880220	0	0.0	0.0	0.0	0.0	0
4125-0-44_S16	cellular	vOTU_041	10621	19880220	0	0.0	0.0	0.0	0.0	0
4125-0-44_S16	cellular	vOTU_042	9843	19880220	10	0.503013	0.051104	0.112	11.2	0
4125-0-44_S16	cellular	vOTU_043	9642	19880220	0	0.0	0.0	0.0	0.0	0
4125-0-44_S16	cellular	vOTU_044	9638	19880220	356	17.907246	1.857984	3.8846	34.35	0
4125-0-44_S16	cellular	vOTU_045	9606	19880220	0	0.0	0.0	0.0	0.0	0
4125-0-44_S16	cellular	vOTU_046	9378	19880220	0	0.0	0.0	0.0	0.0	0
4125-0-44_S16	cellular	vOTU_047	9348	19880220	0	0.0	0.0	0.0	0.0	0
4125-0-44_S16	cellular	vOTU_048	9323	19880220	0	0.0	0.0	0.0	0.0	0
4125-0-44_S16	cellular	vOTU_049	9268	19880220	0	0.0	0.0	0.0	0.0	0
4125-0-44_S16	cellular	vOTU_050	9111	19880220	0	0.0	0.0	0.0	0.0	0
4125-0-44_S16	cellular	vOTU_051	8783	19880220	0	0.0	0.0	0.0	0.0	0
4125-0-44_S16	cellular	vOTU_052	8539	19880220	0	0.0	0.0	0.0	0.0	0
4125-0-44_S16	cellular	vOTU_053	8224	19880220	79	3.973799	0.483195	0.9222	58.23	0
4125-0-44_S16	cellular	vOTU_054	8212	19880220	0	0.0	0.0	0.0	0.0	0
4125-0-44_S16	cellular	vOTU_055	8169	19880220	0	0.0	0.0	0.0	0.0	0
4125-0-44_S16	cellular	vOTU_056	8069	19880220	0	0.0	0.0	0.0	0.0	0
4125-0-44_S16	cellular	vOTU_057	8036	19880220	0	0.0	0.0	0.0	0.0	0
4125-0-44_S16	cellular	vOTU_058	7879	19880220	55	2.766569	0.351132	0.7	47.25	0
4125-0-44_S16	cellular	vOTU_059	7727	19880220	0	0.0	0.0	0.0	0.0	0
4125-0-44_S16	cellular	vOTU_060	7593	19880220	0	0.0	0.0	0.0	0.0	0
4125-0-44_S16	cellular	vOTU_061	7573	19880220	50	2.515063	0.332109	0.6503	31.37	0
4125-0-44_S16	cellular	vOTU_062	7457	19880220	405	20.372008	2.731931	5.5765	98.55	1
4125-0-44_S16	cellular	vOTU_063	7352	19880220	0	0.0	0.0	0.0	0.0	0
4125-0-44_S16	cellular	vOTU_064	7348	19880220	0	0.0	0.0	0.0	0.0	0
4125-0-44_S16	cellular	vOTU_065	7312	19880220	0	0.0	0.0	0.0	0.0	0
4125-0-44_S16	cellular	vOTU_066	7142	19880220	0	0.0	0.0	0.0	0.0	0
4125-0-44_S16	cellular	vOTU_067	7007	19880220	1	0.050301	0.007179	0.0214	2.14	0
4125-0-44_S16	cellular	vOTU_068	7001	19880220	28	1.408435	0.201176	0.4207	31.21	0
4125-0-44_S16	cellular	vOTU_069	6406	19880220	2	0.100603	0.015704	0.0293	2.93	0
4125-0-44_S16	cellular	vOTU_070	6405	19880220	0	0.0	0.0	0.0	0.0	0
4125-0-44_S16	cellular	vOTU_071	6393	19880220	398	20.019899	3.131534	6.5429	96.46	1
4125-0-44_S16	cellular	vOTU_072	6246	19880220	8	0.40241	0.064427	0.135	13.5	0
4125-0-44_S16	cellular	vOTU_073	6209	19880220	2	0.100603	0.016203	0.0319	3.19	0
4125-0-44_S16	cellular	vOTU_074	6183	19880220	0	0.0	0.0	0.0	0.0	0
4125-0-44_S16	cellular	vOTU_075	6100	19880220	4	0.201205	0.032984	0.0938	9.38	0
4125-0-44_S16	cellular	vOTU_076	5969	19880220	2	0.100603	0.016854	0.041	4.1	0
4125-0-44_S16	cellular	vOTU_077	5967	19880220	34	1.710243	0.286617	0.6504	39.25	0
4125-0-44_S16	cellular	vOTU_078	5886	19880220	0	0.0	0.0	0.0	0.0	0
4125-0-44_S16	cellular	vOTU_079	5800	19880220	15	0.754519	0.130089	0.2722	21.12	0
4125-0-44_S16	cellular	vOTU_080	5760	19880220	2	0.100603	0.017466	0.0351	3.51	0
4125-0-44_S16	cellular	vOTU_081	5722	19880220	0	0.0	0.0	0.0	0.0	0
4125-0-44_S16	cellular	vOTU_082	5702	19880220	15	0.754519	0.132325	0.2924	26.06	0
4125-0-44_S16	cellular	vOTU_083	5669	19880220	0	0.0	0.0	0.0	0.0	0
4125-0-44_S16	cellular	vOTU_084	5652	19880220	0	0.0	0.0	0.0	0.0	0
4125-0-44_S16	cellular	vOTU_085	5590	19880220	0	0.0	0.0	0.0	0.0	0
4125-0-44_S16	cellular	vOTU_086	5415	19880220	64	3.21928	0.594512	1.2755	72.58	0
4125-0-44_S16	cellular	vOTU_087	5403	19880220	0	0.0	0.0	0.0	0.0	0
4125-0-44_S16	cellular	vOTU_088	5394	19880220	0	0.0	0.0	0.0	0.0	0
4125-0-44_S16	cellular	vOTU_089	5381	19880220	0	0.0	0.0	0.0	0.0	0
4125-0-44_S16	cellular	vOTU_090	5341	19880220	0	0.0	0.0	0.0	0.0	0
4125-0-44_S16	cellular	vOTU_091	5275	19880220	0	0.0	0.0	0.0	0.0	0
4125-0-44_S16	cellular	vOTU_092	5235	19880220	0	0.0	0.0	0.0	0.0	0
4125-0-44_S16	cellular	vOTU_093	5204	19880220	39	1.961749	0.376969	0.7594	36.63	0
4125-0-44_S16	cellular	vOTU_094	5194	19880220	0	0.0	0.0	0.0	0.0	0
4125-0-44_S16	cellular	vOTU_095	5169	19880220	0	0.0	0.0	0.0	0.0	0
4125-0-44_S16	cellular	vOTU_096	5135	19880220	0	0.0	0.0	0.0	0.0	0
4125-0-44_S16	cellular	vOTU_097	5093	19880220	8	0.40241	0.079012	0.1671	13.37	0
4128-0-22_S28	cellular	vOTU_001	43643	1001786	0	0.0	0.0	0.0	0.0	0
4128-0-22_S28	cellular	vOTU_002	43474	1001786	0	0.0	0.0	0.0	0.0	0
4128-0-22_S28	cellular	vOTU_003	42130	1001786	0	0.0	0.0	0.0	0.0	0
4128-0-22_S28	cellular	vOTU_004	40752	1001786	0	0.0	0.0	0.0	0.0	0
4128-0-22_S28	cellular	vOTU_005	39533	1001786	0	0.0	0.0	0.0	0.0	0
4128-0-22_S28	cellular	vOTU_006	39529	1001786	0	0.0	0.0	0.0	0.0	0
4128-0-22_S28	cellular	vOTU_007	39259	1001786	0	0.0	0.0	0.0	0.0	0
4128-0-22_S28	cellular	vOTU_008	36032	1001786	0	0.0	0.0	0.0	0.0	0
4128-0-22_S28	cellular	vOTU_009	27200	1001786	0	0.0	0.0	0.0	0.0	0
4128-0-22_S28	cellular	vOTU_010	26567	1001786	0	0.0	0.0	0.0	0.0	0
4128-0-22_S28	cellular	vOTU_011	26064	1001786	0	0.0	0.0	0.0	0.0	0
4128-0-22_S28	cellular	vOTU_012	25184	1001786	0	0.0	0.0	0.0	0.0	0
4128-0-22_S28	cellular	vOTU_013	23580	1001786	0	0.0	0.0	0.0	0.0	0
4128-0-22_S28	cellular	vOTU_014	22758	1001786	0	0.0	0.0	0.0	0.0	0
4128-0-22_S28	cellular	vOTU_015	19802	1001786	0	0.0	0.0	0.0	0.0	0
4128-0-22_S28	cellular	vOTU_016	19268	1001786	0	0.0	0.0	0.0	0.0	0
4128-0-22_S28	cellular	vOTU_017	18801	1001786	0	0.0	0.0	0.0	0.0	0
4128-0-22_S28	cellular	vOTU_018	17956	1001786	0	0.0	0.0	0.0	0.0	0
4128-0-22_S28	cellular	vOTU_019	17688	1001786	0	0.0	0.0	0.0	0.0	0
4128-0-22_S28	cellular	vOTU_020	16631	1001786	0	0.0	0.0	0.0	0.0	0
4128-0-22_S28	cellular	vOTU_021	16581	1001786	0	0.0	0.0	0.0	0.0	0
4128-0-22_S28	cellular	vOTU_022	16437	1001786	0	0.0	0.0	0.0	0.0	0
4128-0-22_S28	cellular	vOTU_023	15987	1001786	0	0.0	0.0	0.0	0.0	0
4128-0-22_S28	cellular	vOTU_024	15578	1001786	0	0.0	0.0	0.0	0.0	0
4128-0-22_S28	cellular	vOTU_025	15483	1001786	0	0.0	0.0	0.0	0.0	0
4128-0-22_S28	cellular	vOTU_026	15200	1001786	0	0.0	0.0	0.0	0.0	0
4128-0-22_S28	cellular	vOTU_027	14847	1001786	0	0.0	0.0	0.0	0.0	0
4128-0-22_S28	cellular	vOTU_028	14391	1001786	0	0.0	0.0	0.0	0.0	0
4128-0-22_S28	cellular	vOTU_029	14134	1001786	0	0.0	0.0	0.0	0.0	0
4128-0-22_S28	cellular	vOTU_030	14079	1001786	0	0.0	0.0	0.0	0.0	0
4128-0-22_S28	cellular	vOTU_031	13868	1001786	0	0.0	0.0	0.0	0.0	0
4128-0-22_S28	cellular	vOTU_032	12646	1001786	0	0.0	0.0	0.0	0.0	0
4128-0-22_S28	cellular	vOTU_033	12556	1001786	0	0.0	0.0	0.0	0.0	0
4128-0-22_S28	cellular	vOTU_034	12045	1001786	0	0.0	0.0	0.0	0.0	0
4128-0-22_S28	cellular	vOTU_035	11914	1001786	1	0.998217	0.083785	0.0124	1.24	0
4128-0-22_S28	cellular	vOTU_036	11464	1001786	0	0.0	0.0	0.0	0.0	0
4128-0-22_S28	cellular	vOTU_037	11202	1001786	0	0.0	0.0	0.0	0.0	0
4128-0-22_S28	cellular	vOTU_038	11069	1001786	0	0.0	0.0	0.0	0.0	0
4128-0-22_S28	cellular	vOTU_039	10738	1001786	0	0.0	0.0	0.0	0.0	0
4128-0-22_S28	cellular	vOTU_040	10734	1001786	0	0.0	0.0	0.0	0.0	0
4128-0-22_S28	cellular	vOTU_041	10621	1001786	0	0.0	0.0	0.0	0.0	0
4128-0-22_S28	cellular	vOTU_042	9843	1001786	0	0.0	0.0	0.0	0.0	0
4128-0-22_S28	cellular	vOTU_043	9642	1001786	0	0.0	0.0	0.0	0.0	0
4128-0-22_S28	cellular	vOTU_044	9638	1001786	2	1.996434	0.207142	0.0298	2.98	0
4128-0-22_S28	cellular	vOTU_045	9606	1001786	0	0.0	0.0	0.0	0.0	0
4128-0-22_S28	cellular	vOTU_046	9378	1001786	0	0.0	0.0	0.0	0.0	0
4128-0-22_S28	cellular	vOTU_047	9348	1001786	0	0.0	0.0	0.0	0.0	0
4128-0-22_S28	cellular	vOTU_048	9323	1001786	0	0.0	0.0	0.0	0.0	0
4128-0-22_S28	cellular	vOTU_049	9268	1001786	0	0.0	0.0	0.0	0.0	0
4128-0-22_S28	cellular	vOTU_050	9111	1001786	0	0.0	0.0	0.0	0.0	0
4128-0-22_S28	cellular	vOTU_051	8783	1001786	0	0.0	0.0	0.0	0.0	0
4128-0-22_S28	cellular	vOTU_052	8539	1001786	0	0.0	0.0	0.0	0.0	0
4128-0-22_S28	cellular	vOTU_053	8224	1001786	0	0.0	0.0	0.0	0.0	0
4128-0-22_S28	cellular	vOTU_054	8212	1001786	0	0.0	0.0	0.0	0.0	0
4128-0-22_S28	cellular	vOTU_055	8169	1001786	0	0.0	0.0	0.0	0.0	0
4128-0-22_S28	cellular	vOTU_056	8069	1001786	0	0.0	0.0	0.0	0.0	0
4128-0-22_S28	cellular	vOTU_057	8036	1001786	0	0.0	0.0	0.0	0.0	0
4128-0-22_S28	cellular	vOTU_058	7879	1001786	0	0.0	0.0	0.0	0.0	0
4128-0-22_S28	cellular	vOTU_059	7727	1001786	0	0.0	0.0	0.0	0.0	0
4128-0-22_S28	cellular	vOTU_060	7593	1001786	0	0.0	0.0	0.0	0.0	0
4128-0-22_S28	cellular	vOTU_061	7573	1001786	0	0.0	0.0	0.0	0.0	0
4128-0-22_S28	cellular	vOTU_062	7457	1001786	0	0.0	0.0	0.0	0.0	0
4128-0-22_S28	cellular	vOTU_063	7352	1001786	0	0.0	0.0	0.0	0.0	0
4128-0-22_S28	cellular	vOTU_064	7348	1001786	0	0.0	0.0	0.0	0.0	0
4128-0-22_S28	cellular	vOTU_065	7312	1001786	0	0.0	0.0	0.0	0.0	0
4128-0-22_S28	cellular	vOTU_066	7142	1001786	0	0.0	0.0	0.0	0.0	0
4128-0-22_S28	cellular	vOTU_067	7007	1001786	0	0.0	0.0	0.0	0.0	0
4128-0-22_S28	cellular	vOTU_068	7001	1001786	0	0.0	0.0	0.0	0.0	0
4128-0-22_S28	cellular	vOTU_069	6406	1001786	0	0.0	0.0	0.0	0.0	0
4128-0-22_S28	cellular	vOTU_070	6405	1001786	0	0.0	0.0	0.0	0.0	0
4128-0-22_S28	cellular	vOTU_071	6393	1001786	0	0.0	0.0	0.0	0.0	0
4128-0-22_S28	cellular	vOTU_072	6246	1001786	0	0.0	0.0	0.0	0.0	0
4128-0-22_S28	cellular	vOTU_073	6209	1001786	0	0.0	0.0	0.0	0.0	0
4128-0-22_S28	cellular	vOTU_074	6183	1001786	0	0.0	0.0	0.0	0.0	0
4128-0-22_S28	cellular	vOTU_075	6100	1001786	0	0.0	0.0	0.0	0.0	0
4128-0-22_S28	cellular	vOTU_076	5969	1001786	14	13.975041	2.34127	0.2831	24.71	0
4128-0-22_S28	cellular	vOTU_077	5967	1001786	0	0.0	0.0	0.0	0.0	0
4128-0-22_S28	cellular	vOTU_078	5886	1001786	0	0.0	0.0	0.0	0.0	0
4128-0-22_S28	cellular	vOTU_079	5800	1001786	0	0.0	0.0	0.0	0.0	0
4128-0-22_S28	cellular	vOTU_080	5760	1001786	0	0.0	0.0	0.0	0.0	0
4128-0-22_S28	cellular	vOTU_081	5722	1001786	0	0.0	0.0	0.0	0.0	0
4128-0-22_S28	cellular	vOTU_082	5702	1001786	0	0.0	0.0	0.0	0.0	0
4128-0-22_S28	cellular	vOTU_083	5669	1001786	0	0.0	0.0	0.0	0.0	0
4128-0-22_S28	cellular	vOTU_084	5652	1001786	0	0.0	0.0	0.0	0.0	0
4128-0-22_S28	cellular	vOTU_085	5590	1001786	0	0.0	0.0	0.0	0.0	0
4128-0-22_S28	cellular	vOTU_086	5415	1001786	0	0.0	0.0	0.0	0.0	0
4128-0-22_S28	cellular	vOTU_087	5403	1001786	0	0.0	0.0	0.0	0.0	0
4128-0-22_S28	cellular	vOTU_088	5394	1001786	0	0.0	0.0	0.0	0.0	0
4128-0-22_S28	cellular	vOTU_089	5381	1001786	0	0.0	0.0	0.0	0.0	0
4128-0-22_S28	cellular	vOTU_090	5341	1001786	0	0.0	0.0	0.0	0.0	0
4128-0-22_S28	cellular	vOTU_091	5275	1001786	0	0.0	0.0	0.0	0.0	0
4128-0-22_S28	cellular	vOTU_092	5235	1001786	0	0.0	0.0	0.0	0.0	0
4128-0-22_S28	cellular	vOTU_093	5204	1001786	0	0.0	0.0	0.0	0.0	0
4128-0-22_S28	cellular	vOTU_094	5194	1001786	0	0.0	0.0	0.0	0.0	0
4128-0-22_S28	cellular	vOTU_095	5169	1001786	0	0.0	0.0	0.0	0.0	0
4128-0-22_S28	cellular	vOTU_096	5135	1001786	0	0.0	0.0	0.0	0.0	0
4128-0-22_S28	cellular	vOTU_097	5093	1001786	0	0.0	0.0	0.0	0.0	0
4128-0-44_S27	cellular	vOTU_001	43643	3599252	0	0.0	0.0	0.0	0.0	0
4128-0-44_S27	cellular	vOTU_002	43474	3599252	0	0.0	0.0	0.0	0.0	0
4128-0-44_S27	cellular	vOTU_003	42130	3599252	0	0.0	0.0	0.0	0.0	0
4128-0-44_S27	cellular	vOTU_004	40752	3599252	2	0.555671	0.013635	0.0042	0.42	0
4128-0-44_S27	cellular	vOTU_005	39533	3599252	0	0.0	0.0	0.0	0.0	0
4128-0-44_S27	cellular	vOTU_006	39529	3599252	0	0.0	0.0	0.0	0.0	0
4128-0-44_S27	cellular	vOTU_007	39259	3599252	0	0.0	0.0	0.0	0.0	0
4128-0-44_S27	cellular	vOTU_008	36032	3599252	2	0.555671	0.015422	0.0047	0.47	0
4128-0-44_S27	cellular	vOTU_009	27200	3599252	0	0.0	0.0	0.0	0.0	0
4128-0-44_S27	cellular	vOTU_010	26567	3599252	0	0.0	0.0	0.0	0.0	0
4128-0-44_S27	cellular	vOTU_011	26064	3599252	0	0.0	0.0	0.0	0.0	0
4128-0-44_S27	cellular	vOTU_012	25184	3599252	0	0.0	0.0	0.0	0.0	0
4128-0-44_S27	cellular	vOTU_013	23580	3599252	0	0.0	0.0	0.0	0.0	0
4128-0-44_S27	cellular	vOTU_014	22758	3599252	0	0.0	0.0	0.0	0.0	0
4128-0-44_S27	cellular	vOTU_015	19802	3599252	0	0.0	0.0	0.0	0.0	0
4128-0-44_S27	cellular	vOTU_016	19268	3599252	0	0.0	0.0	0.0	0.0	0
4128-0-44_S27	cellular	vOTU_017	18801	3599252	0	0.0	0.0	0.0	0.0	0
4128-0-44_S27	cellular	vOTU_018	17956	3599252	0	0.0	0.0	0.0	0.0	0
4128-0-44_S27	cellular	vOTU_019	17688	3599252	0	0.0	0.0	0.0	0.0	0
4128-0-44_S27	cellular	vOTU_020	16631	3599252	0	0.0	0.0	0.0	0.0	0
4128-0-44_S27	cellular	vOTU_021	16581	3599252	0	0.0	0.0	0.0	0.0	0
4128-0-44_S27	cellular	vOTU_022	16437	3599252	0	0.0	0.0	0.0	0.0	0
4128-0-44_S27	cellular	vOTU_023	15987	3599252	0	0.0	0.0	0.0	0.0	0
4128-0-44_S27	cellular	vOTU_024	15578	3599252	0	0.0	0.0	0.0	0.0	0
4128-0-44_S27	cellular	vOTU_025	15483	3599252	0	0.0	0.0	0.0	0.0	0
4128-0-44_S27	cellular	vOTU_026	15200	3599252	0	0.0	0.0	0.0	0.0	0
4128-0-44_S27	cellular	vOTU_027	14847	3599252	0	0.0	0.0	0.0	0.0	0
4128-0-44_S27	cellular	vOTU_028	14391	3599252	0	0.0	0.0	0.0	0.0	0
4128-0-44_S27	cellular	vOTU_029	14134	3599252	0	0.0	0.0	0.0	0.0	0
4128-0-44_S27	cellular	vOTU_030	14079	3599252	0	0.0	0.0	0.0	0.0	0
4128-0-44_S27	cellular	vOTU_031	13868	3599252	0	0.0	0.0	0.0	0.0	0
4128-0-44_S27	cellular	vOTU_032	12646	3599252	0	0.0	0.0	0.0	0.0	0
4128-0-44_S27	cellular	vOTU_033	12556	3599252	0	0.0	0.0	0.0	0.0	0
4128-0-44_S27	cellular	vOTU_034	12045	3599252	0	0.0	0.0	0.0	0.0	0
4128-0-44_S27	cellular	vOTU_035	11914	3599252	2	0.555671	0.04664	0.0243	2.43	0
4128-0-44_S27	cellular	vOTU_036	11464	3599252	0	0.0	0.0	0.0	0.0	0
4128-0-44_S27	cellular	vOTU_037	11202	3599252	0	0.0	0.0	0.0	0.0	0
4128-0-44_S27	cellular	vOTU_038	11069	3599252	2	0.555671	0.050201	0.0069	0.69	0
4128-0-44_S27	cellular	vOTU_039	10738	3599252	0	0.0	0.0	0.0	0.0	0
4128-0-44_S27	cellular	vOTU_040	10734	3599252	0	0.0	0.0	0.0	0.0	0
4128-0-44_S27	cellular	vOTU_041	10621	3599252	0	0.0	0.0	0.0	0.0	0
4128-0-44_S27	cellular	vOTU_042	9843	3599252	0	0.0	0.0	0.0	0.0	0
4128-0-44_S27	cellular	vOTU_043	9642	3599252	0	0.0	0.0	0.0	0.0	0
4128-0-44_S27	cellular	vOTU_044	9638	3599252	2	0.555671	0.057654	0.0239	2.39	0
4128-0-44_S27	cellular	vOTU_045	9606	3599252	0	0.0	0.0	0.0	0.0	0
4128-0-44_S27	cellular	vOTU_046	9378	3599252	0	0.0	0.0	0.0	0.0	0
4128-0-44_S27	cellular	vOTU_047	9348	3599252	0	0.0	0.0	0.0	0.0	0
4128-0-44_S27	cellular	vOTU_048	9323	3599252	0	0.0	0.0	0.0	0.0	0
4128-0-44_S27	cellular	vOTU_049	9268	3599252	0	0.0	0.0	0.0	0.0	0
4128-0-44_S27	cellular	vOTU_050	9111	3599252	0	0.0	0.0	0.0	0.0	0
4128-0-44_S27	cellular	vOTU_051	8783	3599252	0	0.0	0.0	0.0	0.0	0
4128-0-44_S27	cellular	vOTU_052	8539	3599252	0	0.0	0.0	0.0	0.0	0
4128-0-44_S27	cellular	vOTU_053	8224	3599252	0	0.0	0.0	0.0	0.0	0
4128-0-44_S27	cellular	vOTU_054	8212	3599252	2	0.555671	0.067666	0.0184	1.84	0
4128-0-44_S27	cellular	vOTU_055	8169	3599252	0	0.0	0.0	0.0	0.0	0
4128-0-44_S27	cellular	vOTU_056	8069	3599252	0	0.0	0.0	0.0	0.0	0
4128-0-44_S27	cellular	vOTU_057	8036	3599252	0	0.0	0.0	0.0	0.0	0
4128-0-44_S27	cellular	vOTU_058	7879	3599252	0	0.0	0.0	0.0	0.0	0
4128-0-44_S27	cellular	vOTU_059	7727	3599252	0	0.0	0.0	0.0	0.0	0
4128-0-44_S27	cellular	vOTU_060	7593	3599252	0	0.0	0.0	0.0	0.0	0
4128-0-44_S27	cellular	vOTU_061	7573	3599252	0	0.0	0.0	0.0	0.0	0
4128-0-44_S27	cellular	vOTU_062	7457	3599252	0	0.0	0.0	0.0	0.0	0
4128-0-44_S27	cellular	vOTU_063	7352	3599252	0	0.0	0.0	0.0	0.0	0
4128-0-44_S27	cellular	vOTU_064	7348	3599252	0	0.0	0.0	0.0	0.0	0
4128-0-44_S27	cellular	vOTU_065	7312	3599252	0	0.0	0.0	0.0	0.0	0
4128-0-44_S27	cellular	vOTU_066	7142	3599252	0	0.0	0.0	0.0	0.0	0
4128-0-44_S27	cellular	vOTU_067	7007	3599252	0	0.0	0.0	0.0	0.0	0
4128-0-44_S27	cellular	vOTU_068	7001	3599252	2	0.555671	0.07937	0.0329	3.29	0
4128-0-44_S27	cellular	vOTU_069	6406	3599252	0	0.0	0.0	0.0	0.0	0
4128-0-44_S27	cellular	vOTU_070	6405	3599252	0	0.0	0.0	0.0	0.0	0
4128-0-44_S27	cellular	vOTU_071	6393	3599252	0	0.0	0.0	0.0	0.0	0
4128-0-44_S27	cellular	vOTU_072	6246	3599252	0	0.0	0.0	0.0	0.0	0
4128-0-44_S27	cellular	vOTU_073	6209	3599252	0	0.0	0.0	0.0	0.0	0
4128-0-44_S27	cellular	vOTU_074	6183	3599252	0	0.0	0.0	0.0	0.0	0
4128-0-44_S27	cellular	vOTU_075	6100	3599252	0	0.0	0.0	0.0	0.0	0
4128-0-44_S27	cellular	vOTU_076	5969	3599252	10	2.778355	0.465464	0.1628	16.28	0
4128-0-44_S27	cellular	vOTU_077	5967	3599252	0	0.0	0.0	0.0	0.0	0
4128-0-44_S27	cellular	vOTU_078	5886	3599252	0	0.0	0.0	0.0	0.0	0
4128-0-44_S27	cellular	vOTU_079	5800	3599252	0	0.0	0.0	0.0	0.0	0
4128-0-44_S27	cellular	vOTU_080	5760	3599252	0	0.0	0.0	0.0	0.0	0
4128-0-44_S27	cellular	vOTU_081	5722	3599252	0	0.0	0.0	0.0	0.0	0
4128-0-44_S27	cellular	vOTU_082	5702	3599252	0	0.0	0.0	0.0	0.0	0
4128-0-44_S27	cellular	vOTU_083	5669	3599252	0	0.0	0.0	0.0	0.0	0
4128-0-44_S27	cellular	vOTU_084	5652	3599252	0	0.0	0.0	0.0	0.0	0
4128-0-44_S27	cellular	vOTU_085	5590	3599252	0	0.0	0.0	0.0	0.0	0
4128-0-44_S27	cellular	vOTU_086	5415	3599252	0	0.0	0.0	0.0	0.0	0
4128-0-44_S27	cellular	vOTU_087	5403	3599252	0	0.0	0.0	0.0	0.0	0
4128-0-44_S27	cellular	vOTU_088	5394	3599252	0	0.0	0.0	0.0	0.0	0
4128-0-44_S27	cellular	vOTU_089	5381	3599252	0	0.0	0.0	0.0	0.0	0
4128-0-44_S27	cellular	vOTU_090	5341	3599252	0	0.0	0.0	0.0	0.0	0
4128-0-44_S27	cellular	vOTU_091	5275	3599252	0	0.0	0.0	0.0	0.0	0
4128-0-44_S27	cellular	vOTU_092	5235	3599252	0	0.0	0.0	0.0	0.0	0
4128-0-44_S27	cellular	vOTU_093	5204	3599252	0	0.0	0.0	0.0	0.0	0
4128-0-44_S27	cellular	vOTU_094	5194	3599252	0	0.0	0.0	0.0	0.0	0
4128-0-44_S27	cellular	vOTU_095	5169	3599252	0	0.0	0.0	0.0	0.0	0
4128-0-44_S27	cellular	vOTU_096	5135	3599252	0	0.0	0.0	0.0	0.0	0
4128-0-44_S27	cellular	vOTU_097	5093	3599252	0	0.0	0.0	0.0	0.0	0
4128_S30	whole_water	vOTU_001	43643	6453914	0	0.0	0.0	0.0	0.0	0
4128_S30	whole_water	vOTU_002	43474	6453914	0	0.0	0.0	0.0	0.0	0
4128_S30	whole_water	vOTU_003	42130	6453914	0	0.0	0.0	0.0	0.0	0
4128_S30	whole_water	vOTU_004	40752	6453914	0	0.0	0.0	0.0	0.0	0
4128_S30	whole_water	vOTU_005	39533	6453914	0	0.0	0.0	0.0	0.0	0
4128_S30	whole_water	vOTU_006	39529	6453914	0	0.0	0.0	0.0	0.0	0
4128_S30	whole_water	vOTU_007	39259	6453914	0	0.0	0.0	0.0	0.0	0
4128_S30	whole_water	vOTU_008	36032	6453914	0	0.0	0.0	0.0	0.0	0
4128_S30	whole_water	vOTU_009	27200	6453914	0	0.0	0.0	0.0	0.0	0
4128_S30	whole_water	vOTU_010	26567	6453914	0	0.0	0.0	0.0	0.0	0
4128_S30	whole_water	vOTU_011	26064	6453914	0	0.0	0.0	0.0	0.0	0
4128_S30	whole_water	vOTU_012	25184	6453914	0	0.0	0.0	0.0	0.0	0
4128_S30	whole_water	vOTU_013	23580	6453914	0	0.0	0.0	0.0	0.0	0
4128_S30	whole_water	vOTU_014	22758	6453914	0	0.0	0.0	0.0	0.0	0
4128_S30	whole_water	vOTU_015	19802	6453914	0	0.0	0.0	0.0	0.0	0
4128_S30	whole_water	vOTU_016	19268	6453914	0	0.0	0.0	0.0	0.0	0
4128_S30	whole_water	vOTU_017	18801	6453914	0	0.0	0.0	0.0	0.0	0
4128_S30	whole_water	vOTU_018	17956	6453914	0	0.0	0.0	0.0	0.0	0
4128_S30	whole_water	vOTU_019	17688	6453914	0	0.0	0.0	0.0	0.0	0
4128_S30	whole_water	vOTU_020	16631	6453914	0	0.0	0.0	0.0	0.0	0
4128_S30	whole_water	vOTU_021	16581	6453914	0	0.0	0.0	0.0	0.0	0
4128_S30	whole_water	vOTU_022	16437	6453914	0	0.0	0.0	0.0	0.0	0
4128_S30	whole_water	vOTU_023	15987	6453914	0	0.0	0.0	0.0	0.0	0
4128_S30	whole_water	vOTU_024	15578	6453914	0	0.0	0.0	0.0	0.0	0
4128_S30	whole_water	vOTU_025	15483	6453914	0	0.0	0.0	0.0	0.0	0
4128_S30	whole_water	vOTU_026	15200	6453914	0	0.0	0.0	0.0	0.0	0
4128_S30	whole_water	vOTU_027	14847	6453914	0	0.0	0.0	0.0	0.0	0
4128_S30	whole_water	vOTU_028	14391	6453914	0	0.0	0.0	0.0	0.0	0
4128_S30	whole_water	vOTU_029	14134	6453914	0	0.0	0.0	0.0	0.0	0
4128_S30	whole_water	vOTU_030	14079	6453914	0	0.0	0.0	0.0	0.0	0
4128_S30	whole_water	vOTU_031	13868	6453914	0	0.0	0.0	0.0	0.0	0
4128_S30	whole_water	vOTU_032	12646	6453914	0	0.0	0.0	0.0	0.0	0
4128_S30	whole_water	vOTU_033	12556	6453914	0	0.0	0.0	0.0	0.0	0
4128_S30	whole_water	vOTU_034	12045	6453914	0	0.0	0.0	0.0	0.0	0
4128_S30	whole_water	vOTU_035	11914	6453914	0	0.0	0.0	0.0	0.0	0
4128_S30	whole_water	vOTU_036	11464	6453914	0	0.0	0.0	0.0	0.0	0
4128_S30	whole_water	vOTU_037	11202	6453914	0	0.0	0.0	0.0	0.0	0
4128_S30	whole_water	vOTU_038	11069	6453914	0	0.0	0.0	0.0	0.0	0
4128_S30	whole_water	vOTU_039	10738	6453914	0	0.0	0.0	0.0	0.0	0
4128_S30	whole_water	vOTU_040	10734	6453914	0	0.0	0.0	0.0	0.0	0
4128_S30	whole_water	vOTU_041	10621	6453914	0	0.0	0.0	0.0	0.0	0
4128_S30	whole_water	vOTU_042	9843	6453914	0	0.0	0.0	0.0	0.0	0
4128_S30	whole_water	vOTU_043	9642	6453914	0	0.0	0.0	0.0	0.0	0
4128_S30	whole_water	vOTU_044	9638	6453914	0	0.0	0.0	0.0	0.0	0
4128_S30	whole_water	vOTU_045	9606	6453914	0	0.0	0.0	0.0	0.0	0
4128_S30	whole_water	vOTU_046	9378	6453914	0	0.0	0.0	0.0	0.0	0
4128_S30	whole_water	vOTU_047	9348	6453914	0	0.0	0.0	0.0	0.0	0
4128_S30	whole_water	vOTU_048	9323	6453914	0	0.0	0.0	0.0	0.0	0
4128_S30	whole_water	vOTU_049	9268	6453914	0	0.0	0.0	0.0	0.0	0
4128_S30	whole_water	vOTU_050	9111	6453914	0	0.0	0.0	0.0	0.0	0
4128_S30	whole_water	vOTU_051	8783	6453914	0	0.0	0.0	0.0	0.0	0
4128_S30	whole_water	vOTU_052	8539	6453914	0	0.0	0.0	0.0	0.0	0
4128_S30	whole_water	vOTU_053	8224	6453914	0	0.0	0.0	0.0	0.0	0
4128_S30	whole_water	vOTU_054	8212	6453914	0	0.0	0.0	0.0	0.0	0
4128_S30	whole_water	vOTU_055	8169	6453914	0	0.0	0.0	0.0	0.0	0
4128_S30	whole_water	vOTU_056	8069	6453914	0	0.0	0.0	0.0	0.0	0
4128_S30	whole_water	vOTU_057	8036	6453914	0	0.0	0.0	0.0	0.0	0
4128_S30	whole_water	vOTU_058	7879	6453914	0	0.0	0.0	0.0	0.0	0
4128_S30	whole_water	vOTU_059	7727	6453914	0	0.0	0.0	0.0	0.0	0
4128_S30	whole_water	vOTU_060	7593	6453914	0	0.0	0.0	0.0	0.0	0
4128_S30	whole_water	vOTU_061	7573	6453914	0	0.0	0.0	0.0	0.0	0
4128_S30	whole_water	vOTU_062	7457	6453914	0	0.0	0.0	0.0	0.0	0
4128_S30	whole_water	vOTU_063	7352	6453914	0	0.0	0.0	0.0	0.0	0
4128_S30	whole_water	vOTU_064	7348	6453914	0	0.0	0.0	0.0	0.0	0
4128_S30	whole_water	vOTU_065	7312	6453914	0	0.0	0.0	0.0	0.0	0
4128_S30	whole_water	vOTU_066	7142	6453914	0	0.0	0.0	0.0	0.0	0
4128_S30	whole_water	vOTU_067	7007	6453914	0	0.0	0.0	0.0	0.0	0
4128_S30	whole_water	vOTU_068	7001	6453914	0	0.0	0.0	0.0	0.0	0
4128_S30	whole_water	vOTU_069	6406	6453914	0	0.0	0.0	0.0	0.0	0
4128_S30	whole_water	vOTU_070	6405	6453914	0	0.0	0.0	0.0	0.0	0
4128_S30	whole_water	vOTU_071	6393	6453914	0	0.0	0.0	0.0	0.0	0
4128_S30	whole_water	vOTU_072	6246	6453914	0	0.0	0.0	0.0	0.0	0
4128_S30	whole_water	vOTU_073	6209	6453914	0	0.0	0.0	0.0	0.0	0
4128_S30	whole_water	vOTU_074	6183	6453914	0	0.0	0.0	0.0	0.0	0
4128_S30	whole_water	vOTU_075	6100	6453914	0	0.0	0.0	0.0	0.0	0
4128_S30	whole_water	vOTU_076	5969	6453914	10	1.549447	0.259582	0.1625	8.85	0
4128_S30	whole_water	vOTU_077	5967	6453914	0	0.0	0.0	0.0	0.0	0
4128_S30	whole_water	vOTU_078	5886	6453914	0	0.0	0.0	0.0	0.0	0
4128_S30	whole_water	vOTU_079	5800	6453914	0	0.0	0.0	0.0	0.0	0
4128_S30	whole_water	vOTU_080	5760	6453914	0	0.0	0.0	0.0	0.0	0
4128_S30	whole_water	vOTU_081	5722	6453914	0	0.0	0.0	0.0	0.0	0
4128_S30	whole_water	vOTU_082	5702	6453914	0	0.0	0.0	0.0	0.0	0
4128_S30	whole_water	vOTU_083	5669	6453914	0	0.0	0.0	0.0	0.0	0
4128_S30	whole_water	vOTU_084	5652	6453914	0	0.0	0.0	0.0	0.0	0
4128_S30	whole_water	vOTU_085	5590	6453914	0	0.0	0.0	0.0	0.0	0
4128_S30	whole_water	vOTU_086	5415	6453914	0	0.0	0.0	0.0	0.0	0
4128_S30	whole_water	vOTU_087	5403	6453914	0	0.0	0.0	0.0	0.0	0
4128_S30	whole_water	vOTU_088	5394	6453914	0	0.0	0.0	0.0	0.0	0
4128_S30	whole_water	vOTU_089	5381	6453914	0	0.0	0.0	0.0	0.0	0
4128_S30	whole_water	vOTU_090	5341	6453914	0	0.0	0.0	0.0	0.0	0
4128_S30	whole_water	vOTU_091	5275	6453914	0	0.0	0.0	0.0	0.0	0
4128_S30	whole_water	vOTU_092	5235	6453914	0	0.0	0.0	0.0	0.0	0
4128_S30	whole_water	vOTU_093	5204	6453914	0	0.0	0.0	0.0	0.0	0
4128_S30	whole_water	vOTU_094	5194	6453914	0	0.0	0.0	0.0	0.0	0
4128_S30	whole_water	vOTU_095	5169	6453914	0	0.0	0.0	0.0	0.0	0
4128_S30	whole_water	vOTU_096	5135	6453914	0	0.0	0.0	0.0	0.0	0
4128_S30	whole_water	vOTU_097	5093	6453914	0	0.0	0.0	0.0	0.0	0
