MV-4122_S12	full	vOTU_001	43643	100	47.7298
MV-4122_S12	full	vOTU_002	43474	100	253.819
MV-4122_S12	full	vOTU_003	42130	100	53.7761
MV-4122_S12	full	vOTU_004	40752	97.5829	35.2605
MV-4122_S12	full	vOTU_005	39533	78.9543	3.29666
MV-4122_S12	full	vOTU_006	39529	100	241.036
MV-4122_S12	full	vOTU_007	39259	53.4349	1.17173
MV-4122_S12	full	vOTU_008	36032	70.8232	2.61967
MV-4122_S12	full	vOTU_009	27200	99.9706	33.9351
MV-4122_S12	full	vOTU_010	26567	100	45.4105
MV-4122_S12	full	vOTU_011	26064	77.0028	3.56081
MV-4122_S12	full	vOTU_012	25184	99.9921	50.859
MV-4122_S12	full	vOTU_013	23580	93.6556	5.03172
MV-4122_S12	full	vOTU_015	19802	100	41.7416
MV-4122_S12	full	vOTU_016	19268	100	47.841
MV-4122_S12	full	vOTU_017	18801	64.4274	1.75475
MV-4122_S12	full	vOTU_018	17956	100	223.645
MV-4122_S12	full	vOTU_019	17688	98.7788	53.2742
MV-4122_S12	full	vOTU_020	16631	100	15.7785
MV-4122_S12	full	vOTU_021	16581	100	13.8436
MV-4122_S12	full	vOTU_022	16437	100	45.8589
MV-4122_S12	full	vOTU_023	15987	99.9937	15.4492
MV-4122_S12	full	vOTU_025	15483	99.929	122.894
MV-4122_S12	full	vOTU_026	15200	90.3026	4.87454
MV-4122_S12	full	vOTU_028	14391	99.9514	21.2044
MV-4122_S12	full	vOTU_029	14134	99.7736	18.1903
MV-4122_S12	full	vOTU_030	14079	100	104.807
MV-4122_S12	full	vOTU_031	13868	100	13.246
MV-4122_S12	full	vOTU_032	12646	99.9288	248.904
MV-4122_S12	full	vOTU_034	12045	1.8763	0.0250726
MV-4122_S12	full	vOTU_035	11914	46.7181	28.1716
MV-4122_S12	full	vOTU_036	11464	99.6598	38.2433
MV-4122_S12	full	vOTU_037	11202	86.306	4.30111
MV-4122_S12	full	vOTU_039	10738	62.2462	1.92382
MV-4122_S12	full	vOTU_040	10734	99.6832	14.4706
MV-4122_S12	full	vOTU_041	10621	82.3745	4.26796
MV-4122_S12	full	vOTU_042	9843	100	11.74
MV-4122_S12	full	vOTU_043	9642	100	12.2531
MV-4122_S12	full	vOTU_044	9638	34.8724	31.3956
MV-4122_S12	full	vOTU_045	9606	100	13.6062
MV-4122_S12	full	vOTU_046	9378	6.90979	0.0966091
MV-4122_S12	full	vOTU_047	9348	94.6834	4.8926
MV-4122_S12	full	vOTU_048	9323	99.764	42.3482
MV-4122_S12	full	vOTU_049	9268	99.59	45.7156
MV-4122_S12	full	vOTU_050	9111	100	46.8181
MV-4122_S12	full	vOTU_051	8783	100	42.0506
MV-4122_S12	full	vOTU_052	8539	100	8.11465
MV-4122_S12	full	vOTU_053	8224	98.5652	12.9518
MV-4122_S12	full	vOTU_054	8212	5.49196	0.0735509
MV-4122_S12	full	vOTU_055	8169	99.8041	54.9204
MV-4122_S12	full	vOTU_056	8069	100	15.9228
MV-4122_S12	full	vOTU_058	7879	99.4416	11.6531
MV-4122_S12	full	vOTU_059	7727	100	30.3867
MV-4122_S12	full	vOTU_060	7593	99.9737	76.663
MV-4122_S12	full	vOTU_061	7573	99.934	63.0514
MV-4122_S12	full	vOTU_062	7457	100	24.5091
MV-4122_S12	full	vOTU_063	7352	3.83569	0.0410773
MV-4122_S12	full	vOTU_064	7348	69.0392	2.27518
MV-4122_S12	full	vOTU_065	7312	99.6991	42.1142
MV-4122_S12	full	vOTU_066	7142	99.4119	105.092
MV-4122_S12	full	vOTU_067	7007	99.9144	87.2983
MV-4122_S12	full	vOTU_068	7001	80.5742	12.5669
MV-4122_S12	full	vOTU_069	6406	100	9.40587
MV-4122_S12	full	vOTU_071	6393	99.7028	76.8686
MV-4122_S12	full	vOTU_072	6246	100	13.6013
MV-4122_S12	full	vOTU_073	6209	48.9129	1.23724
MV-4122_S12	full	vOTU_074	6183	100	7.65729
MV-4122_S12	full	vOTU_075	6100	100	15.2992
MV-4122_S12	full	vOTU_077	5967	100	15.8827
MV-4122_S12	full	vOTU_078	5886	100	34.2747
MV-4122_S12	full	vOTU_079	5800	99.9655	12.5088
MV-4122_S12	full	vOTU_080	5760	100	14.8042
MV-4122_S12	full	vOTU_082	5702	96.0189	12.9025
MV-4122_S12	full	vOTU_083	5669	100	12.4216
MV-4122_S12	full	vOTU_084	5652	98.62	12.0311
MV-4122_S12	full	vOTU_085	5590	79.9106	3.16726
MV-4122_S12	full	vOTU_086	5415	99.9261	31.284
MV-4122_S12	full	vOTU_087	5403	100	8.26911
MV-4122_S12	full	vOTU_090	5341	100	7.7566
MV-4122_S12	full	vOTU_092	5235	100	8.37096
MV-4122_S12	full	vOTU_093	5204	99.9616	17.8995
MV-4122_S12	full	vOTU_094	5194	100	7.05699
MV-4122_S12	full	vOTU_095	5169	87.1155	3.68543
MV-4122_S12	full	vOTU_096	5135	91.4314	5.80545
MV-4122_S12	full	vOTU_097	5093	100	12.098
MV-4122_S12	full	vOTU_014	22758	0	0
MV-4122_S12	full	vOTU_024	15578	0	0
MV-4122_S12	full	vOTU_027	14847	0	0
MV-4122_S12	full	vOTU_033	12556	0	0
MV-4122_S12	full	vOTU_038	11069	0	0
MV-4122_S12	full	vOTU_057	8036	0	0
MV-4122_S12	full	vOTU_070	6405	0	0
MV-4122_S12	full	vOTU_076	5969	0	0
MV-4122_S12	full	vOTU_081	5722	0	0
MV-4122_S12	full	vOTU_088	5394	0	0
MV-4122_S12	full	vOTU_089	5381	0	0
MV-4122_S12	full	vOTU_091	5275	0	0
MV-4122_S12	seed1	vOTU_001	43643	99.9565	32.3096
MV-4122_S12	seed1	vOTU_002	43474	100	170.482
MV-4122_S12	seed1	vOTU_003	42130	100	36.3619
MV-4122_S12	seed1	vOTU_004	40752	97.3204	24.2477
MV-4122_S12	seed1	vOTU_005	39533	68.9298	2.23722
MV-4122_S12	seed1	vOTU_006	39529	100	161.735
MV-4122_S12	seed1	vOTU_007	39259	42.1941	0.795079
MV-4122_S12	seed1	vOTU_008	36032	59.3611	1.78647
MV-4122_S12	seed1	vOTU_009	27200	99.9081	22.8861
MV-4122_S12	seed1	vOTU_010	26567	99.9247	30.7128
MV-4122_S12	seed1	vOTU_011	26064	64.426	2.37427
MV-4122_S12	seed1	vOTU_012	25184	99.9682	34.2878
MV-4122_S12	seed1	vOTU_013	23580	84.6947	3.36662
MV-4122_S12	seed1	vOTU_015	19802	99.8586	27.6033
MV-4122_S12	seed1	vOTU_016	19268	99.8339	32.0408
MV-4122_S12	seed1	vOTU_017	18801	58.7522	1.32477
MV-4122_S12	seed1	vOTU_018	17956	100	150.221
MV-4122_S12	seed1	vOTU_019	17688	98.7506	35.4176
MV-4122_S12	seed1	vOTU_020	16631	99.6994	10.7291
MV-4122_S12	seed1	vOTU_021	16581	99.6804	9.34069
MV-4122_S12	seed1	vOTU_022	16437	99.4829	30.7118
MV-4122_S12	seed1	vOTU_023	15987	99.9687	10.7252
MV-4122_S12	seed1	vOTU_025	15483	98.9924	82.9197
MV-4122_S12	seed1	vOTU_026	15200	82.2237	3.23816
MV-4122_S12	seed1	vOTU_028	14391	99.9514	14.5653
MV-4122_S12	seed1	vOTU_029	14134	99.625	12.4689
MV-4122_S12	seed1	vOTU_030	14079	99.8366	71.7465
MV-4122_S12	seed1	vOTU_031	13868	99.0626	8.77243
MV-4122_S12	seed1	vOTU_032	12646	99.9288	167.339
MV-4122_S12	seed1	vOTU_034	12045	1.8763	0.0250726
MV-4122_S12	seed1	vOTU_035	11914	46.7181	19.2962
MV-4122_S12	seed1	vOTU_036	11464	99.2934	25.301
MV-4122_S12	seed1	vOTU_037	11202	77.138	2.72603
MV-4122_S12	seed1	vOTU_039	10738	49.8137	1.28814
MV-4122_S12	seed1	vOTU_040	10734	97.7362	9.65083
MV-4122_S12	seed1	vOTU_041	10621	75.8686	2.76772
MV-4122_S12	seed1	vOTU_042	9843	99.939	7.71503
MV-4122_S12	seed1	vOTU_043	9642	100	9.04615
MV-4122_S12	seed1	vOTU_044	9638	34.5092	21.0929
MV-4122_S12	seed1	vOTU_045	9606	98.7196	9.73912
MV-4122_S12	seed1	vOTU_046	9378	6.90979	0.0966091
MV-4122_S12	seed1	vOTU_047	9348	87.6551	3.41399
MV-4122_S12	seed1	vOTU_048	9323	99.6782	29.4565
MV-4122_S12	seed1	vOTU_049	9268	99.2771	31.0975
MV-4122_S12	seed1	vOTU_050	9111	99.3415	30.5261
MV-4122_S12	seed1	vOTU_051	8783	98.4971	27.9932
MV-4122_S12	seed1	vOTU_052	8539	100	5.80829
MV-4122_S12	seed1	vOTU_053	8224	97.7018	8.56943
MV-4122_S12	seed1	vOTU_054	8212	5.49196	0.0735509
MV-4122_S12	seed1	vOTU_055	8169	99.8041	38.4668
MV-4122_S12	seed1	vOTU_056	8069	99.2812	11.3082
MV-4122_S12	seed1	vOTU_058	7879	97.5885	7.82701
MV-4122_S12	seed1	vOTU_059	7727	100	20.5051
MV-4122_S12	seed1	vOTU_060	7593	99.8551	51.9249
MV-4122_S12	seed1	vOTU_061	7573	99.934	43.0585
MV-4122_S12	seed1	vOTU_062	7457	98.5517	16.1763
MV-4122_S12	seed1	vOTU_063	7352	3.83569	0.0410773
MV-4122_S12	seed1	vOTU_064	7348	62.0169	1.57648
MV-4122_S12	seed1	vOTU_065	7312	99.3572	28.3847
MV-4122_S12	seed1	vOTU_066	7142	99.4119	70.7496
MV-4122_S12	seed1	vOTU_067	7007	99.7859	59.0527
MV-4122_S12	seed1	vOTU_068	7001	79.9743	8.30624
MV-4122_S12	seed1	vOTU_069	6406	98.0643	5.85482
MV-4122_S12	seed1	vOTU_071	6393	99.7028	49.389
MV-4122_S12	seed1	vOTU_072	6246	99.8079	9.18732
MV-4122_S12	seed1	vOTU_073	6209	39.0723	0.896763
MV-4122_S12	seed1	vOTU_074	6183	99.5148	5.24875
MV-4122_S12	seed1	vOTU_075	6100	98.8033	11.0739
MV-4122_S12	seed1	vOTU_077	5967	99.5308	9.78532
MV-4122_S12	seed1	vOTU_078	5886	99.2864	23.2446
MV-4122_S12	seed1	vOTU_079	5800	99.069	8.32293
MV-4122_S12	seed1	vOTU_080	5760	100	9.61684
MV-4122_S12	seed1	vOTU_082	5702	95.5805	8.85356
MV-4122_S12	seed1	vOTU_083	5669	98.4301	8.38243
MV-4122_S12	seed1	vOTU_084	5652	97.4522	8.55839
MV-4122_S12	seed1	vOTU_085	5590	73.4347	2.02218
MV-4122_S12	seed1	vOTU_086	5415	99.9261	21.0925
MV-4122_S12	seed1	vOTU_087	5403	97.4644	5.50861
MV-4122_S12	seed1	vOTU_090	5341	99.457	5.305
MV-4122_S12	seed1	vOTU_092	5235	98.6055	5.46858
MV-4122_S12	seed1	vOTU_093	5204	99.9616	11.1762
MV-4122_S12	seed1	vOTU_094	5194	98.7101	4.67559
MV-4122_S12	seed1	vOTU_095	5169	82.6465	2.55369
MV-4122_S12	seed1	vOTU_096	5135	85.8033	4.08452
MV-4122_S12	seed1	vOTU_097	5093	98.4685	8.51129
MV-4122_S12	seed1	vOTU_014	22758	0	0
MV-4122_S12	seed1	vOTU_024	15578	0	0
MV-4122_S12	seed1	vOTU_027	14847	0	0
MV-4122_S12	seed1	vOTU_033	12556	0	0
MV-4122_S12	seed1	vOTU_038	11069	0	0
MV-4122_S12	seed1	vOTU_057	8036	0	0
MV-4122_S12	seed1	vOTU_070	6405	0	0
MV-4122_S12	seed1	vOTU_076	5969	0	0
MV-4122_S12	seed1	vOTU_081	5722	0	0
MV-4122_S12	seed1	vOTU_088	5394	0	0
MV-4122_S12	seed1	vOTU_089	5381	0	0
MV-4122_S12	seed1	vOTU_091	5275	0	0
MV-4122_S12	seed2	vOTU_001	43643	99.9106	32.7508
MV-4122_S12	seed2	vOTU_002	43474	100	172.586
MV-4122_S12	seed2	vOTU_003	42130	99.7721	36.7775
MV-4122_S12	seed2	vOTU_004	40752	97.3228	23.8917
MV-4122_S12	seed2	vOTU_005	39533	67.1136	2.08783
MV-4122_S12	seed2	vOTU_006	39529	100	161.884
MV-4122_S12	seed2	vOTU_007	39259	43.7123	0.861611
MV-4122_S12	seed2	vOTU_008	36032	61.1373	1.82629
MV-4122_S12	seed2	vOTU_009	27200	99.3051	22.7055
MV-4122_S12	seed2	vOTU_010	26567	100	30.1212
MV-4122_S12	seed2	vOTU_011	26064	61.8286	2.22007
MV-4122_S12	seed2	vOTU_012	25184	99.9682	34.5545
MV-4122_S12	seed2	vOTU_013	23580	85.5513	3.49614
MV-4122_S12	seed2	vOTU_015	19802	100	28.1045
MV-4122_S12	seed2	vOTU_016	19268	99.8599	32.622
MV-4122_S12	seed2	vOTU_017	18801	49.125	1.08574
MV-4122_S12	seed2	vOTU_018	17956	100	152.276
MV-4122_S12	seed2	vOTU_019	17688	98.7788	36.0875
MV-4122_S12	seed2	vOTU_020	16631	100	10.7552
MV-4122_S12	seed2	vOTU_021	16581	99.3788	9.45226
MV-4122_S12	seed2	vOTU_022	16437	99.2213	31.1083
MV-4122_S12	seed2	vOTU_023	15987	99.7185	10.6539
MV-4122_S12	seed2	vOTU_025	15483	98.9601	82.0437
MV-4122_S12	seed2	vOTU_026	15200	85.0329	3.44645
MV-4122_S12	seed2	vOTU_028	14391	99.722	14.4209
MV-4122_S12	seed2	vOTU_029	14134	99.7736	12.3835
MV-4122_S12	seed2	vOTU_030	14079	100	71.1981
MV-4122_S12	seed2	vOTU_031	13868	98.5939	9.25195
MV-4122_S12	seed2	vOTU_032	12646	99.9288	166.896
MV-4122_S12	seed2	vOTU_035	11914	46.6006	18.4119
MV-4122_S12	seed2	vOTU_036	11464	99.6598	25.1985
MV-4122_S12	seed2	vOTU_037	11202	79.3073	3.05204
MV-4122_S12	seed2	vOTU_039	10738	45.1201	1.18085
MV-4122_S12	seed2	vOTU_040	10734	98.9659	9.61328
MV-4122_S12	seed2	vOTU_041	10621	73.5806	2.70276
MV-4122_S12	seed2	vOTU_042	9843	97.9275	7.80169
MV-4122_S12	seed2	vOTU_043	9642	96.8471	8.32203
MV-4122_S12	seed2	vOTU_044	9638	34.7894	20.7927
MV-4122_S12	seed2	vOTU_045	9606	99.1984	9.51905
MV-4122_S12	seed2	vOTU_046	9378	6.90979	0.0966091
MV-4122_S12	seed2	vOTU_047	9348	86.3607	3.52632
MV-4122_S12	seed2	vOTU_048	9323	99.6782	28.1447
MV-4122_S12	seed2	vOTU_049	9268	99.59	29.6658
MV-4122_S12	seed2	vOTU_050	9111	99.8134	32.3827
MV-4122_S12	seed2	vOTU_051	8783	99.5901	28.4166
MV-4122_S12	seed2	vOTU_052	8539	97.3533	5.27568
MV-4122_S12	seed2	vOTU_053	8224	97.3614	8.43385
MV-4122_S12	seed2	vOTU_054	8212	5.49196	0.0735509
MV-4122_S12	seed2	vOTU_055	8169	99.8041	37.5974
MV-4122_S12	seed2	vOTU_056	8069	99.2192	10.4247
MV-4122_S12	seed2	vOTU_058	7879	96.662	8.39789
MV-4122_S12	seed2	vOTU_059	7727	98.5635	19.9198
MV-4122_S12	seed2	vOTU_060	7593	98.8674	51.8267
MV-4122_S12	seed2	vOTU_061	7573	99.934	42.6696
MV-4122_S12	seed2	vOTU_062	7457	98.7394	17.1042
MV-4122_S12	seed2	vOTU_064	7348	53.2118	1.40242
MV-4122_S12	seed2	vOTU_065	7312	98.9059	27.9242
MV-4122_S12	seed2	vOTU_066	7142	99.4119	68.9877
MV-4122_S12	seed2	vOTU_067	7007	99.7859	59.1247
MV-4122_S12	seed2	vOTU_068	7001	80.4742	8.56449
MV-4122_S12	seed2	vOTU_069	6406	99.0165	6.29082
MV-4122_S12	seed2	vOTU_071	6393	99.4995	53.7866
MV-4122_S12	seed2	vOTU_072	6246	99.3276	9.42107
MV-4122_S12	seed2	vOTU_073	6209	43.7268	0.955387
MV-4122_S12	seed2	vOTU_074	6183	98.4474	5.00469
MV-4122_S12	seed2	vOTU_075	6100	99.9836	10.7433
MV-4122_S12	seed2	vOTU_077	5967	98.609	10.4314
MV-4122_S12	seed2	vOTU_078	5886	99.3714	23.6103
MV-4122_S12	seed2	vOTU_079	5800	97.5345	8.19793
MV-4122_S12	seed2	vOTU_080	5760	98.6632	10.3674
MV-4122_S12	seed2	vOTU_082	5702	95.0719	8.28218
MV-4122_S12	seed2	vOTU_083	5669	99.2768	7.82501
MV-4122_S12	seed2	vOTU_084	5652	98.62	8.38252
MV-4122_S12	seed2	vOTU_085	5590	65.0268	2.12844
MV-4122_S12	seed2	vOTU_086	5415	99.5753	20.2499
MV-4122_S12	seed2	vOTU_087	5403	94.9287	5.40885
MV-4122_S12	seed2	vOTU_090	5341	97.9217	4.89609
MV-4122_S12	seed2	vOTU_092	5235	95.0907	5.50888
MV-4122_S12	seed2	vOTU_093	5204	99.8463	12.5847
MV-4122_S12	seed2	vOTU_094	5194	99.9422	5.06488
MV-4122_S12	seed2	vOTU_095	5169	78.9708	2.60128
MV-4122_S12	seed2	vOTU_096	5135	84.5764	4.08315
MV-4122_S12	seed2	vOTU_097	5093	97.2904	7.43373
MV-4122_S12	seed2	vOTU_014	22758	0	0
MV-4122_S12	seed2	vOTU_024	15578	0	0
MV-4122_S12	seed2	vOTU_027	14847	0	0
MV-4122_S12	seed2	vOTU_033	12556	0	0
MV-4122_S12	seed2	vOTU_034	12045	0	0
MV-4122_S12	seed2	vOTU_038	11069	0	0
MV-4122_S12	seed2	vOTU_057	8036	0	0
MV-4122_S12	seed2	vOTU_063	7352	0	0
MV-4122_S12	seed2	vOTU_070	6405	0	0
MV-4122_S12	seed2	vOTU_076	5969	0	0
MV-4122_S12	seed2	vOTU_081	5722	0	0
MV-4122_S12	seed2	vOTU_088	5394	0	0
MV-4122_S12	seed2	vOTU_089	5381	0	0
MV-4122_S12	seed2	vOTU_091	5275	0	0
MV-4122_S12	seed3	vOTU_001	43643	99.9083	31.742
MV-4122_S12	seed3	vOTU_002	43474	100	170.263
MV-4122_S12	seed3	vOTU_003	42130	100	35.9439
MV-4122_S12	seed3	vOTU_004	40752	97.1363	23.5911
MV-4122_S12	seed3	vOTU_005	39533	66.9061	2.10753
MV-4122_S12	seed3	vOTU_006	39529	100	162.412
MV-4122_S12	seed3	vOTU_007	39259	39.1426	0.710818
MV-4122_S12	seed3	vOTU_008	36032	59.844	1.71409
MV-4122_S12	seed3	vOTU_009	27200	99.8456	23.0396
MV-4122_S12	seed3	vOTU_010	26567	100	30.7751
MV-4122_S12	seed3	vOTU_011	26064	65.9761	2.33349
MV-4122_S12	seed3	vOTU_012	25184	99.9682	34.8707
MV-4122_S12	seed3	vOTU_013	23580	90.3181	3.50835
MV-4122_S12	seed3	vOTU_015	19802	99.7223	27.5414
MV-4122_S12	seed3	vOTU_016	19268	99.3616	32.9116
MV-4122_S12	seed3	vOTU_017	18801	48.0879	1.02351
MV-4122_S12	seed3	vOTU_018	17956	100	153.17
MV-4122_S12	seed3	vOTU_019	17688	98.7788	36.7661
MV-4122_S12	seed3	vOTU_020	16631	99.7354	10.7505
MV-4122_S12	seed3	vOTU_021	16581	98.9868	9.22303
MV-4122_S12	seed3	vOTU_022	16437	99.7445	30.4051
MV-4122_S12	seed3	vOTU_023	15987	99.2119	10.5551
MV-4122_S12	seed3	vOTU_025	15483	99.7417	82.6647
MV-4122_S12	seed3	vOTU_026	15200	81.2763	3.36954
MV-4122_S12	seed3	vOTU_028	14391	99.9514	14.5095
MV-4122_S12	seed3	vOTU_029	14134	99.7736	12.3959
MV-4122_S12	seed3	vOTU_030	14079	100	71.7274
MV-4122_S12	seed3	vOTU_031	13868	98.9833	9.32031
MV-4122_S12	seed3	vOTU_032	12646	99.9288	167.622
MV-4122_S12	seed3	vOTU_034	12045	1.8763	0.0250726
MV-4122_S12	seed3	vOTU_035	11914	46.6006	18.8207
MV-4122_S12	seed3	vOTU_036	11464	99.6598	25.8873
MV-4122_S12	seed3	vOTU_037	11202	78.236	2.93805
MV-4122_S12	seed3	vOTU_039	10738	55.1965	1.3767
MV-4122_S12	seed3	vOTU_040	10734	99.4783	9.62027
MV-4122_S12	seed3	vOTU_041	10621	75.3131	2.88937
MV-4122_S12	seed3	vOTU_042	9843	100	8.10119
MV-4122_S12	seed3	vOTU_043	9642	99.6163	8.22174
MV-4122_S12	seed3	vOTU_044	9638	34.6234	21.5364
MV-4122_S12	seed3	vOTU_045	9606	100	9.46565
MV-4122_S12	seed3	vOTU_046	9378	6.90979	0.0966091
MV-4122_S12	seed3	vOTU_047	9348	90.3402	3.27471
MV-4122_S12	seed3	vOTU_048	9323	99.6782	28.8321
MV-4122_S12	seed3	vOTU_049	9268	99.126	31.1451
MV-4122_S12	seed3	vOTU_050	9111	100	31.3989
MV-4122_S12	seed3	vOTU_051	8783	99.7495	28.6061
MV-4122_S12	seed3	vOTU_052	8539	98.9811	5.47547
MV-4122_S12	seed3	vOTU_053	8224	98.3949	8.60202
MV-4122_S12	seed3	vOTU_055	8169	99.8041	37.4583
MV-4122_S12	seed3	vOTU_056	8069	99.5662	10.8673
MV-4122_S12	seed3	vOTU_058	7879	97.8551	8.35334
MV-4122_S12	seed3	vOTU_059	7727	98.4082	20.3734
MV-4122_S12	seed3	vOTU_060	7593	99.9737	52.2089
MV-4122_S12	seed3	vOTU_061	7573	99.934	42.3276
MV-4122_S12	seed3	vOTU_062	7457	99.7452	16.2426
MV-4122_S12	seed3	vOTU_064	7348	56.9679	1.64929
MV-4122_S12	seed3	vOTU_065	7312	99.6991	30.3104
MV-4122_S12	seed3	vOTU_066	7142	99.4119	70.0937
MV-4122_S12	seed3	vOTU_067	7007	99.7859	58.119
MV-4122_S12	seed3	vOTU_068	7001	79.8315	8.91016
MV-4122_S12	seed3	vOTU_069	6406	98.8292	6.07228
MV-4122_S12	seed3	vOTU_071	6393	99.7028	52.7011
MV-4122_S12	seed3	vOTU_072	6246	99.4396	8.56068
MV-4122_S12	seed3	vOTU_073	6209	41.0855	0.815268
MV-4122_S12	seed3	vOTU_074	6183	99.5957	5.50105
MV-4122_S12	seed3	vOTU_075	6100	100	10.4616
MV-4122_S12	seed3	vOTU_077	5967	99.8157	10.9013
MV-4122_S12	seed3	vOTU_078	5886	99.4733	23.2397
MV-4122_S12	seed3	vOTU_079	5800	98.3103	8.42086
MV-4122_S12	seed3	vOTU_080	5760	99.4444	10.0845
MV-4122_S12	seed3	vOTU_082	5702	95.9488	8.67643
MV-4122_S12	seed3	vOTU_083	5669	97.1247	7.59129
MV-4122_S12	seed3	vOTU_084	5652	98.3723	8.06723
MV-4122_S12	seed3	vOTU_085	5590	69.9821	2.24168
MV-4122_S12	seed3	vOTU_086	5415	99.9261	21.7045
MV-4122_S12	seed3	vOTU_087	5403	98.2787	5.92985
MV-4122_S12	seed3	vOTU_090	5341	96.5175	5.30612
MV-4122_S12	seed3	vOTU_092	5235	97.4212	5.92798
MV-4122_S12	seed3	vOTU_093	5204	99.5772	12.2258
MV-4122_S12	seed3	vOTU_094	5194	99.5572	4.67674
MV-4122_S12	seed3	vOTU_095	5169	83.285	2.62062
MV-4122_S12	seed3	vOTU_096	5135	79.1431	3.67186
MV-4122_S12	seed3	vOTU_097	5093	97.2904	8.17416
MV-4122_S12	seed3	vOTU_014	22758	0	0
MV-4122_S12	seed3	vOTU_024	15578	0	0
MV-4122_S12	seed3	vOTU_027	14847	0	0
MV-4122_S12	seed3	vOTU_033	12556	0	0
MV-4122_S12	seed3	vOTU_038	11069	0	0
MV-4122_S12	seed3	vOTU_054	8212	0	0
MV-4122_S12	seed3	vOTU_057	8036	0	0
MV-4122_S12	seed3	vOTU_063	7352	0	0
MV-4122_S12	seed3	vOTU_070	6405	0	0
MV-4122_S12	seed3	vOTU_076	5969	0	0
MV-4122_S12	seed3	vOTU_081	5722	0	0
MV-4122_S12	seed3	vOTU_088	5394	0	0
MV-4122_S12	seed3	vOTU_089	5381	0	0
MV-4122_S12	seed3	vOTU_091	5275	0	0
MV-4125_S18	full	vOTU_001	43643	1.28772	0.0138396
MV-4125_S18	full	vOTU_002	43474	99.9977	98.198
MV-4125_S18	full	vOTU_003	42130	98.5236	11.8511
MV-4125_S18	full	vOTU_004	40752	93.4531	8.92592
MV-4125_S18	full	vOTU_005	39533	100	380.901
MV-4125_S18	full	vOTU_006	39529	99.9848	33.4719
MV-4125_S18	full	vOTU_007	39259	100	261.298
MV-4125_S18	full	vOTU_008	36032	100	305.873
MV-4125_S18	full	vOTU_009	27200	65.5074	1.61357
MV-4125_S18	full	vOTU_010	26567	0.854443	0.0113675
MV-4125_S18	full	vOTU_011	26064	99.9962	38.8418
MV-4125_S18	full	vOTU_012	25184	99.0033	10.3382
MV-4125_S18	full	vOTU_013	23580	99.8134	35.2232
MV-4125_S18	full	vOTU_014	22758	98.6334	7.21746
MV-4125_S18	full	vOTU_015	19802	95.2379	8.07636
MV-4125_S18	full	vOTU_017	18801	99.8032	31.4336
MV-4125_S18	full	vOTU_018	17956	99.9889	28.4373
MV-4125_S18	full	vOTU_019	17688	100	25.9214
MV-4125_S18	full	vOTU_020	16631	49.9669	1.14924
MV-4125_S18	full	vOTU_021	16581	67.2637	1.63488
MV-4125_S18	full	vOTU_022	16437	93.326	8.91726
MV-4125_S18	full	vOTU_023	15987	79.2019	2.42428
MV-4125_S18	full	vOTU_024	15578	99.9294	17.4247
MV-4125_S18	full	vOTU_025	15483	93.8513	12.43
MV-4125_S18	full	vOTU_026	15200	99.9934	520.974
MV-4125_S18	full	vOTU_027	14847	97.6763	8.72412
MV-4125_S18	full	vOTU_028	14391	93.4751	5.20541
MV-4125_S18	full	vOTU_029	14134	47.8775	0.907174
MV-4125_S18	full	vOTU_030	14079	95.2624	11.1699
MV-4125_S18	full	vOTU_031	13868	62.619	1.57896
MV-4125_S18	full	vOTU_032	12646	100	25.3607
MV-4125_S18	full	vOTU_033	12556	100	17.3479
MV-4125_S18	full	vOTU_034	12045	1.68535	0.0250726
MV-4125_S18	full	vOTU_035	11914	44.2253	6.96324
MV-4125_S18	full	vOTU_036	11464	99.7558	12.7237
MV-4125_S18	full	vOTU_037	11202	100	28.4909
MV-4125_S18	full	vOTU_038	11069	96.9735	7.52606
MV-4125_S18	full	vOTU_039	10738	99.8789	319.196
MV-4125_S18	full	vOTU_040	10734	37.2834	0.803801
MV-4125_S18	full	vOTU_041	10621	90.9236	5.1788
MV-4125_S18	full	vOTU_042	9843	85.411	3.21884
MV-4125_S18	full	vOTU_043	9642	43.6735	0.767994
MV-4125_S18	full	vOTU_044	9638	34.2602	7.37082
MV-4125_S18	full	vOTU_045	9606	39.3192	0.699042
MV-4125_S18	full	vOTU_046	9378	3.41224	0.0624867
MV-4125_S18	full	vOTU_047	9348	100	10.7097
MV-4125_S18	full	vOTU_048	9323	99.7426	14.8054
MV-4125_S18	full	vOTU_050	9111	98.2329	23.9321
MV-4125_S18	full	vOTU_051	8783	90.789	7.79267
MV-4125_S18	full	vOTU_052	8539	12.3082	0.150018
MV-4125_S18	full	vOTU_053	8224	97.2884	6.67534
MV-4125_S18	full	vOTU_054	8212	19.642	0.310521
MV-4125_S18	full	vOTU_055	8169	3.26845	0.036969
MV-4125_S18	full	vOTU_056	8069	75.5608	2.12604
MV-4125_S18	full	vOTU_057	8036	3.52165	0.0375809
MV-4125_S18	full	vOTU_058	7879	89.4403	4.85227
MV-4125_S18	full	vOTU_059	7727	88.9478	5.73832
MV-4125_S18	full	vOTU_060	7593	87.0539	8.07783
MV-4125_S18	full	vOTU_061	7573	99.9736	16.9618
MV-4125_S18	full	vOTU_062	7457	58.7904	2.08006
MV-4125_S18	full	vOTU_063	7352	99.5511	16.1722
MV-4125_S18	full	vOTU_064	7348	99.7414	43.575
MV-4125_S18	full	vOTU_065	7312	100	19.2251
MV-4125_S18	full	vOTU_066	7142	100	39.8566
MV-4125_S18	full	vOTU_067	7007	99.9429	34.8022
MV-4125_S18	full	vOTU_068	7001	72.0611	5.21083
MV-4125_S18	full	vOTU_069	6406	79.0197	2.67343
MV-4125_S18	full	vOTU_071	6393	98.9207	16.1508
MV-4125_S18	full	vOTU_072	6246	67.115	1.51137
MV-4125_S18	full	vOTU_073	6209	99.9678	205.102
MV-4125_S18	full	vOTU_074	6183	4.88436	0.0488436
MV-4125_S18	full	vOTU_075	6100	59.1967	1.22754
MV-4125_S18	full	vOTU_076	5969	7.7735	0.120121
MV-4125_S18	full	vOTU_077	5967	93.6149	6.52975
MV-4125_S18	full	vOTU_079	5800	33.8103	0.603103
MV-4125_S18	full	vOTU_080	5760	76.9271	1.77882
MV-4125_S18	full	vOTU_081	5722	100	10.6887
MV-4125_S18	full	vOTU_082	5702	22.9569	0.415994
MV-4125_S18	full	vOTU_083	5669	40.3246	0.796613
MV-4125_S18	full	vOTU_084	5652	44.4091	0.869958
MV-4125_S18	full	vOTU_085	5590	96.0465	6.39052
MV-4125_S18	full	vOTU_086	5415	76.9344	2.18412
MV-4125_S18	full	vOTU_087	5403	7.56987	0.0955025
MV-4125_S18	full	vOTU_090	5341	5.65437	0.0565437
MV-4125_S18	full	vOTU_092	5235	3.72493	0.0576886
MV-4125_S18	full	vOTU_093	5204	24.4235	0.517679
MV-4125_S18	full	vOTU_094	5194	18.0208	0.29072
MV-4125_S18	full	vOTU_095	5169	82.7433	3.8166
MV-4125_S18	full	vOTU_096	5135	94.6446	8.05102
MV-4125_S18	full	vOTU_097	5093	43.8249	1.16297
MV-4125_S18	full	vOTU_016	19268	0	0
MV-4125_S18	full	vOTU_049	9268	0	0
MV-4125_S18	full	vOTU_070	6405	0	0
MV-4125_S18	full	vOTU_078	5886	0	0
MV-4125_S18	full	vOTU_088	5394	0	0
MV-4125_S18	full	vOTU_089	5381	0	0
MV-4125_S18	full	vOTU_091	5275	0	0
MV-4125_S18	seed1	vOTU_001	43643	1.28772	0.0138396
MV-4125_S18	seed1	vOTU_002	43474	99.9977	98.198
MV-4125_S18	seed1	vOTU_003	42130	98.5236	11.8511
MV-4125_S18	seed1	vOTU_004	40752	93.4531	8.92592
MV-4125_S18	seed1	vOTU_005	39533	100	380.901
MV-4125_S18	seed1	vOTU_006	39529	99.9848	33.4719
MV-4125_S18	seed1	vOTU_007	39259	100	261.298
MV-4125_S18	seed1	vOTU_008	36032	100	305.873
MV-4125_S18	seed1	vOTU_009	27200	65.5074	1.61357
MV-4125_S18	seed1	vOTU_010	26567	0.854443	0.0113675
MV-4125_S18	seed1	vOTU_011	26064	99.9962	38.8418
MV-4125_S18	seed1	vOTU_012	25184	99.0033	10.3382
MV-4125_S18	seed1	vOTU_013	23580	99.8134	35.2232
MV-4125_S18	seed1	vOTU_014	22758	98.6334	7.21746
MV-4125_S18	seed1	vOTU_015	19802	95.2379	8.07636
MV-4125_S18	seed1	vOTU_017	18801	99.8032	31.4336
MV-4125_S18	seed1	vOTU_018	17956	99.9889	28.4373
MV-4125_S18	seed1	vOTU_019	17688	100	25.9214
MV-4125_S18	seed1	vOTU_020	16631	49.9669	1.14924
MV-4125_S18	seed1	vOTU_021	16581	67.2637	1.63488
MV-4125_S18	seed1	vOTU_022	16437	93.326	8.91726
MV-4125_S18	seed1	vOTU_023	15987	79.2019	2.42428
MV-4125_S18	seed1	vOTU_024	15578	99.9294	17.4247
MV-4125_S18	seed1	vOTU_025	15483	93.8513	12.43
MV-4125_S18	seed1	vOTU_026	15200	99.9934	520.974
MV-4125_S18	seed1	vOTU_027	14847	97.6763	8.72412
MV-4125_S18	seed1	vOTU_028	14391	93.4751	5.20541
MV-4125_S18	seed1	vOTU_029	14134	47.8775	0.907174
MV-4125_S18	seed1	vOTU_030	14079	95.2624	11.1699
MV-4125_S18	seed1	vOTU_031	13868	62.619	1.57896
MV-4125_S18	seed1	vOTU_032	12646	100	25.3607
MV-4125_S18	seed1	vOTU_033	12556	100	17.3479
MV-4125_S18	seed1	vOTU_034	12045	1.68535	0.0250726
MV-4125_S18	seed1	vOTU_035	11914	44.2253	6.96324
MV-4125_S18	seed1	vOTU_036	11464	99.7558	12.7237
MV-4125_S18	seed1	vOTU_037	11202	100	28.4909
MV-4125_S18	seed1	vOTU_038	11069	96.9735	7.52606
MV-4125_S18	seed1	vOTU_039	10738	99.8789	319.196
MV-4125_S18	seed1	vOTU_040	10734	37.2834	0.803801
MV-4125_S18	seed1	vOTU_041	10621	90.9236	5.1788
MV-4125_S18	seed1	vOTU_042	9843	85.411	3.21884
MV-4125_S18	seed1	vOTU_043	9642	43.6735	0.767994
MV-4125_S18	seed1	vOTU_044	9638	34.2602	7.37082
MV-4125_S18	seed1	vOTU_045	9606	39.3192	0.699042
MV-4125_S18	seed1	vOTU_046	9378	3.41224	0.0624867
MV-4125_S18	seed1	vOTU_047	9348	100	10.7097
MV-4125_S18	seed1	vOTU_048	9323	99.7426	14.8054
MV-4125_S18	seed1	vOTU_050	9111	98.2329	23.9321
MV-4125_S18	seed1	vOTU_051	8783	90.789	7.79267
MV-4125_S18	seed1	vOTU_052	8539	12.3082	0.150018
MV-4125_S18	seed1	vOTU_053	8224	97.2884	6.67534
MV-4125_S18	seed1	vOTU_054	8212	19.642	0.310521
MV-4125_S18	seed1	vOTU_055	8169	3.26845	0.036969
MV-4125_S18	seed1	vOTU_056	8069	75.5608	2.12604
MV-4125_S18	seed1	vOTU_057	8036	3.52165	0.0375809
MV-4125_S18	seed1	vOTU_058	7879	89.4403	4.85227
MV-4125_S18	seed1	vOTU_059	7727	88.9478	5.73832
MV-4125_S18	seed1	vOTU_060	7593	87.0539	8.07783
MV-4125_S18	seed1	vOTU_061	7573	99.9736	16.9618
MV-4125_S18	seed1	vOTU_062	7457	58.7904	2.08006
MV-4125_S18	seed1	vOTU_063	7352	99.5511	16.1722
MV-4125_S18	seed1	vOTU_064	7348	99.7414	43.575
MV-4125_S18	seed1	vOTU_065	7312	100	19.2251
MV-4125_S18	seed1	vOTU_066	7142	100	39.8566
MV-4125_S18	seed1	vOTU_067	7007	99.9429	34.8022
MV-4125_S18	seed1	vOTU_068	7001	72.0611	5.21083
MV-4125_S18	seed1	vOTU_069	6406	79.0197	2.67343
MV-4125_S18	seed1	vOTU_071	6393	98.9207	16.1508
MV-4125_S18	seed1	vOTU_072	6246	67.115	1.51137
MV-4125_S18	seed1	vOTU_073	6209	99.9678	205.102
MV-4125_S18	seed1	vOTU_074	6183	4.88436	0.0488436
MV-4125_S18	seed1	vOTU_075	6100	59.1967	1.22754
MV-4125_S18	seed1	vOTU_076	5969	7.7735	0.120121
MV-4125_S18	seed1	vOTU_077	5967	93.6149	6.52975
MV-4125_S18	seed1	vOTU_079	5800	33.8103	0.603103
MV-4125_S18	seed1	vOTU_080	5760	76.9271	1.77882
MV-4125_S18	seed1	vOTU_081	5722	100	10.6887
MV-4125_S18	seed1	vOTU_082	5702	22.9569	0.415994
MV-4125_S18	seed1	vOTU_083	5669	40.3246	0.796613
MV-4125_S18	seed1	vOTU_084	5652	44.4091	0.869958
MV-4125_S18	seed1	vOTU_085	5590	96.0465	6.39052
MV-4125_S18	seed1	vOTU_086	5415	76.9344	2.18412
MV-4125_S18	seed1	vOTU_087	5403	7.56987	0.0955025
MV-4125_S18	seed1	vOTU_090	5341	5.65437	0.0565437
MV-4125_S18	seed1	vOTU_092	5235	3.72493	0.0576886
MV-4125_S18	seed1	vOTU_093	5204	24.4235	0.517679
MV-4125_S18	seed1	vOTU_094	5194	18.0208	0.29072
MV-4125_S18	seed1	vOTU_095	5169	82.7433	3.8166
MV-4125_S18	seed1	vOTU_096	5135	94.6446	8.05102
MV-4125_S18	seed1	vOTU_097	5093	43.8249	1.16297
MV-4125_S18	seed1	vOTU_016	19268	0	0
MV-4125_S18	seed1	vOTU_049	9268	0	0
MV-4125_S18	seed1	vOTU_070	6405	0	0
MV-4125_S18	seed1	vOTU_078	5886	0	0
MV-4125_S18	seed1	vOTU_088	5394	0	0
MV-4125_S18	seed1	vOTU_089	5381	0	0
MV-4125_S18	seed1	vOTU_091	5275	0	0
MV-4125_S18	seed2	vOTU_001	43643	1.28772	0.0138396
MV-4125_S18	seed2	vOTU_002	43474	99.9977	98.198
MV-4125_S18	seed2	vOTU_003	42130	98.5236	11.8511
MV-4125_S18	seed2	vOTU_004	40752	93.4531	8.92592
MV-4125_S18	seed2	vOTU_005	39533	100	380.901
MV-4125_S18	seed2	vOTU_006	39529	99.9848	33.4719
MV-4125_S18	seed2	vOTU_007	39259	100	261.298
MV-4125_S18	seed2	vOTU_008	36032	100	305.873
MV-4125_S18	seed2	vOTU_009	27200	65.5074	1.61357
MV-4125_S18	seed2	vOTU_010	26567	0.854443	0.0113675
MV-4125_S18	seed2	vOTU_011	26064	99.9962	38.8418
MV-4125_S18	seed2	vOTU_012	25184	99.0033	10.3382
MV-4125_S18	seed2	vOTU_013	23580	99.8134	35.2232
MV-4125_S18	seed2	vOTU_014	22758	98.6334	7.21746
MV-4125_S18	seed2	vOTU_015	19802	95.2379	8.07636
MV-4125_S18	seed2	vOTU_017	18801	99.8032	31.4336
MV-4125_S18	seed2	vOTU_018	17956	99.9889	28.4373
MV-4125_S18	seed2	vOTU_019	17688	100	25.9214
MV-4125_S18	seed2	vOTU_020	16631	49.9669	1.14924
MV-4125_S18	seed2	vOTU_021	16581	67.2637	1.63488
MV-4125_S18	seed2	vOTU_022	16437	93.326	8.91726
MV-4125_S18	seed2	vOTU_023	15987	79.2019	2.42428
MV-4125_S18	seed2	vOTU_024	15578	99.9294	17.4247
MV-4125_S18	seed2	vOTU_025	15483	93.8513	12.43
MV-4125_S18	seed2	vOTU_026	15200	99.9934	520.974
MV-4125_S18	seed2	vOTU_027	14847	97.6763	8.72412
MV-4125_S18	seed2	vOTU_028	14391	93.4751	5.20541
MV-4125_S18	seed2	vOTU_029	14134	47.8775	0.907174
MV-4125_S18	seed2	vOTU_030	14079	95.2624	11.1699
MV-4125_S18	seed2	vOTU_031	13868	62.619	1.57896
MV-4125_S18	seed2	vOTU_032	12646	100	25.3607
MV-4125_S18	seed2	vOTU_033	12556	100	17.3479
MV-4125_S18	seed2	vOTU_034	12045	1.68535	0.0250726
MV-4125_S18	seed2	vOTU_035	11914	44.2253	6.96324
MV-4125_S18	seed2	vOTU_036	11464	99.7558	12.7237
MV-4125_S18	seed2	vOTU_037	11202	100	28.4909
MV-4125_S18	seed2	vOTU_038	11069	96.9735	7.52606
MV-4125_S18	seed2	vOTU_039	10738	99.8789	319.196
MV-4125_S18	seed2	vOTU_040	10734	37.2834	0.803801
MV-4125_S18	seed2	vOTU_041	10621	90.9236	5.1788
MV-4125_S18	seed2	vOTU_042	9843	85.411	3.21884
MV-4125_S18	seed2	vOTU_043	9642	43.6735	0.767994
MV-4125_S18	seed2	vOTU_044	9638	34.2602	7.37082
MV-4125_S18	seed2	vOTU_045	9606	39.3192	0.699042
MV-4125_S18	seed2	vOTU_046	9378	3.41224	0.0624867
MV-4125_S18	seed2	vOTU_047	9348	100	10.7097
MV-4125_S18	seed2	vOTU_048	9323	99.7426	14.8054
MV-4125_S18	seed2	vOTU_050	9111	98.2329	23.9321
MV-4125_S18	seed2	vOTU_051	8783	90.789	7.79267
MV-4125_S18	seed2	vOTU_052	8539	12.3082	0.150018
MV-4125_S18	seed2	vOTU_053	8224	97.2884	6.67534
MV-4125_S18	seed2	vOTU_054	8212	19.642	0.310521
MV-4125_S18	seed2	vOTU_055	8169	3.26845	0.036969
MV-4125_S18	seed2	vOTU_056	8069	75.5608	2.12604
MV-4125_S18	seed2	vOTU_057	8036	3.52165	0.0375809
MV-4125_S18	seed2	vOTU_058	7879	89.4403	4.85227
MV-4125_S18	seed2	vOTU_059	7727	88.9478	5.73832
MV-4125_S18	seed2	vOTU_060	7593	87.0539	8.07783
MV-4125_S18	seed2	vOTU_061	7573	99.9736	16.9618
MV-4125_S18	seed2	vOTU_062	7457	58.7904	2.08006
MV-4125_S18	seed2	vOTU_063	7352	99.5511	16.1722
MV-4125_S18	seed2	vOTU_064	7348	99.7414	43.575
MV-4125_S18	seed2	vOTU_065	7312	100	19.2251
MV-4125_S18	seed2	vOTU_066	7142	100	39.8566
MV-4125_S18	seed2	vOTU_067	7007	99.9429	34.8022
MV-4125_S18	seed2	vOTU_068	7001	72.0611	5.21083
MV-4125_S18	seed2	vOTU_069	6406	79.0197	2.67343
MV-4125_S18	seed2	vOTU_071	6393	98.9207	16.1508
MV-4125_S18	seed2	vOTU_072	6246	67.115	1.51137
MV-4125_S18	seed2	vOTU_073	6209	99.9678	205.102
MV-4125_S18	seed2	vOTU_074	6183	4.88436	0.0488436
MV-4125_S18	seed2	vOTU_075	6100	59.1967	1.22754
MV-4125_S18	seed2	vOTU_076	5969	7.7735	0.120121
MV-4125_S18	seed2	vOTU_077	5967	93.6149	6.52975
MV-4125_S18	seed2	vOTU_079	5800	33.8103	0.603103
MV-4125_S18	seed2	vOTU_080	5760	76.9271	1.77882
MV-4125_S18	seed2	vOTU_081	5722	100	10.6887
MV-4125_S18	seed2	vOTU_082	5702	22.9569	0.415994
MV-4125_S18	seed2	vOTU_083	5669	40.3246	0.796613
MV-4125_S18	seed2	vOTU_084	5652	44.4091	0.869958
MV-4125_S18	seed2	vOTU_085	5590	96.0465	6.39052
MV-4125_S18	seed2	vOTU_086	5415	76.9344	2.18412
MV-4125_S18	seed2	vOTU_087	5403	7.56987	0.0955025
MV-4125_S18	seed2	vOTU_090	5341	5.65437	0.0565437
MV-4125_S18	seed2	vOTU_092	5235	3.72493	0.0576886
MV-4125_S18	seed2	vOTU_093	5204	24.4235	0.517679
MV-4125_S18	seed2	vOTU_094	5194	18.0208	0.29072
MV-4125_S18	seed2	vOTU_095	5169	82.7433	3.8166
MV-4125_S18	seed2	vOTU_096	5135	94.6446	8.05102
MV-4125_S18	seed2	vOTU_097	5093	43.8249	1.16297
MV-4125_S18	seed2	vOTU_016	19268	0	0
MV-4125_S18	seed2	vOTU_049	9268	0	0
MV-4125_S18	seed2	vOTU_070	6405	0	0
MV-4125_S18	seed2	vOTU_078	5886	0	0
MV-4125_S18	seed2	vOTU_088	5394	0	0
MV-4125_S18	seed2	vOTU_089	5381	0	0
MV-4125_S18	seed2	vOTU_091	5275	0	0
MV-4125_S18	seed3	vOTU_001	43643	1.28772	0.0138396
MV-4125_S18	seed3	vOTU_002	43474	99.9977	98.198
MV-4125_S18	seed3	vOTU_003	42130	98.5236	11.8511
MV-4125_S18	seed3	vOTU_004	40752	93.4531	8.92592
MV-4125_S18	seed3	vOTU_005	39533	100	380.901
MV-4125_S18	seed3	vOTU_006	39529	99.9848	33.4719
MV-4125_S18	seed3	vOTU_007	39259	100	261.298
MV-4125_S18	seed3	vOTU_008	36032	100	305.873
MV-4125_S18	seed3	vOTU_009	27200	65.5074	1.61357
MV-4125_S18	seed3	vOTU_010	26567	0.854443	0.0113675
MV-4125_S18	seed3	vOTU_011	26064	99.9962	38.8418
MV-4125_S18	seed3	vOTU_012	25184	99.0033	10.3382
MV-4125_S18	seed3	vOTU_013	23580	99.8134	35.2232
MV-4125_S18	seed3	vOTU_014	22758	98.6334	7.21746
MV-4125_S18	seed3	vOTU_015	19802	95.2379	8.07636
MV-4125_S18	seed3	vOTU_017	18801	99.8032	31.4336
MV-4125_S18	seed3	vOTU_018	17956	99.9889	28.4373
MV-4125_S18	seed3	vOTU_019	17688	100	25.9214
MV-4125_S18	seed3	vOTU_020	16631	49.9669	1.14924
MV-4125_S18	seed3	vOTU_021	16581	67.2637	1.63488
MV-4125_S18	seed3	vOTU_022	16437	93.326	8.91726
MV-4125_S18	seed3	vOTU_023	15987	79.2019	2.42428
MV-4125_S18	seed3	vOTU_024	15578	99.9294	17.4247
MV-4125_S18	seed3	vOTU_025	15483	93.8513	12.43
MV-4125_S18	seed3	vOTU_026	15200	99.9934	520.974
MV-4125_S18	seed3	vOTU_027	14847	97.6763	8.72412
MV-4125_S18	seed3	vOTU_028	14391	93.4751	5.20541
MV-4125_S18	seed3	vOTU_029	14134	47.8775	0.907174
MV-4125_S18	seed3	vOTU_030	14079	95.2624	11.1699
MV-4125_S18	seed3	vOTU_031	13868	62.619	1.57896
MV-4125_S18	seed3	vOTU_032	12646	100	25.3607
MV-4125_S18	seed3	vOTU_033	12556	100	17.3479
MV-4125_S18	seed3	vOTU_034	12045	1.68535	0.0250726
MV-4125_S18	seed3	vOTU_035	11914	44.2253	6.96324
MV-4125_S18	seed3	vOTU_036	11464	99.7558	12.7237
MV-4125_S18	seed3	vOTU_037	11202	100	28.4909
MV-4125_S18	seed3	vOTU_038	11069	96.9735	7.52606
MV-4125_S18	seed3	vOTU_039	10738	99.8789	319.196
MV-4125_S18	seed3	vOTU_040	10734	37.2834	0.803801
MV-4125_S18	seed3	vOTU_041	10621	90.9236	5.1788
MV-4125_S18	seed3	vOTU_042	9843	85.411	3.21884
MV-4125_S18	seed3	vOTU_043	9642	43.6735	0.767994
MV-4125_S18	seed3	vOTU_044	9638	34.2602	7.37082
MV-4125_S18	seed3	vOTU_045	9606	39.3192	0.699042
MV-4125_S18	seed3	vOTU_046	9378	3.41224	0.0624867
MV-4125_S18	seed3	vOTU_047	9348	100	10.7097
MV-4125_S18	seed3	vOTU_048	9323	99.7426	14.8054
MV-4125_S18	seed3	vOTU_050	9111	98.2329	23.9321
MV-4125_S18	seed3	vOTU_051	8783	90.789	7.79267
MV-4125_S18	seed3	vOTU_052	8539	12.3082	0.150018
MV-4125_S18	seed3	vOTU_053	8224	97.2884	6.67534
MV-4125_S18	seed3	vOTU_054	8212	19.642	0.310521
MV-4125_S18	seed3	vOTU_055	8169	3.26845	0.036969
MV-4125_S18	seed3	vOTU_056	8069	75.5608	2.12604
MV-4125_S18	seed3	vOTU_057	8036	3.52165	0.0375809
MV-4125_S18	seed3	vOTU_058	7879	89.4403	4.85227
MV-4125_S18	seed3	vOTU_059	7727	88.9478	5.73832
MV-4125_S18	seed3	vOTU_060	7593	87.0539	8.07783
MV-4125_S18	seed3	vOTU_061	7573	99.9736	16.9618
MV-4125_S18	seed3	vOTU_062	7457	58.7904	2.08006
MV-4125_S18	seed3	vOTU_063	7352	99.5511	16.1722
MV-4125_S18	seed3	vOTU_064	7348	99.7414	43.575
MV-4125_S18	seed3	vOTU_065	7312	100	19.2251
MV-4125_S18	seed3	vOTU_066	7142	100	39.8566
MV-4125_S18	seed3	vOTU_067	7007	99.9429	34.8022
MV-4125_S18	seed3	vOTU_068	7001	72.0611	5.21083
MV-4125_S18	seed3	vOTU_069	6406	79.0197	2.67343
MV-4125_S18	seed3	vOTU_071	6393	98.9207	16.1508
MV-4125_S18	seed3	vOTU_072	6246	67.115	1.51137
MV-4125_S18	seed3	vOTU_073	6209	99.9678	205.102
MV-4125_S18	seed3	vOTU_074	6183	4.88436	0.0488436
MV-4125_S18	seed3	vOTU_075	6100	59.1967	1.22754
MV-4125_S18	seed3	vOTU_076	5969	7.7735	0.120121
MV-4125_S18	seed3	vOTU_077	5967	93.6149	6.52975
MV-4125_S18	seed3	vOTU_079	5800	33.8103	0.603103
MV-4125_S18	seed3	vOTU_080	5760	76.9271	1.77882
MV-4125_S18	seed3	vOTU_081	5722	100	10.6887
MV-4125_S18	seed3	vOTU_082	5702	22.9569	0.415994
MV-4125_S18	seed3	vOTU_083	5669	40.3246	0.796613
MV-4125_S18	seed3	vOTU_084	5652	44.4091	0.869958
MV-4125_S18	seed3	vOTU_085	5590	96.0465	6.39052
MV-4125_S18	seed3	vOTU_086	5415	76.9344	2.18412
MV-4125_S18	seed3	vOTU_087	5403	7.56987	0.0955025
MV-4125_S18	seed3	vOTU_090	5341	5.65437	0.0565437
MV-4125_S18	seed3	vOTU_092	5235	3.72493	0.0576886
MV-4125_S18	seed3	vOTU_093	5204	24.4235	0.517679
MV-4125_S18	seed3	vOTU_094	5194	18.0208	0.29072
MV-4125_S18	seed3	vOTU_095	5169	82.7433	3.8166
MV-4125_S18	seed3	vOTU_096	5135	94.6446	8.05102
MV-4125_S18	seed3	vOTU_097	5093	43.8249	1.16297
MV-4125_S18	seed3	vOTU_016	19268	0	0
MV-4125_S18	seed3	vOTU_049	9268	0	0
MV-4125_S18	seed3	vOTU_070	6405	0	0
MV-4125_S18	seed3	vOTU_078	5886	0	0
MV-4125_S18	seed3	vOTU_088	5394	0	0
MV-4125_S18	seed3	vOTU_089	5381	0	0
MV-4125_S18	seed3	vOTU_091	5275	0	0
MV-4128_S29	full	vOTU_002	43474	2.0035	0.0276717
MV-4128_S29	full	vOTU_003	42130	1.19155	0.0143366
MV-4128_S29	full	vOTU_004	40752	51.0061	1.22688
MV-4128_S29	full	vOTU_005	39533	100	1019.46
MV-4128_S29	full	vOTU_006	39529	99.9949	55.4944
MV-4128_S29	full	vOTU_007	39259	100	794.869
MV-4128_S29	full	vOTU_008	36032	100	873.149
MV-4128_S29	full	vOTU_009	27200	20.8787	0.405699
MV-4128_S29	full	vOTU_011	26064	0.790362	0.0394797
MV-4128_S29	full	vOTU_014	22758	100	31.5174
MV-4128_S29	full	vOTU_015	19802	0.843349	0.015251
MV-4128_S29	full	vOTU_017	18801	99.4256	26.9386
MV-4128_S29	full	vOTU_018	17956	99.9777	55.622
MV-4128_S29	full	vOTU_020	16631	1.12441	0.0181589
MV-4128_S29	full	vOTU_021	16581	89.3251	4.03625
MV-4128_S29	full	vOTU_023	15987	91.2929	5.60843
MV-4128_S29	full	vOTU_025	15483	30.485	0.540851
MV-4128_S29	full	vOTU_026	15200	100	1591.81
MV-4128_S29	full	vOTU_027	14847	99.9933	41.3125
MV-4128_S29	full	vOTU_029	14134	7.63407	0.106835
MV-4128_S29	full	vOTU_030	14079	28.539	0.568932
MV-4128_S29	full	vOTU_031	13868	95.0245	4.29067
MV-4128_S29	full	vOTU_032	12646	54.4046	1.28705
MV-4128_S29	full	vOTU_034	12045	100	10.3692
MV-4128_S29	full	vOTU_035	11914	31.8281	1.28001
MV-4128_S29	full	vOTU_036	11464	17.7512	0.332345
MV-4128_S29	full	vOTU_038	11069	100	29.6304
MV-4128_S29	full	vOTU_039	10738	100	968.286
MV-4128_S29	full	vOTU_041	10621	100	17.3279
MV-4128_S29	full	vOTU_042	9843	60.5608	1.41888
MV-4128_S29	full	vOTU_044	9638	28.564	1.37591
MV-4128_S29	full	vOTU_045	9606	5.30918	0.0628774
MV-4128_S29	full	vOTU_046	9378	100	7.30316
MV-4128_S29	full	vOTU_047	9348	4.80317	0.0646128
MV-4128_S29	full	vOTU_048	9323	28.124	0.368873
MV-4128_S29	full	vOTU_050	9111	3.31467	0.0331467
MV-4128_S29	full	vOTU_053	8224	99.8298	26.0963
MV-4128_S29	full	vOTU_054	8212	100	14.5928
MV-4128_S29	full	vOTU_056	8069	94.894	5.63168
MV-4128_S29	full	vOTU_057	8036	99.9129	10.4522
MV-4128_S29	full	vOTU_058	7879	99.9746	21.8732
MV-4128_S29	full	vOTU_060	7593	13.8285	0.198867
MV-4128_S29	full	vOTU_061	7573	88.4458	2.67212
MV-4128_S29	full	vOTU_062	7457	69.76	2.28979
MV-4128_S29	full	vOTU_064	7348	99.8231	67.6225
MV-4128_S29	full	vOTU_066	7142	6.6508	0.16914
MV-4128_S29	full	vOTU_067	7007	7.32125	0.129299
MV-4128_S29	full	vOTU_068	7001	81.1741	21.2602
MV-4128_S29	full	vOTU_069	6406	59.3662	1.58508
MV-4128_S29	full	vOTU_070	6405	100	14.6932
MV-4128_S29	full	vOTU_071	6393	86.8293	4.81448
MV-4128_S29	full	vOTU_072	6246	13.8809	0.241755
MV-4128_S29	full	vOTU_073	6209	100	601.797
MV-4128_S29	full	vOTU_075	6100	15.4262	0.198033
MV-4128_S29	full	vOTU_076	5969	100	7.57849
MV-4128_S29	full	vOTU_077	5967	99.9832	27.6018
MV-4128_S29	full	vOTU_079	5800	17.7069	0.337759
MV-4128_S29	full	vOTU_080	5760	95.1562	4.59201
MV-4128_S29	full	vOTU_082	5702	8.03227	0.105928
MV-4128_S29	full	vOTU_084	5652	3.20241	0.0534324
MV-4128_S29	full	vOTU_085	5590	100	20.3447
MV-4128_S29	full	vOTU_086	5415	10.157	0.195199
MV-4128_S29	full	vOTU_088	5394	100	8.38376
MV-4128_S29	full	vOTU_089	5381	100	14.2024
MV-4128_S29	full	vOTU_091	5275	100	7.77308
MV-4128_S29	full	vOTU_093	5204	20.4266	0.232129
MV-4128_S29	full	vOTU_095	5169	100	15.7307
MV-4128_S29	full	vOTU_096	5135	100	26.991
MV-4128_S29	full	vOTU_097	5093	9.26762	0.177891
MV-4128_S29	full	vOTU_001	43643	0	0
MV-4128_S29	full	vOTU_010	26567	0	0
MV-4128_S29	full	vOTU_012	25184	0	0
MV-4128_S29	full	vOTU_013	23580	0	0
MV-4128_S29	full	vOTU_016	19268	0	0
MV-4128_S29	full	vOTU_019	17688	0	0
MV-4128_S29	full	vOTU_022	16437	0	0
MV-4128_S29	full	vOTU_024	15578	0	0
MV-4128_S29	full	vOTU_028	14391	0	0
MV-4128_S29	full	vOTU_033	12556	0	0
MV-4128_S29	full	vOTU_037	11202	0	0
MV-4128_S29	full	vOTU_040	10734	0	0
MV-4128_S29	full	vOTU_043	9642	0	0
MV-4128_S29	full	vOTU_049	9268	0	0
MV-4128_S29	full	vOTU_051	8783	0	0
MV-4128_S29	full	vOTU_052	8539	0	0
MV-4128_S29	full	vOTU_055	8169	0	0
MV-4128_S29	full	vOTU_059	7727	0	0
MV-4128_S29	full	vOTU_063	7352	0	0
MV-4128_S29	full	vOTU_065	7312	0	0
MV-4128_S29	full	vOTU_074	6183	0	0
MV-4128_S29	full	vOTU_078	5886	0	0
MV-4128_S29	full	vOTU_081	5722	0	0
MV-4128_S29	full	vOTU_083	5669	0	0
MV-4128_S29	full	vOTU_087	5403	0	0
MV-4128_S29	full	vOTU_090	5341	0	0
MV-4128_S29	full	vOTU_092	5235	0	0
MV-4128_S29	full	vOTU_094	5194	0	0
MV-4128_S29	seed1	vOTU_002	43474	2.0035	0.0276717
MV-4128_S29	seed1	vOTU_003	42130	1.19155	0.0143366
MV-4128_S29	seed1	vOTU_004	40752	40.4324	0.760895
MV-4128_S29	seed1	vOTU_005	39533	100	644.386
MV-4128_S29	seed1	vOTU_006	39529	99.9874	35.0731
MV-4128_S29	seed1	vOTU_007	39259	100	504.664
MV-4128_S29	seed1	vOTU_008	36032	100	552.132
MV-4128_S29	seed1	vOTU_009	27200	13.4044	0.228272
MV-4128_S29	seed1	vOTU_011	26064	0.790362	0.0336863
MV-4128_S29	seed1	vOTU_014	22758	99.9209	20.0941
MV-4128_S29	seed1	vOTU_015	19802	0.843349	0.015251
MV-4128_S29	seed1	vOTU_017	18801	98.4788	16.5959
MV-4128_S29	seed1	vOTU_018	17956	99.9777	34.6275
MV-4128_S29	seed1	vOTU_020	16631	1.12441	0.0181589
MV-4128_S29	seed1	vOTU_021	16581	82.5644	2.5566
MV-4128_S29	seed1	vOTU_023	15987	84.0308	3.25346
MV-4128_S29	seed1	vOTU_025	15483	17.0057	0.269586
MV-4128_S29	seed1	vOTU_026	15200	100	1006.45
MV-4128_S29	seed1	vOTU_027	14847	99.9798	26.1841
MV-4128_S29	seed1	vOTU_029	14134	5.69549	0.0854677
MV-4128_S29	seed1	vOTU_030	14079	23.2616	0.42915
MV-4128_S29	seed1	vOTU_031	13868	87.9867	2.78086
MV-4128_S29	seed1	vOTU_032	12646	34.0187	0.652538
MV-4128_S29	seed1	vOTU_034	12045	99.286	6.60208
MV-4128_S29	seed1	vOTU_035	11914	27.8916	0.894997
MV-4128_S29	seed1	vOTU_036	11464	10.2059	0.200628
MV-4128_S29	seed1	vOTU_038	11069	98.7623	18.6041
MV-4128_S29	seed1	vOTU_039	10738	100	610.357
MV-4128_S29	seed1	vOTU_041	10621	99.1338	11.0059
MV-4128_S29	seed1	vOTU_042	9843	36.8079	0.755054
MV-4128_S29	seed1	vOTU_044	9638	26.5512	0.809297
MV-4128_S29	seed1	vOTU_045	9606	5.30918	0.0628774
MV-4128_S29	seed1	vOTU_046	9378	97.814	4.73694
MV-4128_S29	seed1	vOTU_047	9348	2.92041	0.0323064
MV-4128_S29	seed1	vOTU_048	9323	18.6099	0.226751
MV-4128_S29	seed1	vOTU_050	9111	3.31467	0.0331467
MV-4128_S29	seed1	vOTU_053	8224	99.8298	16.97
MV-4128_S29	seed1	vOTU_054	8212	99.4886	9.23271
MV-4128_S29	seed1	vOTU_056	8069	85.5248	3.49139
MV-4128_S29	seed1	vOTU_057	8036	98.768	6.46341
MV-4128_S29	seed1	vOTU_058	7879	99.8985	13.5794
MV-4128_S29	seed1	vOTU_060	7593	6.17674	0.079547
MV-4128_S29	seed1	vOTU_061	7573	81.1039	1.97227
MV-4128_S29	seed1	vOTU_062	7457	49.5508	1.20464
MV-4128_S29	seed1	vOTU_064	7348	99.7686	42.7424
MV-4128_S29	seed1	vOTU_066	7142	4.94259	0.0845701
MV-4128_S29	seed1	vOTU_067	7007	4.8951	0.0861995
MV-4128_S29	seed1	vOTU_068	7001	80.1028	13.819
MV-4128_S29	seed1	vOTU_069	6406	57.1652	1.30222
MV-4128_S29	seed1	vOTU_070	6405	99.4067	8.61811
MV-4128_S29	seed1	vOTU_071	6393	81.4485	3.09651
MV-4128_S29	seed1	vOTU_072	6246	6.69228	0.145053
MV-4128_S29	seed1	vOTU_073	6209	100	386.448
MV-4128_S29	seed1	vOTU_075	6100	12.459	0.148525
MV-4128_S29	seed1	vOTU_076	5969	97.5038	5.06953
MV-4128_S29	seed1	vOTU_077	5967	96.1622	17.1436
MV-4128_S29	seed1	vOTU_079	5800	13.3621	0.233621
MV-4128_S29	seed1	vOTU_080	5760	90.816	2.98056
MV-4128_S29	seed1	vOTU_082	5702	8.03227	0.105928
MV-4128_S29	seed1	vOTU_085	5590	100	13.0403
MV-4128_S29	seed1	vOTU_086	5415	9.43675	0.111542
MV-4128_S29	seed1	vOTU_088	5394	97.0894	5.41713
MV-4128_S29	seed1	vOTU_089	5381	98.0301	8.83312
MV-4128_S29	seed1	vOTU_091	5275	97.6682	4.79621
MV-4128_S29	seed1	vOTU_093	5204	8.70484	0.0870484
MV-4128_S29	seed1	vOTU_095	5169	97.2722	9.42581
MV-4128_S29	seed1	vOTU_096	5135	98.4031	17.387
MV-4128_S29	seed1	vOTU_097	5093	9.26762	0.177891
MV-4128_S29	seed1	vOTU_001	43643	0	0
MV-4128_S29	seed1	vOTU_010	26567	0	0
MV-4128_S29	seed1	vOTU_012	25184	0	0
MV-4128_S29	seed1	vOTU_013	23580	0	0
MV-4128_S29	seed1	vOTU_016	19268	0	0
MV-4128_S29	seed1	vOTU_019	17688	0	0
MV-4128_S29	seed1	vOTU_022	16437	0	0
MV-4128_S29	seed1	vOTU_024	15578	0	0
MV-4128_S29	seed1	vOTU_028	14391	0	0
MV-4128_S29	seed1	vOTU_033	12556	0	0
MV-4128_S29	seed1	vOTU_037	11202	0	0
MV-4128_S29	seed1	vOTU_040	10734	0	0
MV-4128_S29	seed1	vOTU_043	9642	0	0
MV-4128_S29	seed1	vOTU_049	9268	0	0
MV-4128_S29	seed1	vOTU_051	8783	0	0
MV-4128_S29	seed1	vOTU_052	8539	0	0
MV-4128_S29	seed1	vOTU_055	8169	0	0
MV-4128_S29	seed1	vOTU_059	7727	0	0
MV-4128_S29	seed1	vOTU_063	7352	0	0
MV-4128_S29	seed1	vOTU_065	7312	0	0
MV-4128_S29	seed1	vOTU_074	6183	0	0
MV-4128_S29	seed1	vOTU_078	5886	0	0
MV-4128_S29	seed1	vOTU_081	5722	0	0
MV-4128_S29	seed1	vOTU_083	5669	0	0
MV-4128_S29	seed1	vOTU_084	5652	0	0
MV-4128_S29	seed1	vOTU_087	5403	0	0
MV-4128_S29	seed1	vOTU_090	5341	0	0
MV-4128_S29	seed1	vOTU_092	5235	0	0
MV-4128_S29	seed1	vOTU_094	5194	0	0
MV-4128_S29	seed2	vOTU_002	43474	1.0167	0.0138934
MV-4128_S29	seed2	vOTU_003	42130	1.19155	0.0143366
MV-4128_S29	seed2	vOTU_004	40752	39.9097	0.792943
MV-4128_S29	seed2	vOTU_005	39533	100	641.719
MV-4128_S29	seed2	vOTU_006	39529	99.9772	34.9334
MV-4128_S29	seed2	vOTU_007	39259	100	502.503
MV-4128_S29	seed2	vOTU_008	36032	100	551.433
MV-4128_S29	seed2	vOTU_009	27200	14.5368	0.230625
MV-4128_S29	seed2	vOTU_011	26064	0.790362	0.0278929
MV-4128_S29	seed2	vOTU_014	22758	100	19.4357
MV-4128_S29	seed2	vOTU_015	19802	0.843349	0.015251
MV-4128_S29	seed2	vOTU_017	18801	99.2022	17.1288
MV-4128_S29	seed2	vOTU_018	17956	99.9722	35.0153
MV-4128_S29	seed2	vOTU_020	16631	1.12441	0.0181589
MV-4128_S29	seed2	vOTU_021	16581	77.4079	2.33689
MV-4128_S29	seed2	vOTU_023	15987	84.8439	3.54432
MV-4128_S29	seed2	vOTU_025	15483	24.6012	0.410386
MV-4128_S29	seed2	vOTU_026	15200	100	1004.26
MV-4128_S29	seed2	vOTU_027	14847	99.5824	25.789
MV-4128_S29	seed2	vOTU_029	14134	4.07528	0.0427338
MV-4128_S29	seed2	vOTU_030	14079	20.1364	0.359116
MV-4128_S29	seed2	vOTU_031	13868	84.0712	2.6466
MV-4128_S29	seed2	vOTU_032	12646	38.9609	0.655227
MV-4128_S29	seed2	vOTU_034	12045	98.7298	6.45961
MV-4128_S29	seed2	vOTU_035	11914	26.4815	0.829444
MV-4128_S29	seed2	vOTU_036	11464	12.8489	0.226971
MV-4128_S29	seed2	vOTU_038	11069	99.0153	18.8566
MV-4128_S29	seed2	vOTU_039	10738	100	610.094
MV-4128_S29	seed2	vOTU_041	10621	99.0585	11.0606
MV-4128_S29	seed2	vOTU_042	9843	44.8847	0.948085
MV-4128_S29	seed2	vOTU_044	9638	24.4242	0.820502
MV-4128_S29	seed2	vOTU_045	9606	3.14387	0.0314387
MV-4128_S29	seed2	vOTU_046	9378	97.6221	4.33749
MV-4128_S29	seed2	vOTU_047	9348	2.92041	0.0323064
MV-4128_S29	seed2	vOTU_048	9323	21.2163	0.271694
MV-4128_S29	seed2	vOTU_050	9111	3.31467	0.0331467
MV-4128_S29	seed2	vOTU_053	8224	99.2461	16.4621
MV-4128_S29	seed2	vOTU_054	8212	100	9.99951
MV-4128_S29	seed2	vOTU_056	8069	87.3095	3.45185
MV-4128_S29	seed2	vOTU_057	8036	98.0961	6.71939
MV-4128_S29	seed2	vOTU_058	7879	99.505	14.039
MV-4128_S29	seed2	vOTU_060	7593	11.1814	0.11932
MV-4128_S29	seed2	vOTU_061	7573	67.8463	1.39984
MV-4128_S29	seed2	vOTU_062	7457	58.6161	1.36208
MV-4128_S29	seed2	vOTU_064	7348	99.8231	42.8489
MV-4128_S29	seed2	vOTU_066	7142	6.6508	0.16914
MV-4128_S29	seed2	vOTU_067	7007	2.16926	0.0430998
MV-4128_S29	seed2	vOTU_068	7001	80.5028	13.5581
MV-4128_S29	seed2	vOTU_069	6406	49.1258	0.925695
MV-4128_S29	seed2	vOTU_070	6405	99.8126	8.85699
MV-4128_S29	seed2	vOTU_071	6393	69.3102	3.00532
MV-4128_S29	seed2	vOTU_072	6246	13.2085	0.193404
MV-4128_S29	seed2	vOTU_073	6209	100	382.151
MV-4128_S29	seed2	vOTU_075	6100	11.7541	0.148525
MV-4128_S29	seed2	vOTU_076	5969	92.5281	4.41967
MV-4128_S29	seed2	vOTU_077	5967	99.9832	16.7924
MV-4128_S29	seed2	vOTU_079	5800	15.7931	0.233621
MV-4128_S29	seed2	vOTU_080	5760	81.9618	2.45938
MV-4128_S29	seed2	vOTU_082	5702	4.87548	0.0529639
MV-4128_S29	seed2	vOTU_084	5652	3.20241	0.0534324
MV-4128_S29	seed2	vOTU_085	5590	98.7657	11.9623
MV-4128_S29	seed2	vOTU_086	5415	9.43675	0.167313
MV-4128_S29	seed2	vOTU_088	5394	96.2366	5.11253
MV-4128_S29	seed2	vOTU_089	5381	98.6062	9.10277
MV-4128_S29	seed2	vOTU_091	5275	98.6919	5.3691
MV-4128_S29	seed2	vOTU_093	5204	8.70484	0.0870484
MV-4128_S29	seed2	vOTU_095	5169	99.6324	9.70207
MV-4128_S29	seed2	vOTU_096	5135	100	17.3501
MV-4128_S29	seed2	vOTU_097	5093	5.92971	0.118594
MV-4128_S29	seed2	vOTU_001	43643	0	0
MV-4128_S29	seed2	vOTU_010	26567	0	0
MV-4128_S29	seed2	vOTU_012	25184	0	0
MV-4128_S29	seed2	vOTU_013	23580	0	0
MV-4128_S29	seed2	vOTU_016	19268	0	0
MV-4128_S29	seed2	vOTU_019	17688	0	0
MV-4128_S29	seed2	vOTU_022	16437	0	0
MV-4128_S29	seed2	vOTU_024	15578	0	0
MV-4128_S29	seed2	vOTU_028	14391	0	0
MV-4128_S29	seed2	vOTU_033	12556	0	0
MV-4128_S29	seed2	vOTU_037	11202	0	0
MV-4128_S29	seed2	vOTU_040	10734	0	0
MV-4128_S29	seed2	vOTU_043	9642	0	0
MV-4128_S29	seed2	vOTU_049	9268	0	0
MV-4128_S29	seed2	vOTU_051	8783	0	0
MV-4128_S29	seed2	vOTU_052	8539	0	0
MV-4128_S29	seed2	vOTU_055	8169	0	0
MV-4128_S29	seed2	vOTU_059	7727	0	0
MV-4128_S29	seed2	vOTU_063	7352	0	0
MV-4128_S29	seed2	vOTU_065	7312	0	0
MV-4128_S29	seed2	vOTU_074	6183	0	0
MV-4128_S29	seed2	vOTU_078	5886	0	0
MV-4128_S29	seed2	vOTU_081	5722	0	0
MV-4128_S29	seed2	vOTU_083	5669	0	0
MV-4128_S29	seed2	vOTU_087	5403	0	0
MV-4128_S29	seed2	vOTU_090	5341	0	0
MV-4128_S29	seed2	vOTU_092	5235	0	0
MV-4128_S29	seed2	vOTU_094	5194	0	0
MV-4128_S29	seed3	vOTU_002	43474	0.986797	0.0137784
MV-4128_S29	seed3	vOTU_003	42130	1.19155	0.0143366
MV-4128_S29	seed3	vOTU_004	40752	38.5306	0.707916
MV-4128_S29	seed3	vOTU_005	39533	100	643.38
MV-4128_S29	seed3	vOTU_006	39529	99.9772	34.8641
MV-4128_S29	seed3	vOTU_007	39259	100	503.136
MV-4128_S29	seed3	vOTU_008	36032	100	551.202
MV-4128_S29	seed3	vOTU_009	27200	15.5956	0.246949
MV-4128_S29	seed3	vOTU_011	26064	0.790362	0.0231737
MV-4128_S29	seed3	vOTU_014	22758	99.9385	19.4253
MV-4128_S29	seed3	vOTU_015	19802	0.843349	0.015251
MV-4128_S29	seed3	vOTU_017	18801	99.2181	17.2905
MV-4128_S29	seed3	vOTU_018	17956	99.9387	33.9727
MV-4128_S29	seed3	vOTU_021	16581	77.9627	2.47458
MV-4128_S29	seed3	vOTU_023	15987	87.69	3.49246
MV-4128_S29	seed3	vOTU_025	15483	21.107	0.332365
MV-4128_S29	seed3	vOTU_026	15200	100	1010.82
MV-4128_S29	seed3	vOTU_027	14847	99.9933	26.3556
MV-4128_S29	seed3	vOTU_029	14134	5.69549	0.0641007
MV-4128_S29	seed3	vOTU_030	14079	16.9969	0.321756
MV-4128_S29	seed3	vOTU_031	13868	84.9293	2.40878
MV-4128_S29	seed3	vOTU_032	12646	36.8417	0.773051
MV-4128_S29	seed3	vOTU_034	12045	100	7.22449
MV-4128_S29	seed3	vOTU_035	11914	27.2285	0.823737
MV-4128_S29	seed3	vOTU_036	11464	13.9131	0.200628
MV-4128_S29	seed3	vOTU_038	11069	97.9763	19.0357
MV-4128_S29	seed3	vOTU_039	10738	100	615.051
MV-4128_S29	seed3	vOTU_041	10621	99.0773	10.8739
MV-4128_S29	seed3	vOTU_042	9843	46.6728	0.879203
MV-4128_S29	seed3	vOTU_044	9638	28.4188	0.898215
MV-4128_S29	seed3	vOTU_045	9606	3.14387	0.0314387
MV-4128_S29	seed3	vOTU_046	9378	98.9123	4.59128
MV-4128_S29	seed3	vOTU_047	9348	4.80317	0.0646128
MV-4128_S29	seed3	vOTU_048	9323	20.133	0.28789
MV-4128_S29	seed3	vOTU_050	9111	3.31467	0.0331467
MV-4128_S29	seed3	vOTU_053	8224	98.6138	17.1963
MV-4128_S29	seed3	vOTU_054	8212	99.4033	9.08268
MV-4128_S29	seed3	vOTU_056	8069	90.4945	3.391
MV-4128_S29	seed3	vOTU_057	8036	99.3778	6.52588
MV-4128_S29	seed3	vOTU_058	7879	99.9619	14.4068
MV-4128_S29	seed3	vOTU_060	7593	7.65178	0.079547
MV-4128_S29	seed3	vOTU_061	7573	80.7342	1.71834
MV-4128_S29	seed3	vOTU_062	7457	53.6141	1.42081
MV-4128_S29	seed3	vOTU_064	7348	99.7686	42.8964
MV-4128_S29	seed3	vOTU_066	7142	6.6508	0.16914
MV-4128_S29	seed3	vOTU_067	7007	7.32125	0.129299
MV-4128_S29	seed3	vOTU_068	7001	80.2171	13.1764
MV-4128_S29	seed3	vOTU_069	6406	40.9616	0.881049
MV-4128_S29	seed3	vOTU_070	6405	97.4707	8.81514
MV-4128_S29	seed3	vOTU_071	6393	76.662	3.15736
MV-4128_S29	seed3	vOTU_072	6246	3.4422	0.0967019
MV-4128_S29	seed3	vOTU_073	6209	100	383.212
MV-4128_S29	seed3	vOTU_075	6100	7.91803	0.0990164
MV-4128_S29	seed3	vOTU_076	5969	92.0422	3.55152
MV-4128_S29	seed3	vOTU_077	5967	99.2291	17.7153
MV-4128_S29	seed3	vOTU_079	5800	17.7069	0.337759
MV-4128_S29	seed3	vOTU_080	5760	87.066	2.55729
MV-4128_S29	seed3	vOTU_084	5652	3.20241	0.0534324
MV-4128_S29	seed3	vOTU_085	5590	100	12.7558
MV-4128_S29	seed3	vOTU_086	5415	6.6482	0.0836565
MV-4128_S29	seed3	vOTU_088	5394	93.7894	4.80126
MV-4128_S29	seed3	vOTU_089	5381	97.9	8.89128
MV-4128_S29	seed3	vOTU_091	5275	98.237	4.17915
MV-4128_S29	seed3	vOTU_093	5204	19.3505	0.203113
MV-4128_S29	seed3	vOTU_095	5169	98.8973	10.1871
MV-4128_S29	seed3	vOTU_096	5135	99.8637	15.7671
MV-4128_S29	seed3	vOTU_097	5093	9.26762	0.177891
MV-4128_S29	seed3	vOTU_001	43643	0	0
MV-4128_S29	seed3	vOTU_010	26567	0	0
MV-4128_S29	seed3	vOTU_012	25184	0	0
MV-4128_S29	seed3	vOTU_013	23580	0	0
MV-4128_S29	seed3	vOTU_016	19268	0	0
MV-4128_S29	seed3	vOTU_019	17688	0	0
MV-4128_S29	seed3	vOTU_020	16631	0	0
MV-4128_S29	seed3	vOTU_022	16437	0	0
MV-4128_S29	seed3	vOTU_024	15578	0	0
MV-4128_S29	seed3	vOTU_028	14391	0	0
MV-4128_S29	seed3	vOTU_033	12556	0	0
MV-4128_S29	seed3	vOTU_037	11202	0	0
MV-4128_S29	seed3	vOTU_040	10734	0	0
MV-4128_S29	seed3	vOTU_043	9642	0	0
MV-4128_S29	seed3	vOTU_049	9268	0	0
MV-4128_S29	seed3	vOTU_051	8783	0	0
MV-4128_S29	seed3	vOTU_052	8539	0	0
MV-4128_S29	seed3	vOTU_055	8169	0	0
MV-4128_S29	seed3	vOTU_059	7727	0	0
MV-4128_S29	seed3	vOTU_063	7352	0	0
MV-4128_S29	seed3	vOTU_065	7312	0	0
MV-4128_S29	seed3	vOTU_074	6183	0	0
MV-4128_S29	seed3	vOTU_078	5886	0	0
MV-4128_S29	seed3	vOTU_081	5722	0	0
MV-4128_S29	seed3	vOTU_082	5702	0	0
MV-4128_S29	seed3	vOTU_083	5669	0	0
MV-4128_S29	seed3	vOTU_087	5403	0	0
MV-4128_S29	seed3	vOTU_090	5341	0	0
MV-4128_S29	seed3	vOTU_092	5235	0	0
MV-4128_S29	seed3	vOTU_094	5194	0	0
