vOTU_001	43643	0	0
vOTU_002	43474	0	0
vOTU_003	42130	0	0
vOTU_004	40752	70	0
vOTU_005	39533	24	0
vOTU_006	39529	4	0
vOTU_007	39259	6	0
vOTU_008	36032	10	0
vOTU_009	27200	378	0
vOTU_010	26567	0	0
vOTU_011	26064	7	0
vOTU_012	25184	0	0
vOTU_013	23580	0	0
vOTU_014	22758	20	0
vOTU_015	19802	0	0
vOTU_016	19268	0	0
vOTU_017	18801	0	0
vOTU_018	17956	2	0
vOTU_019	17688	0	0
vOTU_020	16631	0	0
vOTU_021	16581	0	0
vOTU_022	16437	0	0
vOTU_023	15987	2	0
vOTU_024	15578	0	0
vOTU_025	15483	0	0
vOTU_026	15200	8	0
vOTU_027	14847	4	0
vOTU_028	14391	0	0
vOTU_029	14134	40	0
vOTU_030	14079	0	0
vOTU_031	13868	4	0
vOTU_032	12646	0	0
vOTU_033	12556	0	0
vOTU_034	12045	0	0
vOTU_035	11914	328	0
vOTU_036	11464	0	0
vOTU_037	11202	0	0
vOTU_038	11069	2	0
vOTU_039	10738	6	0
vOTU_040	10734	0	0
vOTU_041	10621	0	0
vOTU_042	9843	10	0
vOTU_043	9642	0	0
vOTU_044	9638	356	0
vOTU_045	9606	0	0
vOTU_046	9378	0	0
vOTU_047	9348	0	0
vOTU_048	9323	0	0
vOTU_049	9268	0	0
vOTU_050	9111	0	0
vOTU_051	8783	0	0
vOTU_052	8539	0	0
vOTU_053	8224	79	0
vOTU_054	8212	0	0
vOTU_055	8169	0	0
vOTU_056	8069	0	0
vOTU_057	8036	0	0
vOTU_058	7879	55	0
vOTU_059	7727	0	0
vOTU_060	7593	0	0
vOTU_061	7573	50	0
vOTU_062	7457	405	0
vOTU_063	7352	0	0
vOTU_064	7348	0	0
vOTU_065	7312	0	0
vOTU_066	7142	0	0
vOTU_067	7007	1	0
vOTU_068	7001	28	0
vOTU_069	6406	2	0
vOTU_070	6405	0	0
vOTU_071	6393	398	0
vOTU_072	6246	8	0
vOTU_073	6209	2	0
vOTU_074	6183	0	0
vOTU_075	6100	4	0
vOTU_076	5969	2	0
vOTU_077	5967	34	0
vOTU_078	5886	0	0
vOTU_079	5800	15	0
vOTU_080	5760	2	0
vOTU_081	5722	0	0
vOTU_082	5702	15	0
vOTU_083	5669	0	0
vOTU_084	5652	0	0
vOTU_085	5590	0	0
vOTU_086	5415	64	0
vOTU_087	5403	0	0
vOTU_088	5394	0	0
vOTU_089	5381	0	0
vOTU_090	5341	0	0
vOTU_091	5275	0	0
vOTU_092	5235	0	0
vOTU_093	5204	39	0
vOTU_094	5194	0	0
vOTU_095	5169	0	0
vOTU_096	5135	0	0
vOTU_097	5093	8	0
*	0	0	0
