vOTU_001	43643	4	0
vOTU_002	43474	29195	0
vOTU_003	42130	3409	0
vOTU_004	40752	2466	0
vOTU_005	39533	102857	0
vOTU_006	39529	8943	0
vOTU_007	39259	70168	0
vOTU_008	36032	75238	0
vOTU_009	27200	294	0
vOTU_010	26567	2	0
vOTU_011	26064	6896	0
vOTU_012	25184	1764	0
vOTU_013	23580	5686	0
vOTU_014	22758	1120	0
vOTU_015	19802	1091	0
vOTU_016	19268	0	0
vOTU_017	18801	4053	0
vOTU_018	17956	3469	0
vOTU_019	17688	3125	0
vOTU_020	16631	131	0
vOTU_021	16581	184	0
vOTU_022	16437	995	0
vOTU_023	15987	265	0
vOTU_024	15578	1849	0
vOTU_025	15483	1345	0
vOTU_026	15200	53947	0
vOTU_027	14847	881	0
vOTU_028	14391	511	0
vOTU_029	14134	86	0
vOTU_030	14079	1087	0
vOTU_031	13868	147	0
vOTU_032	12646	2189	0
vOTU_033	12556	1496	0
vOTU_034	12045	2	0
vOTU_035	11914	565	0
vOTU_036	11464	988	0
vOTU_037	11202	2195	0
vOTU_038	11069	569	0
vOTU_039	10738	23400	0
vOTU_040	10734	60	0
vOTU_041	10621	378	0
vOTU_042	9843	217	0
vOTU_043	9642	51	0
vOTU_044	9638	489	0
vOTU_045	9606	47	0
vOTU_046	9378	4	0
vOTU_047	9348	684	0
vOTU_048	9323	940	0
vOTU_049	9268	0	0
vOTU_050	9111	1484	0
vOTU_051	8783	467	0
vOTU_052	8539	9	0
vOTU_053	8224	374	0
vOTU_054	8212	17	0
vOTU_055	8169	2	0
vOTU_056	8069	117	0
vOTU_057	8036	2	0
vOTU_058	7879	261	0
vOTU_059	7727	301	0
vOTU_060	7593	427	0
vOTU_061	7573	881	0
vOTU_062	7457	105	0
vOTU_063	7352	813	0
vOTU_064	7348	2186	0
vOTU_065	7312	969	0
vOTU_066	7142	1937	0
vOTU_067	7007	1666	0
vOTU_068	7001	247	0
vOTU_069	6406	116	0
vOTU_070	6405	0	0
vOTU_071	6393	706	0
vOTU_072	6246	65	0
vOTU_073	6209	8806	0
vOTU_074	6183	2	0
vOTU_075	6100	50	0
vOTU_076	5969	5	0
vOTU_077	5967	266	0
vOTU_078	5886	0	0
vOTU_079	5800	24	0
vOTU_080	5760	68	0
vOTU_081	5722	418	0
vOTU_082	5702	16	0
vOTU_083	5669	32	0
vOTU_084	5652	33	0
vOTU_085	5590	247	0
vOTU_086	5415	79	0
vOTU_087	5403	4	0
vOTU_088	5394	0	0
vOTU_089	5381	0	0
vOTU_090	5341	2	0
vOTU_091	5275	0	0
vOTU_092	5235	2	0
vOTU_093	5204	18	0
vOTU_094	5194	10	0
vOTU_095	5169	136	0
vOTU_096	5135	287	0
vOTU_097	5093	41	0
*	0	0	0
