sample	votu	length	mapped_reads	mean_depth	breadth_1x_pct	breadth_5x_pct
MV-4125_S18	vOTU_001	43643	4	0.0126	1.26	0.00
MV-4125_S18	vOTU_002	43474	29195	69.0520	100.00	99.64
MV-4125_S18	vOTU_003	42130	3409	8.3944	98.32	75.09
MV-4125_S18	vOTU_004	40752	2466	6.3954	93.29	63.57
MV-4125_S18	vOTU_005	39533	102857	268.1732	100.00	99.99
MV-4125_S18	vOTU_006	39529	8943	24.8934	99.98	99.36
MV-4125_S18	vOTU_007	39259	70168	181.4965	100.00	99.99
MV-4125_S18	vOTU_008	36032	75238	215.3373	100.00	99.99
MV-4125_S18	vOTU_009	27200	294	1.2382	64.86	1.61
MV-4125_S18	vOTU_010	26567	2	0.0085	0.85	0.00
MV-4125_S18	vOTU_011	26064	6896	27.9656	99.96	98.28
MV-4125_S18	vOTU_012	25184	1764	7.5188	98.97	73.80
MV-4125_S18	vOTU_013	23580	5686	24.6851	99.77	98.33
MV-4125_S18	vOTU_014	22758	1120	5.1149	98.44	54.32
MV-4125_S18	vOTU_015	19802	1091	5.6326	95.05	57.88
MV-4125_S18	vOTU_016	19268	0	0.0000	0.00	0.00
MV-4125_S18	vOTU_017	18801	4053	21.6248	99.79	96.41
MV-4125_S18	vOTU_018	17956	3469	21.0128	99.99	99.74
MV-4125_S18	vOTU_019	17688	3125	18.2233	99.98	94.60
MV-4125_S18	vOTU_020	16631	131	0.7801	48.91	0.36
MV-4125_S18	vOTU_021	16581	184	1.1657	66.26	1.76
MV-4125_S18	vOTU_022	16437	995	6.4854	92.97	61.20
MV-4125_S18	vOTU_023	15987	265	1.7998	78.51	5.16
MV-4125_S18	vOTU_024	15578	1849	12.5664	99.85	95.82
MV-4125_S18	vOTU_025	15483	1345	8.2878	93.51	67.09
MV-4125_S18	vOTU_026	15200	53947	372.7110	99.99	99.91
MV-4125_S18	vOTU_027	14847	881	6.3254	97.62	65.03
MV-4125_S18	vOTU_028	14391	511	3.7612	93.30	37.72
MV-4125_S18	vOTU_029	14134	86	0.6651	46.34	0.00
MV-4125_S18	vOTU_030	14079	1087	7.4515	94.73	61.45
MV-4125_S18	vOTU_031	13868	147	1.1668	62.19	1.56
MV-4125_S18	vOTU_032	12646	2189	17.5737	100.00	92.07
MV-4125_S18	vOTU_033	12556	1496	12.4518	99.98	93.95
MV-4125_S18	vOTU_034	12045	2	0.0169	1.69	0.00
MV-4125_S18	vOTU_035	11914	565	4.8086	44.22	35.34
MV-4125_S18	vOTU_036	11464	988	9.2787	99.69	87.89
MV-4125_S18	vOTU_037	11202	2195	19.2995	99.96	97.88
MV-4125_S18	vOTU_038	11069	569	5.4982	96.76	59.04
MV-4125_S18	vOTU_039	10738	23400	224.9434	99.88	99.80
MV-4125_S18	vOTU_040	10734	60	0.5328	36.91	0.00
MV-4125_S18	vOTU_041	10621	378	3.5195	89.77	30.48
MV-4125_S18	vOTU_042	9843	217	2.2572	84.49	10.77
MV-4125_S18	vOTU_043	9642	51	0.5893	42.47	0.00
MV-4125_S18	vOTU_044	9638	489	5.1590	34.26	32.60
MV-4125_S18	vOTU_045	9606	47	0.5012	37.72	0.00
MV-4125_S18	vOTU_046	9378	4	0.0332	3.32	0.00
MV-4125_S18	vOTU_047	9348	684	7.4816	99.98	75.67
MV-4125_S18	vOTU_048	9323	940	10.6136	99.74	91.54
MV-4125_S18	vOTU_049	9268	0	0.0000	0.00	0.00
MV-4125_S18	vOTU_050	9111	1484	16.6605	98.17	91.27
MV-4125_S18	vOTU_051	8783	467	5.6936	90.49	55.49
MV-4125_S18	vOTU_052	8539	9	0.1199	11.99	0.00
MV-4125_S18	vOTU_053	8224	374	4.7287	97.07	44.61
MV-4125_S18	vOTU_054	8212	17	0.2392	19.14	0.00
MV-4125_S18	vOTU_055	8169	2	0.0327	3.27	0.00
MV-4125_S18	vOTU_056	8069	117	1.5804	74.92	1.45
MV-4125_S18	vOTU_057	8036	2	0.0352	3.52	0.00
MV-4125_S18	vOTU_058	7879	261	3.2937	89.17	30.54
MV-4125_S18	vOTU_059	7727	301	3.9930	88.56	41.45
MV-4125_S18	vOTU_060	7593	427	5.2521	86.54	39.38
MV-4125_S18	vOTU_061	7573	881	11.9566	99.95	92.45
MV-4125_S18	vOTU_062	7457	105	1.4665	57.74	9.56
MV-4125_S18	vOTU_063	7352	813	11.3032	99.55	88.40
MV-4125_S18	vOTU_064	7348	2186	30.9004	99.74	99.01
MV-4125_S18	vOTU_065	7312	969	13.2456	99.97	88.89
MV-4125_S18	vOTU_066	7142	1937	28.7565	99.94	98.31
MV-4125_S18	vOTU_067	7007	1666	24.4662	99.94	98.03
MV-4125_S18	vOTU_068	7001	247	3.8587	71.92	36.27
MV-4125_S18	vOTU_069	6406	116	1.8175	78.50	7.17
MV-4125_S18	vOTU_070	6405	0	0.0000	0.00	0.00
MV-4125_S18	vOTU_071	6393	706	11.5334	98.78	81.10
MV-4125_S18	vOTU_072	6246	65	1.1009	65.71	0.00
MV-4125_S18	vOTU_073	6209	8806	137.1019	99.97	99.76
MV-4125_S18	vOTU_074	6183	2	0.0458	4.58	0.00
MV-4125_S18	vOTU_075	6100	50	0.9392	58.25	0.00
MV-4125_S18	vOTU_076	5969	5	0.0911	7.46	0.00
MV-4125_S18	vOTU_077	5967	266	4.5306	93.55	41.95
MV-4125_S18	vOTU_078	5886	0	0.0000	0.00	0.00
MV-4125_S18	vOTU_079	5800	24	0.4700	33.29	0.00
MV-4125_S18	vOTU_080	5760	68	1.3290	75.95	3.07
MV-4125_S18	vOTU_081	5722	418	8.0440	99.74	74.54
MV-4125_S18	vOTU_082	5702	16	0.2536	21.99	0.00
MV-4125_S18	vOTU_083	5669	32	0.5091	39.81	0.00
MV-4125_S18	vOTU_084	5652	33	0.6656	43.22	0.00
MV-4125_S18	vOTU_085	5590	247	4.3862	95.49	49.41
MV-4125_S18	vOTU_086	5415	79	1.6458	75.20	4.16
MV-4125_S18	vOTU_087	5403	4	0.0738	7.38	0.00
MV-4125_S18	vOTU_088	5394	0	0.0000	0.00	0.00
MV-4125_S18	vOTU_089	5381	0	0.0000	0.00	0.00
MV-4125_S18	vOTU_090	5341	2	0.0549	5.49	0.00
MV-4125_S18	vOTU_091	5275	0	0.0000	0.00	0.00
MV-4125_S18	vOTU_092	5235	2	0.0369	3.69	0.00
MV-4125_S18	vOTU_093	5204	18	0.3680	24.17	0.00
MV-4125_S18	vOTU_094	5194	10	0.2058	17.85	0.00
MV-4125_S18	vOTU_095	5169	136	2.5574	81.97	17.01
MV-4125_S18	vOTU_096	5135	287	5.5601	94.18	46.04
MV-4125_S18	vOTU_097	5093	41	0.8541	43.55	4.04
