seq_name	length	topology	coordinates	n_genes	genetic_code	virus_score	fdr	n_hallmarks	marker_enrichment	taxonomy
Biragzang__NODE_2580_length_5397_cov_7.624860	5397	No terminal repeats	NA	10	11	0.9820	NA	4	11.6462	Viruses;Duplodnaviria;Heunggongvirae;Uroviricota;Caudoviricetes;;
MV-4122_S12__NODE_1429_length_9843_cov_7.395484	9843	No terminal repeats	NA	7	11	0.9819	NA	2	8.5826	Viruses;Duplodnaviria;Heunggongvirae;Uroviricota;Caudoviricetes;;Autographiviridae
cell-4122-0-44_S10__NODE_35_length_30946_cov_78.815286	30946	No terminal repeats	NA	39	11	0.9819	NA	11	55.8949	Viruses;Duplodnaviria;Heunggongvirae;Uroviricota;Caudoviricetes;;
MV-4122_S12__NODE_2308_length_5669_cov_7.828108	5669	No terminal repeats	NA	9	11	0.9817	NA	2	8.5869	Viruses;Duplodnaviria;Heunggongvirae;Uroviricota;Caudoviricetes;;
MV-4125_S18__NODE_1200_length_9348_cov_6.731949	9348	No terminal repeats	NA	11	11	0.9816	NA	5	15.2894	Viruses;Duplodnaviria;Heunggongvirae;Uroviricota;Caudoviricetes;;
MV-4128_S29__NODE_1203_length_5381_cov_9.021592	5381	No terminal repeats	NA	5	11	0.9814	NA	0	6.8731	Viruses;Duplodnaviria;Heunggongvirae;Uroviricota;Caudoviricetes;;
cell-4125-0-22_S17__NODE_13_length_5255_cov_5.680577	5255	No terminal repeats	NA	7	11	0.9813	NA	3	8.8900	Viruses;Duplodnaviria;Heunggongvirae;Uroviricota;Caudoviricetes;;
MV-4125_S18__NODE_636_length_15578_cov_10.995942	15578	No terminal repeats	NA	12	11	0.9811	NA	2	13.4957	Viruses;Duplodnaviria;Heunggongvirae;Uroviricota;Caudoviricetes;;
MV-4122_S12__NODE_1539_length_9111_cov_29.734982	9111	No terminal repeats	NA	13	11	0.9808	NA	6	14.1455	Viruses;Duplodnaviria;Heunggongvirae;Uroviricota;Caudoviricetes;;
MV-4122_S12__NODE_2396_length_5403_cov_5.230180	5403	No terminal repeats	NA	7	11	0.9808	NA	3	6.1783	Viruses;Duplodnaviria;Heunggongvirae;Uroviricota;Caudoviricetes;;
MV-4122_S12__NODE_824_length_16631_cov_10.014720	16631	No terminal repeats	NA	22	11	0.9807	NA	8	33.4488	Viruses;Duplodnaviria;Heunggongvirae;Uroviricota;Caudoviricetes;;
MV-4122_S12__NODE_2476_length_5235_cov_5.253668	5235	No terminal repeats	NA	10	11	0.9806	NA	5	10.6837	Viruses;Duplodnaviria;Heunggongvirae;Uroviricota;Caudoviricetes;;
cell-4125-0-44_S16__NODE_191_length_8024_cov_33.434433	8024	No terminal repeats	NA	10	11	0.9804	NA	2	14.1966	Viruses;Duplodnaviria;Heunggongvirae;Uroviricota;Caudoviricetes;;
cell-4122-0-44_S10__NODE_186_length_10604_cov_54.743104	10604	No terminal repeats	NA	13	11	0.9803	NA	3	13.5392	Viruses;Duplodnaviria;Heunggongvirae;Uroviricota;Caudoviricetes;;
cell-4125-0-44_S16__NODE_119_length_9399_cov_18.974422	9399	No terminal repeats	NA	3	11	0.9803	NA	0	5.1519	Viruses;Duplodnaviria;Heunggongvirae;Uroviricota;Caudoviricetes;;
cell-4125-0-44_S16__NODE_488_length_5650_cov_9.350492	5650	No terminal repeats	NA	5	11	0.9801	NA	2	7.8136	Viruses;Duplodnaviria;Heunggongvirae;Uroviricota;Caudoviricetes;;
MV-4122_S12__NODE_2202_length_5967_cov_10.133627	5967	No terminal repeats	NA	9	11	0.9801	NA	1	6.4188	Viruses;Duplodnaviria;Heunggongvirae;Uroviricota;Caudoviricetes;;
MV-4122_S12__NODE_2068_length_6406_cov_5.925366	6406	No terminal repeats	NA	7	11	0.9801	NA	3	8.5914	Viruses;Duplodnaviria;Heunggongvirae;Uroviricota;Caudoviricetes;;Autographiviridae
Biragzang__NODE_656_length_11932_cov_14.809632	11932	No terminal repeats	NA	17	11	0.9798	NA	6	12.7906	Viruses;Duplodnaviria;Heunggongvirae;Uroviricota;Caudoviricetes;;
cell-4125-0-44_S16__NODE_75_length_10831_cov_9.987101	10831	No terminal repeats	NA	11	11	0.9798	NA	2	9.2138	Viruses;Duplodnaviria;Heunggongvirae;Uroviricota;Caudoviricetes;;
MV-4128_S29__NODE_1009_length_6405_cov_9.196850	6405	No terminal repeats	NA	6	11	0.9798	NA	1	4.3361	Viruses;Duplodnaviria;Heunggongvirae;Uroviricota;Caudoviricetes;;
Biragzang__NODE_2087_length_6184_cov_30.735846	6184	No terminal repeats	NA	7	11	0.9797	NA	4	9.9986	Viruses;Duplodnaviria;Heunggongvirae;Uroviricota;Caudoviricetes;;
MV-4122_S12__NODE_2114_length_6246_cov_8.643999	6246	No terminal repeats	NA	7	11	0.9790	NA	4	7.0816	Viruses;Duplodnaviria;Heunggongvirae;Uroviricota;Caudoviricetes;;
MV-4122_S12__NODE_2075_length_6393_cov_48.959766	6393	No terminal repeats	NA	8	11	0.9780	NA	3	6.2639	Viruses;Duplodnaviria;Heunggongvirae;Uroviricota;Caudoviricetes;;
MV-4128_S29__NODE_209_length_22758_cov_20.083822	22758	No terminal repeats	NA	29	11	0.9779	NA	6	26.9394	Viruses;Duplodnaviria;Heunggongvirae;Uroviricota;Caudoviricetes;;
MV-4122_S12__NODE_986_length_14134_cov_12.305419	14134	No terminal repeats	NA	14	11	0.9773	NA	6	16.2465	Viruses;Duplodnaviria;Heunggongvirae;Uroviricota;Caudoviricetes;;
MV-4122_S12__NODE_2530_length_5093_cov_7.689559	5093	No terminal repeats	NA	12	11	0.9772	NA	6	12.6509	Viruses;Duplodnaviria;Heunggongvirae;Uroviricota;Caudoviricetes;;
MV-4125_S18__NODE_523_length_18801_cov_19.978342	18801	No terminal repeats	NA	22	11	0.9768	NA	11	23.7930	Viruses;Duplodnaviria;Heunggongvirae;Uroviricota;Caudoviricetes;;
MV-4128_S29__NODE_781_length_8212_cov_9.316170	8212	No terminal repeats	NA	10	11	0.9766	NA	2	8.2243	Viruses;Duplodnaviria;Heunggongvirae;Uroviricota;Caudoviricetes;;
Biragzang__NODE_663_length_11882_cov_7.279276	11882	No terminal repeats	NA	15	11	0.9763	NA	8	15.0924	Viruses;Duplodnaviria;Heunggongvirae;Uroviricota;Caudoviricetes;;
MV-4122_S12__NODE_1928_length_7001_cov_18.047941	7001	No terminal repeats	NA	5	11	0.9761	NA	2	4.5938	Viruses;Duplodnaviria;Heunggongvirae;Uroviricota;Caudoviricetes;;
Biragzang__NODE_1315_length_8269_cov_9.065620	8269	No terminal repeats	NA	8	11	0.9759	NA	1	8.7467	Viruses;Duplodnaviria;Heunggongvirae;Uroviricota;Caudoviricetes;;
MV-4122_S12__NODE_1007_length_13868_cov_8.435170	13868	No terminal repeats	NA	17	11	0.9756	NA	2	12.8376	Viruses;Duplodnaviria;Heunggongvirae;Uroviricota;Caudoviricetes;;
Biragzang__NODE_486_length_14026_cov_10.128194	14026	No terminal repeats	NA	20	11	0.9755	NA	3	19.1495	Viruses;Duplodnaviria;Heunggongvirae;Uroviricota;Caudoviricetes;;
Biragzang__NODE_2581_length_5393_cov_38.512926	5393	No terminal repeats	NA	7	11	0.9748	NA	0	8.6146	Viruses;Duplodnaviria;Heunggongvirae;Uroviricota;Caudoviricetes;;
MV-4128_S29__NODE_587_length_10621_cov_10.908196	10621	No terminal repeats	NA	6	11	0.9748	NA	2	8.1764	Viruses;Duplodnaviria;Heunggongvirae;Uroviricota;Caudoviricetes;;
MV-4122_S12__NODE_2491_length_5194_cov_4.531232	5194	No terminal repeats	NA	6	11	0.9747	NA	0	8.7648	Viruses;Duplodnaviria;Heunggongvirae;Uroviricota;Caudoviricetes;;
MV-4122_S12__NODE_1306_length_10734_cov_9.159940	10734	No terminal repeats	NA	18	11	0.9746	NA	6	19.2237	Viruses;Duplodnaviria;Heunggongvirae;Uroviricota;Caudoviricetes;;
MV-4122_S12__NODE_716_length_19268_cov_30.342268	19268	No terminal repeats	NA	19	11	0.9744	NA	5	21.4817	Viruses;Duplodnaviria;Heunggongvirae;Uroviricota;Caudoviricetes;;
MV-4125_S18__NODE_1628_length_7352_cov_10.227491	7352	No terminal repeats	NA	12	11	0.9743	NA	3	5.7325	Viruses;Duplodnaviria;Heunggongvirae;Uroviricota;Caudoviricetes;;
MV-4128_S29__NODE_1078_length_5969_cov_4.838688	5969	No terminal repeats	NA	8	11	0.9742	NA	4	10.1036	Viruses;Duplodnaviria;Heunggongvirae;Uroviricota;Caudoviricetes;;
cell-4122-0-44_S10__NODE_296_length_7879_cov_17.368482	7879	No terminal repeats	NA	11	11	0.9741	NA	5	15.4856	Viruses;Duplodnaviria;Heunggongvirae;Uroviricota;Caudoviricetes;;
cell-4125-0-44_S16__NODE_357_length_6314_cov_8.118709	6314	No terminal repeats	NA	10	11	0.9740	NA	3	7.0957	Viruses;Duplodnaviria;Heunggongvirae;Uroviricota;Caudoviricetes;;
cell-4125-0-44_S16__NODE_23_length_14728_cov_26.167110	14728	No terminal repeats	NA	24	11	0.9739	NA	3	23.8356	Viruses;Duplodnaviria;Heunggongvirae;Uroviricota;Caudoviricetes;;
MV-4122_S12__NODE_1647_length_8539_cov_5.120344	8539	No terminal repeats	NA	14	11	0.9736	NA	0	9.7621	Viruses;Duplodnaviria;Heunggongvirae;Uroviricota;Caudoviricetes;;
MV-4122_S12__NODE_264_length_42130_cov_34.003636	42130	No terminal repeats	NA	70	11	0.9735	NA	15	57.8809	Viruses;Duplodnaviria;Heunggongvirae;Uroviricota;Caudoviricetes;;
cell-4122-0-44_S10__NODE_42_length_27243_cov_41.219876	27243	No terminal repeats	NA	41	11	0.9734	NA	11	43.8839	Viruses;Duplodnaviria;Heunggongvirae;Uroviricota;Caudoviricetes;;
MV-4122_S12__NODE_483_length_26567_cov_28.514673	26567	No terminal repeats	NA	37	11	0.9729	NA	7	42.6872	Viruses;Duplodnaviria;Heunggongvirae;Uroviricota;Caudoviricetes;;
cell-4125-0-44_S16__NODE_194_length_8000_cov_8.208055	8000	No terminal repeats	NA	12	11	0.9728	NA	2	11.8269	Viruses;Duplodnaviria;Heunggongvirae;Uroviricota;Caudoviricetes;;
MV-4122_S12__NODE_1555_length_8997_cov_9.138224	8997	No terminal repeats	NA	15	11	0.9724	NA	1	12.5154	Viruses;Duplodnaviria;Heunggongvirae;Uroviricota;Caudoviricetes;;
MV-4122_S12__NODE_277_length_40752_cov_24.280438	40752	No terminal repeats	NA	49	11	0.9719	NA	11	24.9634	Viruses;Duplodnaviria;Heunggongvirae;Uroviricota;Caudoviricetes;;
MV-4122_S12__NODE_400_length_30910_cov_29.638243	30910	No terminal repeats	NA	36	11	0.9716	NA	16	40.2755	Viruses;Duplodnaviria;Heunggongvirae;Uroviricota;Caudoviricetes;;
MV-4122_S12__NODE_1453_length_9642_cov_7.815166	9642	No terminal repeats	NA	23	11	0.9715	NA	2	6.3583	Viruses;Duplodnaviria;Heunggongvirae;Uroviricota;Caudoviricetes;;
MV-4122_S12__NODE_1181_length_11914_cov_43.765916	11914	No terminal repeats	NA	16	11	0.9711	NA	1	7.7052	Viruses;Duplodnaviria;Heunggongvirae;Uroviricota;Caudoviricetes;;
MV-4128_S29__NODE_77_length_39259_cov_504.042343	39259	No terminal repeats	NA	60	11	0.9709	NA	10	35.8689	Viruses;Duplodnaviria;Heunggongvirae;Uroviricota;Caudoviricetes;;
MV-4122_S12__NODE_26_length_151132_cov_95.491233|provirus_1_14079	14079	Provirus	1-14079	19	11	0.9709	NA	12	21.8159	Viruses;Duplodnaviria;Heunggongvirae;Uroviricota;Caudoviricetes;;
MV-4128_S29__NODE_1257_length_5135_cov_19.258661	5135	No terminal repeats	NA	5	11	0.9705	NA	2	7.3822	Viruses;Duplodnaviria;Heunggongvirae;Uroviricota;Caudoviricetes;;
cell-4122-0-44_S10__NODE_137_length_12603_cov_23.918393	12603	No terminal repeats	NA	11	11	0.9704	NA	3	13.0391	Viruses;Duplodnaviria;Heunggongvirae;Uroviricota;Caudoviricetes;;
cell-4122-0-44_S10__NODE_299_length_7838_cov_16.061287	7838	No terminal repeats	NA	11	11	0.9698	NA	6	13.3797	Viruses;Duplodnaviria;Heunggongvirae;Uroviricota;Caudoviricetes;;
MV-4128_S29__NODE_675_length_9378_cov_4.630376	9378	No terminal repeats	NA	7	11	0.9697	NA	4	9.7228	Viruses;Duplodnaviria;Heunggongvirae;Uroviricota;Caudoviricetes;;
MV-4122_S12__NODE_2273_length_5760_cov_9.433304	5760	No terminal repeats	NA	9	11	0.9697	NA	1	4.6364	Viruses;Duplodnaviria;Heunggongvirae;Uroviricota;Caudoviricetes;;
MV-4128_S29__NODE_1199_length_5394_cov_5.271961	5394	No terminal repeats	NA	6	11	0.9694	NA	1	2.9672	Viruses;Duplodnaviria;Heunggongvirae;Uroviricota;Caudoviricetes;;Mesyanzhinovviridae
MV-4125_S18__NODE_378_length_23580_cov_22.248247	23580	No terminal repeats	NA	32	11	0.9689	NA	5	28.7323	Viruses;Duplodnaviria;Heunggongvirae;Uroviricota;Caudoviricetes;;
MV-4122_S12__NODE_832_length_16437_cov_29.122207	16437	No terminal repeats	NA	25	11	0.9686	NA	3	22.5458	Viruses;Duplodnaviria;Heunggongvirae;Uroviricota;Caudoviricetes;;
MV-4122_S12__NODE_1_length_347332_cov_162.618440|provirus_298529_341702	43174	Provirus	298529-341702	65	11	0.9681	NA	7	33.1245	Viruses;Duplodnaviria;Heunggongvirae;Uroviricota;Caudoviricetes;;
Biragzang__NODE_654_length_11953_cov_13.426794	11953	No terminal repeats	NA	21	11	0.9676	NA	3	10.9786	Viruses;Duplodnaviria;Heunggongvirae;Uroviricota;Caudoviricetes;;
Biragzang__NODE_2754_length_5183_cov_12.551677	5183	No terminal repeats	NA	5	11	0.9670	NA	0	3.2109	Viruses;Duplodnaviria;Heunggongvirae;Uroviricota;Caudoviricetes;;
MV-4122_S12__NODE_1781_length_7727_cov_19.344760	7727	No terminal repeats	NA	12	11	0.9668	NA	3	6.2897	Viruses;Monodnaviria;Loebvirae;Hofneiviricota;Faserviricetes;Tubulavirales;Inoviridae
Biragzang__NODE_2042_length_6267_cov_5.849485	6267	No terminal repeats	NA	16	11	0.9667	NA	2	5.2489	Viruses;Duplodnaviria;Heunggongvirae;Uroviricota;Caudoviricetes;;
MV-4122_S12__NODE_887_length_15483_cov_77.281436	15483	No terminal repeats	NA	23	11	0.9662	NA	9	18.1187	Viruses;Duplodnaviria;Heunggongvirae;Uroviricota;Caudoviricetes;;
MV-4122_S12__NODE_37_length_131343_cov_196.227919|provirus_75342_118207	42866	Provirus	75342-118207	73	11	0.9660	NA	4	36.1588	Viruses;Duplodnaviria;Heunggongvirae;Uroviricota;Caudoviricetes;;
MV-4122_S12__NODE_500_length_25921_cov_24.009743|provirus_8299_21919	13621	Provirus	8299-21919	17	11	0.9660	NA	8	19.8048	Viruses;Duplodnaviria;Heunggongvirae;Uroviricota;Caudoviricetes;;
MV-4122_S12__NODE_2294_length_5702_cov_10.309014	5702	No terminal repeats	NA	5	11	0.9659	NA	0	4.4037	Viruses;Duplodnaviria;Heunggongvirae;Uroviricota;Caudoviricetes;;
MV-4122_S12__NODE_2256_length_5800_cov_7.992341	5800	No terminal repeats	NA	9	11	0.9648	NA	0	4.1324	Viruses;Duplodnaviria;Heunggongvirae;Uroviricota;Caudoviricetes;;
cell-4122-0-44_S10__NODE_110_length_14291_cov_1190.374965	14291	No terminal repeats	NA	16	11	0.9645	NA	6	18.2973	Viruses;Duplodnaviria;Heunggongvirae;Uroviricota;Caudoviricetes;;
MV-4125_S18__NODE_99_length_51627_cov_80.732316|provirus_6813_46955	40143	Provirus	6813-46955	56	11	0.9644	NA	8	35.9415	Viruses;Duplodnaviria;Heunggongvirae;Uroviricota;Caudoviricetes;;
Biragzang__NODE_1751_length_6889_cov_8.089113	6889	No terminal repeats	NA	7	11	0.9634	NA	1	6.9053	Viruses;Duplodnaviria;Heunggongvirae;Uroviricota;Caudoviricetes;;
cell-4122-0-44_S10__NODE_125_length_13376_cov_612.034757	13376	No terminal repeats	NA	16	11	0.9631	NA	5	18.5281	Viruses;Duplodnaviria;Heunggongvirae;Uroviricota;Caudoviricetes;;
MV-4125_S18__NODE_560_length_17688_cov_16.352464	17688	No terminal repeats	NA	23	11	0.9630	NA	9	23.5006	Viruses;Duplodnaviria;Heunggongvirae;Uroviricota;Caudoviricetes;;
cell-4122-0-44_S10__NODE_425_length_6018_cov_890.627369	6018	No terminal repeats	NA	8	11	0.9629	NA	2	10.8791	Viruses;Duplodnaviria;Heunggongvirae;Uroviricota;Caudoviricetes;;
Biragzang__NODE_2419_length_5647_cov_8.698498	5647	No terminal repeats	NA	10	11	0.9622	NA	0	3.1351	Viruses;Duplodnaviria;Heunggongvirae;Uroviricota;Caudoviricetes;;
MV-4125_S18__NODE_848_length_12556_cov_10.932405	12556	No terminal repeats	NA	33	11	0.9620	NA	3	18.0101	Viruses;Duplodnaviria;Heunggongvirae;Uroviricota;Caudoviricetes;;
cell-4125-0-44_S16__NODE_179_length_8177_cov_11.949520	8177	No terminal repeats	NA	8	11	0.9618	NA	3	6.7775	Viruses;Duplodnaviria;Heunggongvirae;Uroviricota;Caudoviricetes;;
MV-4125_S18__NODE_1571_length_7573_cov_10.957702	7573	No terminal repeats	NA	13	11	0.9614	NA	1	6.6763	Viruses;Duplodnaviria;Heunggongvirae;Uroviricota;Caudoviricetes;;
cell-4122-0-44_S10__NODE_111_length_14274_cov_42.843730	14274	No terminal repeats	NA	22	11	0.9609	NA	0	13.5403	Viruses;Duplodnaviria;Heunggongvirae;Uroviricota;Caudoviricetes;;
Biragzang__NODE_1803_length_6792_cov_5.224878	6792	No terminal repeats	NA	10	11	0.9606	NA	4	9.4417	Viruses;Duplodnaviria;Heunggongvirae;Uroviricota;Caudoviricetes;;
MV-4128_S29__NODE_550_length_11069_cov_18.815689	11069	No terminal repeats	NA	30	11	0.9593	NA	2	12.5329	Viruses;Duplodnaviria;Heunggongvirae;Uroviricota;Caudoviricetes;;
MV-4122_S12__NODE_2474_length_5235_cov_11.819305	5235	No terminal repeats	NA	8	11	0.9590	NA	1	3.2819	Viruses;Duplodnaviria;Heunggongvirae;Uroviricota;Caudoviricetes;;
Biragzang__NODE_263_length_19640_cov_15.806127	19640	No terminal repeats	NA	17	11	0.9588	NA	1	7.6135	Viruses;Duplodnaviria;Heunggongvirae;Uroviricota;Caudoviricetes;;
MV-4128_S29__NODE_492_length_12045_cov_6.625021	12045	No terminal repeats	NA	16	11	0.9587	NA	1	3.0169	Viruses;Duplodnaviria;Heunggongvirae;Uroviricota;Caudoviricetes;;
cell-4122-0-44_S10__NODE_80_length_16361_cov_1183.702012	16361	No terminal repeats	NA	19	11	0.9585	NA	7	21.1536	Viruses;Duplodnaviria;Heunggongvirae;Uroviricota;Caudoviricetes;;
MV-4128_S29__NODE_776_length_8224_cov_17.021912	8224	No terminal repeats	NA	13	11	0.9581	NA	0	4.6092	Viruses;Duplodnaviria;Heunggongvirae;Uroviricota;Caudoviricetes;;
cell-4122-0-44_S10__NODE_310_length_7638_cov_1517.774891	7638	No terminal repeats	NA	9	11	0.9573	NA	4	12.6202	Viruses;Duplodnaviria;Heunggongvirae;Uroviricota;Caudoviricetes;;
Biragzang__NODE_1507_length_7574_cov_53.048411	7574	No terminal repeats	NA	10	11	0.9570	NA	2	10.6670	Viruses;Duplodnaviria;Heunggongvirae;Uroviricota;Caudoviricetes;;
MV-4122_S12__NODE_79_length_88798_cov_36.475621|provirus_2_43644	43643	Provirus	2-43644	61	11	0.9566	NA	8	44.2431	Viruses;Duplodnaviria;Heunggongvirae;Uroviricota;Caudoviricetes;;
MV-4122_S12__NODE_1069_length_13171_cov_36.742986	13171	No terminal repeats	NA	17	11	0.9565	NA	1	7.7362	Viruses;Duplodnaviria;Heunggongvirae;Uroviricota;Caudoviricetes;;
MV-4122_S12__NODE_860_length_15987_cov_9.805423	15987	No terminal repeats	NA	29	11	0.9559	NA	4	19.5826	Viruses;Duplodnaviria;Heunggongvirae;Uroviricota;Caudoviricetes;;
MV-4122_S12__NODE_2163_length_6100_cov_9.710174	6100	No terminal repeats	NA	6	11	0.9553	NA	4	6.1068	Viruses;Duplodnaviria;Heunggongvirae;Uroviricota;Caudoviricetes;;
MV-4122_S12__NODE_1510_length_9268_cov_28.739173	9268	No terminal repeats	NA	18	11	0.9551	NA	1	18.8975	Viruses;Duplodnaviria;Heunggongvirae;Uroviricota;Caudoviricetes;;
cell-4125-0-44_S16__NODE_402_length_6043_cov_9.135438	6043	No terminal repeats	NA	7	11	0.9550	NA	4	10.1277	Viruses;Duplodnaviria;Heunggongvirae;Uroviricota;Caudoviricetes;;
MV-4122_S12__NODE_150_length_60956_cov_139.780135|provirus_18889_35904	17016	Provirus	18889-35904	24	11	0.9546	NA	2	18.2625	Viruses;Duplodnaviria;Heunggongvirae;Uroviricota;Caudoviricetes;;
MV-4128_S29__NODE_1_length_685560_cov_728.732645|provirus_342407_381939	39533	Provirus	342407-381939	51	11	0.9544	NA	5	30.9761	Viruses;Duplodnaviria;Heunggongvirae;Uroviricota;Caudoviricetes;;
MV-4128_S29__NODE_1193_length_5415_cov_10.741045	5415	No terminal repeats	NA	8	11	0.9535	NA	1	7.0523	Viruses;Duplodnaviria;Heunggongvirae;Uroviricota;Caudoviricetes;;
Biragzang__NODE_1840_length_6717_cov_7.128790	6717	No terminal repeats	NA	9	11	0.9525	NA	3	5.6318	Viruses;Duplodnaviria;Heunggongvirae;Uroviricota;Caudoviricetes;;
Biragzang__NODE_716_length_11472_cov_43.929404	11472	No terminal repeats	NA	13	11	0.9524	NA	2	11.8886	Viruses;Duplodnaviria;Heunggongvirae;Uroviricota;Caudoviricetes;;
cell-4122-0-44_S10__NODE_260_length_8730_cov_834.544323	8730	No terminal repeats	NA	11	11	0.9519	NA	3	10.4030	Viruses;Duplodnaviria;Heunggongvirae;Uroviricota;Caudoviricetes;;
MV-4122_S12__NODE_1830_length_7457_cov_19.703864	7457	No terminal repeats	NA	12	11	0.9518	NA	0	6.7454	Viruses;Duplodnaviria;Heunggongvirae;Uroviricota;Caudoviricetes;;
cell-4122-0-44_S10__NODE_38_length_29372_cov_607.733977|provirus_3281_29276	25996	Provirus	3281-29276	30	11	0.9514	NA	9	30.8314	Viruses;Duplodnaviria;Heunggongvirae;Uroviricota;Caudoviricetes;;
MV-4125_S18__NODE_1159_length_9638_cov_12.392257	9638	No terminal repeats	NA	17	11	0.9512	NA	1	7.7052	Viruses;Duplodnaviria;Heunggongvirae;Uroviricota;Caudoviricetes;;
MV-4122_S12__NODE_691_length_19802_cov_26.363245	19802	No terminal repeats	NA	20	11	0.9506	NA	7	22.1526	Viruses;Duplodnaviria;Heunggongvirae;Uroviricota;Caudoviricetes;;
MV-4125_S18__NODE_1794_length_6845_cov_17.026951	6845	No terminal repeats	NA	15	11	0.9504	NA	0	4.6301	Viruses;Duplodnaviria;Heunggongvirae;Uroviricota;Caudoviricetes;;
MV-4128_S29__NODE_1156_length_5590_cov_12.965131	5590	No terminal repeats	NA	12	11	0.9502	NA	0	5.5549	Viruses;Duplodnaviria;Heunggongvirae;Uroviricota;Caudoviricetes;;
MV-4128_S29__NODE_1149_length_5632_cov_7.167474	5632	No terminal repeats	NA	6	11	0.9482	NA	1	3.1311	Viruses;Duplodnaviria;Heunggongvirae;Uroviricota;Caudoviricetes;;
MV-4125_S18__NODE_979_length_11202_cov_17.887862	11202	No terminal repeats	NA	29	11	0.9477	NA	0	7.6541	Viruses;Duplodnaviria;Heunggongvirae;Uroviricota;Caudoviricetes;;
cell-4122-0-44_S10__NODE_159_length_11668_cov_853.141996|provirus_3_8322	8320	Provirus	3-8322	7	11	0.9476	NA	1	7.9123	Viruses;Duplodnaviria;Heunggongvirae;Uroviricota;Caudoviricetes;;
cell-4122-0-44_S10__NODE_197_length_10334_cov_27.849791	10334	No terminal repeats	NA	13	11	0.9475	NA	2	14.4670	Viruses;Duplodnaviria;Heunggongvirae;Uroviricota;Caudoviricetes;;
Biragzang__NODE_784_length_11013_cov_12.139168	11013	No terminal repeats	NA	1	11	0.9473	NA	0	1.4588	Viruses;Duplodnaviria;Heunggongvirae;Uroviricota;Caudoviricetes;;
cell-4122-0-44_S10__NODE_456_length_5800_cov_1156.660400	5800	No terminal repeats	NA	6	11	0.9467	NA	3	8.4433	Viruses;Duplodnaviria;Heunggongvirae;Uroviricota;Caudoviricetes;;
MV-4122_S12__NODE_467_length_27200_cov_22.006705	27200	No terminal repeats	NA	26	11	0.9450	NA	5	17.0731	Viruses;Duplodnaviria;Heunggongvirae;Uroviricota;Caudoviricetes;;
Biragzang__NODE_889_length_10178_cov_25.823570	10178	No terminal repeats	NA	18	11	0.9444	NA	4	18.0886	Viruses;Duplodnaviria;Heunggongvirae;Uroviricota;Caudoviricetes;;
cell-4122-0-44_S10__NODE_34_length_31580_cov_641.513751	31580	No terminal repeats	NA	51	11	0.9440	NA	9	40.1495	Viruses;Duplodnaviria;Heunggongvirae;Uroviricota;Caudoviricetes;;
MV-4122_S12__NODE_341_length_35223_cov_31.765440|provirus_19084_35222	16139	Provirus	19084-35222	23	11	0.9439	NA	1	13.1705	Viruses;Duplodnaviria;Heunggongvirae;Uroviricota;Caudoviricetes;;
MV-4122_S12__NODE_649_length_21189_cov_8.708053	21189	No terminal repeats	NA	43	11	0.9422	NA	0	16.1937	Viruses;Duplodnaviria;Heunggongvirae;Uroviricota;Caudoviricetes;;
Biragzang__NODE_221_length_21110_cov_17.261791	21110	No terminal repeats	NA	21	11	0.9418	NA	3	8.6558	Viruses;Duplodnaviria;Heunggongvirae;Uroviricota;Caudoviricetes;;
MV-4128_S29__NODE_1226_length_5275_cov_4.972797	5275	No terminal repeats	NA	10	11	0.9407	NA	0	5.0931	Viruses;Duplodnaviria;Heunggongvirae;Uroviricota;Caudoviricetes;;
cell-4122-0-22_S11__NODE_96_length_8897_cov_25.647478	8897	No terminal repeats	NA	13	11	0.9403	NA	5	12.6876	Viruses;Duplodnaviria;Heunggongvirae;Uroviricota;Caudoviricetes;;
MV-4122_S12__NODE_2021_length_6634_cov_15.820641	6634	No terminal repeats	NA	9	11	0.9381	NA	1	4.7073	Viruses;Duplodnaviria;Heunggongvirae;Uroviricota;Caudoviricetes;;
MV-4125_S18__NODE_192_length_36032_cov_194.343914	36032	No terminal repeats	NA	52	11	0.9380	NA	14	36.6482	Viruses;Duplodnaviria;Heunggongvirae;Uroviricota;Caudoviricetes;;
MV-4122_S12__NODE_1184_length_11850_cov_7.900212	11850	No terminal repeats	NA	28	11	0.9369	NA	0	6.6985	Viruses;Duplodnaviria;Heunggongvirae;Uroviricota;Caudoviricetes;;
Biragzang__NODE_1204_length_8650_cov_13.956254	8650	No terminal repeats	NA	13	11	0.9359	NA	5	17.4395	Viruses;Duplodnaviria;Heunggongvirae;Uroviricota;Caudoviricetes;;
cell-4125-0-44_S16__NODE_489_length_5646_cov_16.257915	5646	No terminal repeats	NA	6	11	0.9350	NA	0	4.7608	Viruses;Duplodnaviria;Heunggongvirae;Uroviricota;Caudoviricetes;;
MV-4128_S29__NODE_1294_length_5001_cov_10.687829	5001	No terminal repeats	NA	5	11	0.9350	NA	0	1.7183	Unclassified
MV-4122_S12__NODE_13_length_180342_cov_55.843233|provirus_117815_133988	16174	Provirus	117815-133988	19	11	0.9349	NA	10	24.0822	Viruses;Duplodnaviria;Heunggongvirae;Uroviricota;Caudoviricetes;;
MV-4128_S29__NODE_12_length_141680_cov_673.733402|provirus_118322_141679	23358	Provirus	118322-141679	38	11	0.9325	NA	4	19.5450	Viruses;Duplodnaviria;Heunggongvirae;Uroviricota;Caudoviricetes;;
Biragzang__NODE_1687_length_7034_cov_44.873334	7034	DTR	NA	10	11	0.9319	NA	1	7.5284	Viruses;Duplodnaviria;Heunggongvirae;Uroviricota;Caudoviricetes;;
cell-4122-0-44_S10__NODE_28_length_38013_cov_1387.913457	38013	No terminal repeats	NA	48	11	0.9319	NA	10	40.9754	Viruses;Duplodnaviria;Heunggongvirae;Uroviricota;Caudoviricetes;;
Biragzang__NODE_353_length_16533_cov_11.542663	16533	No terminal repeats	NA	22	11	0.9313	NA	6	28.3511	Viruses;Duplodnaviria;Heunggongvirae;Uroviricota;Caudoviricetes;;
Biragzang__NODE_2240_length_5920_cov_29.758227	5920	No terminal repeats	NA	9	11	0.9312	NA	0	3.1935	Viruses;Duplodnaviria;Heunggongvirae;Uroviricota;Caudoviricetes;;
MV-4128_S29__NODE_557_length_10963_cov_13.663366	10963	No terminal repeats	NA	20	11	0.9310	NA	2	3.2746	Viruses;Duplodnaviria;Heunggongvirae;Uroviricota;Caudoviricetes;;
MV-4122_S12__NODE_2224_length_5886_cov_21.770880	5886	No terminal repeats	NA	9	11	0.9302	NA	0	9.4678	Viruses;Duplodnaviria;Heunggongvirae;Uroviricota;Caudoviricetes;;
Biragzang__NODE_787_length_10997_cov_6.748401	10997	No terminal repeats	NA	13	11	0.9297	NA	1	4.8605	Viruses;Duplodnaviria;Heunggongvirae;Uroviricota;Caudoviricetes;;
cell-4122-0-44_S10__NODE_57_length_20520_cov_984.915661	20520	No terminal repeats	NA	35	11	0.9283	NA	2	29.6011	Viruses;Duplodnaviria;Heunggongvirae;Uroviricota;Caudoviricetes;;
MV-4122_S12__NODE_5_length_250913_cov_121.761750|provirus_102175_117849	15675	Provirus	102175-117849	22	11	0.9279	NA	8	19.0313	Viruses;Duplodnaviria;Heunggongvirae;Uroviricota;Caudoviricetes;;
Biragzang__NODE_1456_length_7756_cov_9.580574	7756	No terminal repeats	NA	10	11	0.9267	NA	1	9.5036	Viruses;Duplodnaviria;Heunggongvirae;Uroviricota;Caudoviricetes;;
Biragzang__NODE_1514_length_7564_cov_11.243841	7564	No terminal repeats	NA	6	11	0.9210	NA	0	3.0597	Viruses;Duplodnaviria;Heunggongvirae;Uroviricota;Caudoviricetes;;
MV-4122_S12__NODE_1593_length_8783_cov_26.674610	8783	No terminal repeats	NA	15	11	0.9183	NA	0	3.8195	Viruses;Duplodnaviria;Heunggongvirae;Uroviricota;Caudoviricetes;;
cell-4122-0-44_S10__NODE_5_length_177758_cov_542.156812|provirus_147724_159980	12257	Provirus	147724-159980	16	11	0.9180	NA	10	17.1464	Viruses;Duplodnaviria;Heunggongvirae;Uroviricota;Caudoviricetes;;
cell-4122-0-44_S10__NODE_422_length_6029_cov_156.669233	6029	No terminal repeats	NA	11	11	0.9176	NA	0	3.4366	Viruses;Duplodnaviria;Heunggongvirae;Uroviricota;Caudoviricetes;;
Biragzang__NODE_1003_length_9442_cov_69.901779	9442	No terminal repeats	NA	11	11	0.9165	NA	3	15.2488	Viruses;Duplodnaviria;Heunggongvirae;Uroviricota;Caudoviricetes;;
MV-4128_S29__NODE_810_length_7879_cov_14.016488	7879	No terminal repeats	NA	13	11	0.9156	NA	0	2.2280	Viruses;Duplodnaviria;Heunggongvirae;Uroviricota;Caudoviricetes;;
MV-4122_S12__NODE_1845_length_7348_cov_54.836281	7348	No terminal repeats	NA	7	11	0.9145	NA	2	3.5723	Viruses;Duplodnaviria;Heunggongvirae;Uroviricota;Caudoviricetes;;
cell-4125-0-44_S16__NODE_463_length_5778_cov_6.803774	5778	No terminal repeats	NA	8	11	0.9132	NA	0	6.2779	Viruses;Duplodnaviria;Heunggongvirae;Uroviricota;Caudoviricetes;;
MV-4125_S18__NODE_1424_length_8140_cov_17.218924	8140	No terminal repeats	NA	15	11	0.9126	NA	1	7.3314	Viruses;Duplodnaviria;Heunggongvirae;Uroviricota;Caudoviricetes;;
cell-4122-0-44_S10__NODE_89_length_15277_cov_411.056891|provirus_409_13220	12812	Provirus	409-13220	14	11	0.9119	NA	6	9.6799	Viruses;Duplodnaviria;Heunggongvirae;Uroviricota;Caudoviricetes;;
MV-4122_S12__NODE_2485_length_5204_cov_11.535444	5204	No terminal repeats	NA	6	11	0.9108	NA	2	5.9888	Viruses;Duplodnaviria;Heunggongvirae;Uroviricota;Caudoviricetes;;
Biragzang__NODE_2751_length_5185_cov_9.392982	5185	No terminal repeats	NA	9	11	0.9103	NA	5	5.6332	Viruses;Duplodnaviria;Heunggongvirae;Uroviricota;Caudoviricetes;;
cell-4122-0-44_S10__NODE_36_length_30711_cov_618.072253	30711	No terminal repeats	NA	33	11	0.9078	NA	9	20.4123	Viruses;Duplodnaviria;Heunggongvirae;Uroviricota;Caudoviricetes;;
MV-4122_S12__NODE_1764_length_7813_cov_31.790281	7813	No terminal repeats	NA	11	11	0.9067	NA	0	1.7149	Viruses;Duplodnaviria;Heunggongvirae;Uroviricota;Caudoviricetes;;
MV-4128_S29__NODE_1033_length_6209_cov_404.209945	6209	No terminal repeats	NA	11	11	0.9056	NA	0	4.2032	Viruses;Duplodnaviria;Heunggongvirae;Uroviricota;Caudoviricetes;;
Biragzang__NODE_1737_length_6927_cov_11.476572	6927	No terminal repeats	NA	8	11	0.9046	NA	4	10.8999	Viruses;Duplodnaviria;Heunggongvirae;Uroviricota;Caudoviricetes;;
MV-4125_S18__NODE_2558_length_5074_cov_7.828651	5074	No terminal repeats	NA	8	11	0.9007	NA	3	8.2197	Viruses;Duplodnaviria;Heunggongvirae;Uroviricota;Caudoviricetes;;
MV-4122_S12__NODE_1934_length_6974_cov_8.844775	6974	No terminal repeats	NA	5	11	0.9000	NA	0	1.2491	Viruses;Duplodnaviria;Heunggongvirae;Uroviricota;Caudoviricetes;;
cell-4122-0-44_S10__NODE_12_length_95464_cov_625.492029|provirus_13_62876	62864	Provirus	13-62876	61	11	0.8987	NA	15	48.3455	Viruses;Duplodnaviria;Heunggongvirae;Uroviricota;Caudoviricetes;;
cell-4122-0-44_S10__NODE_21_length_48646_cov_541.704328|provirus_467_9046	8580	Provirus	467-9046	12	11	0.8985	NA	5	8.8209	Viruses;Duplodnaviria;Heunggongvirae;Uroviricota;Caudoviricetes;;
Biragzang__NODE_1143_length_8864_cov_13.139743	8864	No terminal repeats	NA	11	11	0.8957	NA	2	9.5785	Viruses;Duplodnaviria;Heunggongvirae;Uroviricota;Caudoviricetes;;
Biragzang__NODE_1532_length_7478_cov_23.746464	7478	No terminal repeats	NA	13	11	0.8939	NA	4	12.7629	Viruses;Duplodnaviria;Heunggongvirae;Uroviricota;Caudoviricetes;;
Biragzang__NODE_1801_length_6793_cov_15.313595	6793	No terminal repeats	NA	9	11	0.8891	NA	1	4.6064	Viruses;Duplodnaviria;Heunggongvirae;Uroviricota;Caudoviricetes;;
Biragzang__NODE_660_length_11902_cov_8.740187	11902	No terminal repeats	NA	11	11	0.8833	NA	1	4.5208	Viruses;Duplodnaviria;Heunggongvirae;Uroviricota;Caudoviricetes;;
MV-4128_S29__NODE_798_length_8036_cov_6.839494	8036	No terminal repeats	NA	18	11	0.8830	NA	1	3.6149	Viruses;Duplodnaviria;Heunggongvirae;Uroviricota;Caudoviricetes;;
Biragzang__NODE_2129_length_6111_cov_18.436592	6111	No terminal repeats	NA	12	11	0.8821	NA	0	4.7594	Viruses;Duplodnaviria;Heunggongvirae;Uroviricota;Caudoviricetes;;
MV-4125_S18__NODE_446_length_21169_cov_43.054656	21169	DTR	NA	21	11	0.8797	NA	1	10.6465	Viruses;Duplodnaviria;Heunggongvirae;Uroviricota;Caudoviricetes;;
MV-4122_S12__NODE_2392_length_5415_cov_20.102799	5415	No terminal repeats	NA	9	11	0.8782	NA	0	1.3953	Viruses;Duplodnaviria;Heunggongvirae;Uroviricota;Caudoviricetes;;
MV-4122_S12__NODE_2426_length_5341_cov_4.953462	5341	No terminal repeats	NA	6	11	0.8774	NA	2	5.1790	Viruses;Duplodnaviria;Heunggongvirae;Uroviricota;Caudoviricetes;;
Biragzang__NODE_1729_length_6946_cov_10.510086	6946	No terminal repeats	NA	7	11	0.8773	NA	0	7.1644	Viruses;Duplodnaviria;Heunggongvirae;Uroviricota;Caudoviricetes;;
cell-4122-0-44_S10__NODE_98_length_14982_cov_692.056542	14982	No terminal repeats	NA	16	11	0.8766	NA	1	10.5719	Viruses;Duplodnaviria;Heunggongvirae;Uroviricota;Caudoviricetes;;
cell-4122-0-44_S10__NODE_430_length_5996_cov_618.122538	5996	No terminal repeats	NA	9	11	0.8742	NA	0	7.2200	Viruses;Duplodnaviria;Heunggongvirae;Uroviricota;Caudoviricetes;;
Biragzang__NODE_239_length_20490_cov_10.928799	20490	No terminal repeats	NA	23	11	0.8732	NA	3	23.4681	Viruses;Duplodnaviria;Heunggongvirae;Uroviricota;Caudoviricetes;;
MV-4128_S29__NODE_575_length_10738_cov_611.299729	10738	No terminal repeats	NA	20	11	0.8728	NA	2	6.2720	Viruses;Duplodnaviria;Heunggongvirae;Uroviricota;Caudoviricetes;;
MV-4128_S29__NODE_1110_length_5845_cov_34.492746	5845	No terminal repeats	NA	16	11	0.8728	NA	1	7.0736	Viruses;Duplodnaviria;Heunggongvirae;Uroviricota;Caudoviricetes;;
MV-4122_S12__NODE_517_length_25277_cov_17.470859	25277	No terminal repeats	NA	26	11	0.8721	NA	0	4.2205	Viruses;Duplodnaviria;Heunggongvirae;Uroviricota;Caudoviricetes;;
MV-4128_S29__NODE_219_length_22136_cov_837.337666|provirus_4330_22100	17771	Provirus	4330-22100	21	11	0.8717	NA	9	19.2724	Viruses;Duplodnaviria;Heunggongvirae;Uroviricota;Caudoviricetes;;
cell-4122-0-44_S10__NODE_24_length_41240_cov_653.001093|provirus_2_18544	18543	Provirus	2-18544	21	11	0.8700	NA	1	10.9951	Viruses;Duplodnaviria;Heunggongvirae;Uroviricota;Caudoviricetes;;
Biragzang__NODE_434_length_14690_cov_13.984558	14690	No terminal repeats	NA	22	11	0.8677	NA	6	24.5140	Viruses;Duplodnaviria;Heunggongvirae;Uroviricota;Caudoviricetes;;
MV-4122_S12__NODE_1458_length_9606_cov_8.548948	9606	No terminal repeats	NA	14	11	0.8657	NA	0	3.4366	Viruses;Duplodnaviria;Heunggongvirae;Uroviricota;Caudoviricetes;;
Biragzang__NODE_311_length_17938_cov_50.900073	17938	No terminal repeats	NA	25	11	0.8627	NA	6	27.2624	Viruses;Duplodnaviria;Heunggongvirae;Uroviricota;Caudoviricetes;;
Biragzang__NODE_2385_length_5698_cov_7.306929	5698	No terminal repeats	NA	5	11	0.8620	NA	2	2.4751	Viruses;Duplodnaviria;Heunggongvirae;Uroviricota;Caudoviricetes;;
Biragzang__NODE_762_length_11150_cov_10.937720	11150	No terminal repeats	NA	10	11	0.8613	NA	4	12.5478	Viruses;Duplodnaviria;Heunggongvirae;Uroviricota;Caudoviricetes;;
MV-4122_S12__NODE_2132_length_6183_cov_4.819191	6183	No terminal repeats	NA	14	11	0.8598	NA	0	5.1711	Viruses;Duplodnaviria;Heunggongvirae;Uroviricota;Caudoviricetes;;
MV-4122_S12__NODE_1702_length_8173_cov_10.163587	8173	No terminal repeats	NA	8	11	0.8583	NA	0	1.1882	Viruses;Duplodnaviria;Heunggongvirae;Uroviricota;Caudoviricetes;;
Biragzang__NODE_2350_length_5752_cov_31.097069	5752	No terminal repeats	NA	8	11	0.8562	NA	0	1.2365	Viruses;Duplodnaviria;Heunggongvirae;Uroviricota;Caudoviricetes;;
Biragzang__NODE_2173_length_6032_cov_6.541074	6032	No terminal repeats	NA	7	11	0.8544	NA	0	8.7575	Viruses;Duplodnaviria;Heunggongvirae;Uroviricota;Caudoviricetes;;
MV-4122_S12__NODE_1057_length_13322_cov_33.722394	13322	No terminal repeats	NA	18	11	0.8504	NA	2	4.0956	Viruses;Duplodnaviria;Heunggongvirae;Uroviricota;Caudoviricetes;;
Biragzang__NODE_943_length_9819_cov_17.300184	9819	No terminal repeats	NA	14	11	0.8496	NA	0	1.5849	Viruses;Duplodnaviria;Heunggongvirae;Uroviricota;Caudoviricetes;;
MV-4122_S12__NODE_756_length_18293_cov_12.390558	18293	No terminal repeats	NA	24	11	0.8477	NA	0	3.8627	Viruses;Duplodnaviria;Heunggongvirae;Uroviricota;Caudoviricetes;;
cell-4122-0-44_S10__NODE_39_length_29241_cov_550.532550	29241	No terminal repeats	NA	33	11	0.8417	NA	5	13.6418	Viruses;Duplodnaviria;Heunggongvirae;Uroviricota;Caudoviricetes;;
cell-4122-0-44_S10__NODE_472_length_5642_cov_2003.902452	5642	No terminal repeats	NA	9	11	0.8350	NA	3	6.0915	Viruses;Duplodnaviria;Heunggongvirae;Uroviricota;Caudoviricetes;;
MV-4122_S12__NODE_1230_length_11399_cov_30.884785	11399	No terminal repeats	NA	2	11	0.8337	NA	0	1.6500	Viruses;Duplodnaviria;Heunggongvirae;Uroviricota;Caudoviricetes;;
cell-4122-0-44_S10__NODE_109_length_14409_cov_432.549046	14409	No terminal repeats	NA	12	11	0.8304	NA	0	2.7501	Viruses;Duplodnaviria;Heunggongvirae;Uroviricota;Caudoviricetes;;
MV-4128_S29__NODE_1234_length_5239_cov_5.394290	5239	No terminal repeats	NA	8	11	0.8290	NA	0	4.0061	Viruses;Duplodnaviria;Heunggongvirae;Uroviricota;Caudoviricetes;;
cell-4122-0-44_S10__NODE_385_length_6452_cov_9.223542	6452	No terminal repeats	NA	9	11	0.8285	NA	0	2.1788	Viruses;Duplodnaviria;Heunggongvirae;Uroviricota;Caudoviricetes;;
MV-4122_S12__NODE_661_length_20802_cov_20.918060	20802	No terminal repeats	NA	13	11	0.8160	NA	0	2.9593	Viruses;Duplodnaviria;Heunggongvirae;Uroviricota;Caudoviricetes;;
cell-4122-0-44_S10__NODE_399_length_6299_cov_19.825112	6299	No terminal repeats	NA	8	11	0.8129	NA	3	5.0291	Viruses;Duplodnaviria;Heunggongvirae;Uroviricota;Caudoviricetes;;
cell-4122-0-44_S10__NODE_24_length_41240_cov_653.001093|provirus_23384_41223	17840	Provirus	23384-41223	18	11	0.8111	NA	4	11.9247	Viruses;Duplodnaviria;Heunggongvirae;Uroviricota;Caudoviricetes;;
Biragzang__NODE_1655_length_7113_cov_20.211108	7113	No terminal repeats	NA	3	11	0.8090	NA	1	2.8301	Viruses;Duplodnaviria;Heunggongvirae;Uroviricota;Caudoviricetes;;
Biragzang__NODE_249_length_20090_cov_57.661492	20090	No terminal repeats	NA	29	11	0.8037	NA	4	7.7403	Viruses;Duplodnaviria;Heunggongvirae;Uroviricota;Caudoviricetes;;
Biragzang__NODE_2417_length_5653_cov_4.573062	5653	No terminal repeats	NA	8	11	0.8013	NA	3	9.7988	Viruses;Duplodnaviria;Heunggongvirae;Uroviricota;Caudoviricetes;;
Biragzang__NODE_2890_length_5020_cov_10.822759	5020	No terminal repeats	NA	10	11	0.7985	NA	0	4.0054	Viruses;Duplodnaviria;Heunggongvirae;Uroviricota;Caudoviricetes;;
cell-4125-0-44_S16__NODE_622_length_5104_cov_8.807487	5104	No terminal repeats	NA	10	11	0.7929	NA	0	0.0000	Unclassified
cell-4125-0-44_S16__NODE_496_length_5606_cov_71.590344	5606	No terminal repeats	NA	11	11	0.7906	NA	2	4.3760	Viruses;Duplodnaviria;Heunggongvirae;Uroviricota;Caudoviricetes;;
Biragzang__NODE_1597_length_7288_cov_34.504217	7288	No terminal repeats	NA	10	11	0.7855	NA	0	4.6280	Viruses;Duplodnaviria;Heunggongvirae;Uroviricota;Caudoviricetes;;
Biragzang__NODE_2654_length_5305_cov_5.951810	5305	No terminal repeats	NA	5	11	0.7750	NA	0	0.0000	Unclassified
Biragzang__NODE_2678_length_5273_cov_23.692794	5273	No terminal repeats	NA	3	11	0.7593	NA	0	2.6280	Viruses;Duplodnaviria;Heunggongvirae;Uroviricota;Caudoviricetes;;Herelleviridae
Biragzang__NODE_1919_length_6526_cov_13.451708	6526	No terminal repeats	NA	10	11	0.7586	NA	4	12.4827	Viruses;Duplodnaviria;Heunggongvirae;Uroviricota;Caudoviricetes;;
Biragzang__NODE_1419_length_7915_cov_24.633079	7915	No terminal repeats	NA	9	11	0.7582	NA	1	2.6886	Viruses;Duplodnaviria;Heunggongvirae;Uroviricota;Caudoviricetes;;
cell-4125-0-44_S16__NODE_127_length_9207_cov_7.383960	9207	No terminal repeats	NA	17	11	0.7488	NA	0	1.7068	Viruses;Duplodnaviria;Heunggongvirae;Uroviricota;Caudoviricetes;;
Biragzang__NODE_999_length_9456_cov_13.198702	9456	No terminal repeats	NA	12	11	0.7393	NA	0	3.1750	Viruses;Varidnaviria;Helvetiavirae;Dividoviricota;Laserviricetes;Halopanivirales;Matsushitaviridae
MV-4122_S12__NODE_1663_length_8453_cov_7.082520	8453	No terminal repeats	NA	9	11	0.7305	NA	0	2.5552	Viruses;Duplodnaviria;Heunggongvirae;Uroviricota;Caudoviricetes;;
MV-4122_S12__NODE_2570_length_5026_cov_40.022933	5026	No terminal repeats	NA	8	11	0.7225	NA	0	0.0000	Unclassified
MV-4122_S12__NODE_2338_length_5579_cov_36.306662	5579	No terminal repeats	NA	5	11	0.7182	NA	0	1.7183	Viruses;Duplodnaviria;Heunggongvirae;Uroviricota;Caudoviricetes;;
Biragzang__NODE_1911_length_6549_cov_4.199877	6549	No terminal repeats	NA	9	11	0.7134	NA	0	1.7183	Viruses;Duplodnaviria;Heunggongvirae;Uroviricota;Caudoviricetes;;
cell-4125-0-44_S16__NODE_647_length_5038_cov_8.933373	5038	No terminal repeats	NA	2	11	0.7133	NA	0	1.7183	Viruses;Duplodnaviria;Heunggongvirae;Uroviricota;Caudoviricetes;;
MV-4125_S18__NODE_2087_length_6014_cov_8.476422	6014	No terminal repeats	NA	5	11	0.7111	NA	0	1.7183	Unclassified
MV-4125_S18__NODE_2208_length_5722_cov_6.725428	5722	No terminal repeats	NA	7	11	0.7089	NA	2	4.6378	Viruses;Duplodnaviria;Heunggongvirae;Uroviricota;Caudoviricetes;;
cell-4122-0-44_S10__NODE_387_length_6441_cov_630.987003	6441	No terminal repeats	NA	7	11	0.7080	NA	0	2.7891	Viruses;Duplodnaviria;Heunggongvirae;Uroviricota;Caudoviricetes;;
cell-4125-0-44_S16__NODE_546_length_5377_cov_8.274521	5377	No terminal repeats	NA	8	11	0.7041	NA	1	1.5173	Viruses;Duplodnaviria;Heunggongvirae;Uroviricota;Caudoviricetes;;
