seq_name	length	topology	n_genes	genetic_code	plasmid_score	fdr	n_hallmarks	marker_enrichment	conjugation_genes	amr_genes
cell-4122-0-44_S10__NODE_162_length_11573_cov_12.840945	11573	No terminal repeats	11	11	0.9950	NA	6	12.1174	MOBP1;T_virB10;T_virB9;T_virB8;T_virB6	NA
Biragzang__NODE_2270_length_5864_cov_5.962128	5864	No terminal repeats	7	11	0.9950	NA	5	9.8854	F_traV;F_traW;F_traU	NA
MV-4122_S12__NODE_2147_length_6136_cov_12.099655	6136	No terminal repeats	10	11	0.9948	NA	2	6.2853	MOBP1	NA
MV-4125_S18__NODE_404_length_22264_cov_44.262776	22264	No terminal repeats	25	11	0.9947	NA	10	28.2713	F_traL;F_traE;F_traK;F_traV;F_traW;F_traU	NA
cell-4122-0-44_S10__NODE_335_length_7097_cov_12.033371	7097	No terminal repeats	9	11	0.9947	NA	4	9.5638	T_virB2;T_virB3;virb4	NA
MV-4128_S29__NODE_57_length_45041_cov_492.694016	45041	No terminal repeats	46	11	0.9945	NA	16	36.1437	F_traG;F_traH;F_traF;F_trbC;F_trbC;F_traU;F_traW;F_traV;F_traK;F_traE;F_traL;F_traV	NA
MV-4125_S18__NODE_496_length_19461_cov_56.386994	19461	No terminal repeats	20	11	0.9944	NA	6	10.8821	T_virB9;T_virB8;T_virB6;T_virB5;virb4	NA
cell-4125-0-44_S16__NODE_553_length_5346_cov_6.987148	5346	No terminal repeats	8	11	0.9944	NA	4	8.5131	T_virB2;T_virB3;virb4;T_virB5	NA
MV-4122_S12__NODE_557_length_23881_cov_24.390162	23881	No terminal repeats	30	11	0.9942	NA	0	15.3362	NA	NA
cell-4122-0-44_S10__NODE_223_length_9575_cov_14.182458	9575	No terminal repeats	8	11	0.9938	NA	0	4.8309	NA	NA
MV-4122_S12__NODE_1251_length_11198_cov_62.702773	11198	No terminal repeats	14	11	0.9936	NA	2	5.4542	MOBQ	NA
cell-4125-0-44_S16__NODE_341_length_6425_cov_11.633595	6425	No terminal repeats	8	11	0.9936	NA	0	3.4366	NA	NA
cell-4125-0-44_S16__NODE_353_length_6332_cov_204.931655	6332	No terminal repeats	7	11	0.9934	NA	0	2.8899	NA	NA
MV-4125_S18__NODE_1553_length_7622_cov_15.455663	7622	No terminal repeats	4	11	0.9934	NA	1	3.0962	NA	NA
Biragzang__NODE_2616_length_5338_cov_6.124172	5338	No terminal repeats	7	11	0.9931	NA	5	5.7900	t4cp1;G_tfc5;T_virB1;G_tfc3;G_tfc2	NA
MV-4128_S29__NODE_460_length_12739_cov_45.182592	12739	No terminal repeats	17	11	0.9931	NA	9	12.2638	T_virB1;T_virB2;T_virB3;virb4;T_virB5;T_virB6;T_virB8;T_virB9	NA
cell-4122-0-44_S10__NODE_63_length_19337_cov_11.651800	19337	No terminal repeats	23	11	0.9927	NA	1	6.4824	NA	NA
MV-4125_S18__NODE_1272_length_8874_cov_182.885134	8874	No terminal repeats	9	11	0.9927	NA	0	5.1530	NA	NA
MV-4125_S18__NODE_1632_length_7348_cov_27.720143	7348	No terminal repeats	11	11	0.9927	NA	0	4.3819	NA	NA
MV-4125_S18__NODE_272_length_28971_cov_17.311869	28971	No terminal repeats	32	11	0.9926	NA	13	24.0963	F_traH;F_trbC;F_trbC;F_traU;F_traW;virb4;F_traV;F_traK;F_traE;F_traL	NA
MV-4122_S12__NODE_1911_length_7086_cov_10.267956	7086	No terminal repeats	10	11	0.9926	NA	1	10.8894	NA	NA
MV-4125_S18__NODE_401_length_22405_cov_18.445369	22405	No terminal repeats	23	11	0.9925	NA	9	16.0464	T_virB9;T_virB8;T_virB6;T_virB5;virb4;T_virB3;T_virB2;T_virB1	NA
MV-4125_S18__NODE_1955_length_6356_cov_8.947945	6356	No terminal repeats	5	11	0.9923	NA	0	4.7143	NA	NA
MV-4125_S18__NODE_840_length_12666_cov_31.116089	12666	No terminal repeats	22	11	0.9923	NA	0	7.4277	NA	NA
MV-4122_S12__NODE_1295_length_10812_cov_70.064423	10812	No terminal repeats	14	11	0.9923	NA	6	4.9969	T_virB11;T_virB2;virb4;T_virB5;T_virB8	NA
MV-4128_S29__NODE_540_length_11217_cov_85.560383	11217	No terminal repeats	10	11	0.9922	NA	0	10.3988	NA	NA
MV-4125_S18__NODE_95_length_52445_cov_22.902863	52445	No terminal repeats	66	11	0.9921	NA	16	56.3255	t4cp2;F_traG;F_traH;F_traF;F_traN;F_trbC;F_traU;F_traW;F_traK;F_traE;F_traL	NA
MV-4125_S18__NODE_494_length_19498_cov_25.343105	19498	No terminal repeats	24	11	0.9921	NA	11	16.3654	T_virB10;T_virB9;T_virB8;T_virB6;T_virB5;virb4;T_virB3;T_virB2;T_virB11	NA
MV-4122_S12__NODE_317_length_37142_cov_39.414889	37142	No terminal repeats	40	11	0.9920	NA	7	28.5105	T_virB1;T_virB3;T_virB6;T_virB8;T_virB9	NA
Biragzang__NODE_480_length_14164_cov_11.993125	14164	No terminal repeats	16	11	0.9918	NA	8	10.1380	T_virB10;T_virB9;T_virB8;T_virB6;T_virB5;virb4;T_virB3;T_virB2;T_virB11	NA
MV-4122_S12__NODE_2023_length_6626_cov_34.950845	6626	No terminal repeats	7	11	0.9918	NA	0	2.1281	NA	NA
MV-4128_S29__NODE_623_length_10105_cov_28.352836	10105	No terminal repeats	12	11	0.9918	NA	0	3.8325	NA	NA
MV-4128_S29__NODE_208_length_22894_cov_22.031569	22894	No terminal repeats	24	11	0.9918	NA	15	27.8378	F_traG;F_traH;F_traF;F_traN;F_trbC;F_traU;F_traW;F_traK;F_traE;F_traL	NA
Biragzang__NODE_1493_length_7617_cov_12.721634	7617	No terminal repeats	12	11	0.9918	NA	0	2.7963	NA	NA
MV-4125_S18__NODE_1412_length_8189_cov_15.001598	8189	No terminal repeats	11	11	0.9917	NA	0	4.4400	NA	NA
cell-4125-0-44_S16__NODE_319_length_6543_cov_8.119297	6543	No terminal repeats	9	11	0.9916	NA	0	3.6029	NA	NA
Biragzang__NODE_535_length_13324_cov_18.745120	13324	No terminal repeats	17	11	0.9916	NA	1	4.3904	t4cp2	NA
cell-4122-0-44_S10__NODE_375_length_6561_cov_468.765294	6561	No terminal repeats	6	11	0.9915	NA	1	3.7370	NA	NA
MV-4128_S29__NODE_53_length_46916_cov_601.737543	46916	No terminal repeats	46	11	0.9914	NA	0	27.8007	NA	NA
MV-4128_S29__NODE_196_length_23538_cov_18.131883	23538	No terminal repeats	27	11	0.9913	NA	10	12.7627	T_virB11;T_virB2;T_virB3;virb4;T_virB5;T_virB6;T_virB8;T_virB9;T_virB10	NA
MV-4128_S29__NODE_29_length_69162_cov_83.801887	69162	No terminal repeats	70	11	0.9912	NA	1	24.8800	NA	NF000272
MV-4128_S29__NODE_206_length_22973_cov_19.495331	22973	No terminal repeats	30	11	0.9910	NA	10	21.0437	T_virB10;T_virB9;T_virB8;T_virB6;T_virB5;virb4;T_virB3;T_virB2;T_virB11	NA
MV-4125_S18__NODE_472_length_20409_cov_25.459811	20409	No terminal repeats	26	11	0.9910	NA	2	9.9678	NA	NA
MV-4125_S18__NODE_127_length_45033_cov_248.494331	45033	No terminal repeats	46	11	0.9909	NA	1	25.1555	NA	NF000272
MV-4125_S18__NODE_348_length_24562_cov_34.625291	24562	No terminal repeats	27	11	0.9908	NA	0	8.1580	NA	NA
MV-4125_S18__NODE_270_length_29111_cov_24.286860	29111	No terminal repeats	31	11	0.9908	NA	0	14.9351	NA	NA
MV-4122_S12__NODE_636_length_21563_cov_30.727543	21563	No terminal repeats	26	11	0.9907	NA	0	3.2676	NA	NA
cell-4125-0-44_S16__NODE_77_length_10753_cov_14.616844	10753	No terminal repeats	15	11	0.9907	NA	9	18.5470	F_traL;F_traE;F_traK;F_traV;F_traW	NA
MV-4122_S12__NODE_359_length_34014_cov_112.324656	34014	No terminal repeats	39	11	0.9906	NA	4	20.1651	MOBP1	NA
MV-4128_S29__NODE_708_length_8913_cov_14.136713	8913	No terminal repeats	6	11	0.9906	NA	0	4.5943	NA	NA
MV-4128_S29__NODE_151_length_27711_cov_15.596435	27711	No terminal repeats	30	11	0.9905	NA	0	12.7100	NA	NA
MV-4122_S12__NODE_68_length_96236_cov_106.810888	96236	No terminal repeats	107	11	0.9905	NA	5	24.6162	T_virB8;T_virB9;T_virB10	NF033105;NF033105
MV-4128_S29__NODE_227_length_21376_cov_44.601285	21376	No terminal repeats	21	11	0.9905	NA	0	6.4180	NA	NA
cell-4122-0-44_S10__NODE_44_length_26779_cov_1074.789889	26779	DTR	28	11	0.9905	NA	1	9.8943	NA	NA
MV-4128_S29__NODE_188_length_23957_cov_18.879634	23957	No terminal repeats	29	11	0.9902	NA	10	18.1495	T_virB1;T_virB2;T_virB3;virb4;T_virB5;T_virB6;T_virB8;T_virB9	NA
MV-4128_S29__NODE_79_length_39002_cov_509.440778	39002	No terminal repeats	36	11	0.9901	NA	1	11.1688	NA	NA
cell-4125-0-44_S16__NODE_208_length_7661_cov_14.361820	7661	No terminal repeats	15	11	0.9901	NA	0	7.5685	NA	NA
MV-4128_S29__NODE_569_length_10777_cov_23.502518	10777	No terminal repeats	17	11	0.9901	NA	0	3.9520	NA	NA
MV-4125_S18__NODE_1269_length_8910_cov_16.506606	8910	No terminal repeats	13	11	0.9901	NA	1	7.5204	NA	NA
cell-4125-0-44_S16__NODE_642_length_5047_cov_7.571715	5047	No terminal repeats	10	11	0.9897	NA	1	7.2843	NA	NA
MV-4128_S29__NODE_608_length_10436_cov_20.162508	10436	No terminal repeats	18	11	0.9896	NA	0	9.7315	NA	NA
MV-4125_S18__NODE_253_length_30602_cov_226.365797	30602	No terminal repeats	35	11	0.9895	NA	0	19.3815	NA	NA
Biragzang__NODE_1496_length_7608_cov_13.150669	7608	No terminal repeats	5	11	0.9894	NA	4	6.5550	F_trbC;F_traF;F_traH;F_traG	NA
cell-4125-0-44_S16__NODE_25_length_14537_cov_14.780141	14537	No terminal repeats	21	11	0.9891	NA	0	6.8639	NA	NA
MV-4125_S18__NODE_23_length_93706_cov_35.045456	93706	No terminal repeats	95	11	0.9891	NA	1	14.8822	NA	NF000029
MV-4128_S29__NODE_887_length_7306_cov_44.444077	7306	No terminal repeats	12	11	0.9890	NA	0	1.8885	NA	NA
MV-4128_S29__NODE_1073_length_6033_cov_11.731516	6033	No terminal repeats	7	11	0.9889	NA	0	3.2918	NA	NA
MV-4125_S18__NODE_245_length_31389_cov_276.851950	31389	No terminal repeats	41	11	0.9889	NA	0	13.9014	NA	NA
MV-4122_S12__NODE_1836_length_7418_cov_9.279641	7418	No terminal repeats	8	11	0.9889	NA	1	1.3333	NA	NA
MV-4125_S18__NODE_1938_length_6401_cov_6.875827	6401	No terminal repeats	9	11	0.9887	NA	0	4.3543	NA	NA
MV-4128_S29__NODE_102_length_34548_cov_31.412229	34548	No terminal repeats	31	11	0.9885	NA	8	12.0864	T_virB10;T_virB9;T_virB8;T_virB6;T_virB5;T_virB3;T_virB2;T_virB11	NA
MV-4125_S18__NODE_575_length_16993_cov_254.223993	16993	No terminal repeats	16	11	0.9885	NA	0	7.0454	NA	NF012178;NF000272
MV-4122_S12__NODE_236_length_45577_cov_24.787158	45577	No terminal repeats	47	11	0.9885	NA	0	8.4253	NA	NA
Biragzang__NODE_1974_length_6418_cov_56.132956	6418	No terminal repeats	7	11	0.9884	NA	0	3.9956	NA	NA
cell-4122-0-44_S10__NODE_346_length_6951_cov_14.409803	6951	No terminal repeats	7	11	0.9883	NA	0	4.4760	NA	NA
MV-4122_S12__NODE_921_length_14912_cov_59.187925	14912	No terminal repeats	17	11	0.9883	NA	0	2.3488	NA	NA
MV-4125_S18__NODE_605_length_16216_cov_25.649712	16216	No terminal repeats	20	11	0.9882	NA	9	10.6405	T_virB10;T_virB9;T_virB8;T_virB6;T_virB5;virb4;T_virB3;T_virB2;T_virB11	NA
MV-4122_S12__NODE_2428_length_5338_cov_191.763960	5338	No terminal repeats	5	11	0.9882	NA	0	1.7183	NA	NA
MV-4128_S29__NODE_103_length_34470_cov_35.511172	34470	No terminal repeats	37	11	0.9880	NA	11	21.3931	T_virB10;T_virB9;T_virB8;T_virB6;T_virB5;virb4;T_virB3;T_virB2;T_virB11;t4cp2	NA
MV-4125_S18__NODE_35_length_81422_cov_34.332776	81422	No terminal repeats	71	11	0.9878	NA	6	9.2319	T_virB10;T_virB8;T_virB5;T_virB2;T_virB11	NF000051;NF012178
cell-4125-0-44_S16__NODE_46_length_12512_cov_13.275508	12512	No terminal repeats	15	11	0.9877	NA	1	5.1695	t4cp2	NA
MV-4125_S18__NODE_1739_length_7014_cov_42.007903	7014	No terminal repeats	6	11	0.9877	NA	0	3.4351	NA	NA
Biragzang__NODE_1127_length_8935_cov_6.517005	8935	No terminal repeats	11	11	0.9875	NA	10	13.0794	virb4;G_tfc15;G_tfc14;G_tfc13;G_tfc12;G_tfc11;G_tfc10;G_tfc9;G_tfc8;G_tfc7;t4cp1	NA
MV-4125_S18__NODE_138_length_43350_cov_27.381129	43350	No terminal repeats	52	11	0.9873	NA	0	13.0234	NA	NA
cell-4122-0-44_S10__NODE_325_length_7432_cov_702.137590	7432	DTR	14	11	0.9873	NA	1	4.7205	NA	NA
MV-4125_S18__NODE_833_length_12739_cov_483.733917	12739	No terminal repeats	17	11	0.9873	NA	2	6.3136	NA	NA
MV-4122_S12__NODE_698_length_19644_cov_15.965593	19644	No terminal repeats	17	11	0.9872	NA	0	3.3104	NA	NF000051;NF012178
MV-4125_S18__NODE_805_length_13099_cov_23.643898	13099	No terminal repeats	16	11	0.9872	NA	0	8.5385	NA	NA
MV-4125_S18__NODE_896_length_11997_cov_15.072517	11997	No terminal repeats	19	11	0.9872	NA	0	3.6714	NA	NA
MV-4128_S29__NODE_1293_length_5002_cov_6.416818	5002	No terminal repeats	6	11	0.9871	NA	0	2.6069	NA	NA
MV-4125_S18__NODE_1098_length_10075_cov_28.315868	10075	No terminal repeats	17	11	0.9870	NA	0	3.8325	NA	NA
Biragzang__NODE_2416_length_5655_cov_6.346250	5655	No terminal repeats	7	11	0.9870	NA	0	2.7485	NA	NA
MV-4128_S29__NODE_205_length_23001_cov_33.394971	23001	No terminal repeats	26	11	0.9869	NA	0	4.6607	NA	NA
MV-4125_S18__NODE_1281_length_8833_cov_17.830485	8833	No terminal repeats	10	11	0.9868	NA	0	3.5324	NA	NA
MV-4125_S18__NODE_990_length_11057_cov_255.052718	11057	No terminal repeats	16	11	0.9866	NA	1	4.0543	NA	NA
MV-4122_S12__NODE_38_length_129112_cov_82.919539	129112	No terminal repeats	109	11	0.9866	NA	2	11.5544	NA	NA
cell-4122-0-44_S10__NODE_439_length_5923_cov_13.905249	5923	No terminal repeats	9	11	0.9865	NA	1	2.6786	F_traE	NA
Biragzang__NODE_803_length_10817_cov_6.132317	10817	No terminal repeats	10	11	0.9865	NA	6	9.0356	F_traU;F_trbC;F_traF;F_traH;F_traG	NA
MV-4122_S12__NODE_846_length_16143_cov_28.500746	16143	No terminal repeats	16	11	0.9864	NA	3	14.3159	NA	NA
MV-4122_S12__NODE_271_length_41564_cov_9.960804	41564	No terminal repeats	38	11	0.9861	NA	0	6.4217	NA	NA
MV-4128_S29__NODE_273_length_19120_cov_446.092316	19120	No terminal repeats	18	11	0.9861	NA	4	8.8549	F_trbC;F_traF;F_traH;F_traG	NA
Biragzang__NODE_976_length_9602_cov_6.912014	9602	No terminal repeats	11	11	0.9861	NA	9	12.0250	F_traB;F_traV;virb4;F_traW;F_traU;F_trbC;F_traN	NA
MV-4128_S29__NODE_289_length_18465_cov_15.586095	18465	No terminal repeats	18	11	0.9861	NA	0	5.3145	NA	NA
MV-4122_S12__NODE_1991_length_6759_cov_75.085770	6759	No terminal repeats	13	11	0.9860	NA	0	2.3823	NA	NA
MV-4125_S18__NODE_7_length_167495_cov_35.511383	167495	No terminal repeats	179	11	0.9860	NA	0	2.8625	NA	NA
MV-4125_S18__NODE_2201_length_5729_cov_18.078780	5729	No terminal repeats	4	11	0.9860	NA	0	2.0459	NA	NA
MV-4128_S29__NODE_799_length_8023_cov_816.873117	8023	No terminal repeats	9	11	0.9860	NA	0	2.9506	NA	NA
MV-4122_S12__NODE_1441_length_9735_cov_39.259607	9735	No terminal repeats	11	11	0.9858	NA	1	0.5285	MOBP1	NA
cell-4122-0-22_S11__NODE_185_length_6285_cov_13.444623	6285	No terminal repeats	6	11	0.9857	NA	0	2.9237	NA	NA
MV-4125_S18__NODE_142_length_42644_cov_250.049144	42644	ITR	51	11	0.9856	NA	15	34.3274	F_traG;F_traH;F_traF;F_trbC;F_trbC;F_traU;F_traW;F_traV;F_traK;F_traE;F_traL	NA
MV-4128_S29__NODE_406_length_14419_cov_35.144598	14419	No terminal repeats	15	11	0.9855	NA	0	3.5300	NA	NA
MV-4125_S18__NODE_1888_length_6530_cov_23.547027	6530	No terminal repeats	7	11	0.9854	NA	0	2.3977	NA	NA
MV-4128_S29__NODE_244_length_20352_cov_11.035621	20352	No terminal repeats	20	11	0.9853	NA	0	1.3891	NA	NA
MV-4122_S12__NODE_77_length_91906_cov_109.339583	91906	No terminal repeats	118	11	0.9853	NA	0	24.4938	NA	NF033117
MV-4128_S29__NODE_772_length_8282_cov_15.318950	8282	No terminal repeats	8	11	0.9851	NA	1	2.0216	NA	NA
MV-4128_S29__NODE_980_length_6616_cov_21.912056	6616	No terminal repeats	7	11	0.9851	NA	0	1.9924	NA	NA
MV-4125_S18__NODE_505_length_19234_cov_20.900725	19234	No terminal repeats	21	11	0.9850	NA	0	7.3636	NA	NA
MV-4128_S29__NODE_425_length_13861_cov_20.384108	13861	No terminal repeats	15	11	0.9849	NA	0	9.0701	NA	NA
MV-4125_S18__NODE_781_length_13417_cov_19.430400	13417	No terminal repeats	16	11	0.9849	NA	0	4.5551	NA	NA
MV-4125_S18__NODE_1556_length_7616_cov_14.759556	7616	No terminal repeats	7	11	0.9847	NA	0	1.9223	NA	NA
MV-4128_S29__NODE_752_length_8471_cov_20.283864	8471	No terminal repeats	10	11	0.9843	NA	1	7.4184	NA	NA
MV-4128_S29__NODE_1174_length_5499_cov_18.126010	5499	No terminal repeats	10	11	0.9842	NA	1	1.2932	NA	NA
MV-4122_S12__NODE_818_length_16720_cov_51.072667	16720	No terminal repeats	24	11	0.9839	NA	0	5.3772	NA	NA
MV-4122_S12__NODE_1001_length_13912_cov_71.115682	13912	No terminal repeats	17	11	0.9837	NA	4	6.7645	T_virB11;T_virB2;T_virB3;T_virB5	NA
Biragzang__NODE_2799_length_5126_cov_24.230724	5126	No terminal repeats	8	11	0.9835	NA	1	3.1987	NA	NA
MV-4122_S12__NODE_225_length_46927_cov_49.627112	46927	No terminal repeats	47	11	0.9835	NA	0	8.7027	NA	NF033135
MV-4128_S29__NODE_316_length_17598_cov_12.798552	17598	No terminal repeats	19	11	0.9834	NA	0	4.2195	NA	NA
MV-4128_S29__NODE_706_length_8926_cov_628.193777	8926	No terminal repeats	10	11	0.9832	NA	1	5.4919	NA	NA
cell-4122-0-44_S10__NODE_26_length_39625_cov_558.985039	39625	No terminal repeats	42	11	0.9831	NA	0	5.3958	NA	NA
MV-4125_S18__NODE_441_length_21232_cov_36.215139	21232	No terminal repeats	22	11	0.9831	NA	0	5.1752	NA	NA
MV-4125_S18__NODE_1366_length_8391_cov_24.290307	8391	No terminal repeats	6	11	0.9828	NA	1	3.0688	t4cp2	NA
MV-4128_S29__NODE_432_length_13631_cov_29.178845	13631	No terminal repeats	15	11	0.9825	NA	0	4.2800	NA	NA
MV-4122_S12__NODE_1641_length_8571_cov_12.647605	8571	No terminal repeats	10	11	0.9824	NA	0	5.9108	NA	NA
cell-4122-0-44_S10__NODE_149_length_11949_cov_12.692030	11949	No terminal repeats	10	11	0.9824	NA	0	2.6804	NA	NA
MV-4125_S18__NODE_693_length_14642_cov_26.619730	14642	No terminal repeats	11	11	0.9822	NA	0	5.4180	NA	NA
MV-4122_S12__NODE_211_length_48765_cov_30.863580	48765	No terminal repeats	44	11	0.9821	NA	3	19.5723	NA	NA
MV-4128_S29__NODE_1070_length_6041_cov_15.892583	6041	No terminal repeats	7	11	0.9820	NA	0	1.6687	NA	NA
MV-4128_S29__NODE_765_length_8383_cov_25.903818	8383	No terminal repeats	10	11	0.9819	NA	1	7.6481	NA	NA
MV-4128_S29__NODE_438_length_13406_cov_16.790802	13406	No terminal repeats	11	11	0.9819	NA	3	9.8412	NA	NA
MV-4128_S29__NODE_961_length_6759_cov_22.634397	6759	No terminal repeats	6	11	0.9818	NA	0	2.0409	NA	NA
Biragzang__NODE_225_length_20954_cov_24.617207	20954	No terminal repeats	25	11	0.9816	NA	12	17.2266	t4cp1;F_traL;F_traE;F_traK;F_traB;F_traV;F_traF;F_traH;F_traG	NA
MV-4128_S29__NODE_973_length_6652_cov_7.752463	6652	No terminal repeats	8	11	0.9816	NA	0	2.1353	NA	NA
MV-4128_S29__NODE_613_length_10169_cov_17.854459	10169	No terminal repeats	11	11	0.9814	NA	0	4.6676	NA	NA
MV-4128_S29__NODE_1194_length_5411_cov_13.929238	5411	No terminal repeats	5	11	0.9814	NA	0	1.9914	NA	NA
MV-4122_S12__NODE_827_length_16581_cov_8.773327	16581	No terminal repeats	16	11	0.9810	NA	0	5.8438	NA	NA
MV-4122_S12__NODE_918_length_15015_cov_46.009960	15015	No terminal repeats	7	11	0.9808	NA	0	3.4863	NA	NA
MV-4122_S12__NODE_2140_length_6160_cov_21.403931	6160	No terminal repeats	7	11	0.9808	NA	6	7.3889	T_virB9;T_virB8;T_virB6;virb4;T_virB3	NA
MV-4128_S29__NODE_414_length_14281_cov_18.583017	14281	No terminal repeats	13	11	0.9807	NA	0	2.0931	NA	NA
MV-4122_S12__NODE_2061_length_6432_cov_12.194919	6432	No terminal repeats	7	11	0.9807	NA	0	1.5652	NA	NA
MV-4122_S12__NODE_1205_length_11682_cov_37.247699	11682	No terminal repeats	15	11	0.9800	NA	1	2.2714	NA	NA
Biragzang__NODE_674_length_11823_cov_25.092539	11823	No terminal repeats	14	11	0.9797	NA	1	0.7744	NA	NA
MV-4122_S12__NODE_2427_length_5340_cov_30.190161	5340	No terminal repeats	2	11	0.9793	NA	0	2.3305	NA	NA
MV-4122_S12__NODE_619_length_21895_cov_74.430495	21895	No terminal repeats	25	11	0.9792	NA	0	2.8002	NA	NA
cell-4122-0-22_S11__NODE_83_length_9634_cov_165.785051	9634	No terminal repeats	10	11	0.9784	NA	1	2.4082	NA	NA
MV-4122_S12__NODE_975_length_14213_cov_11.003743	14213	No terminal repeats	11	11	0.9783	NA	1	3.8863	NA	NA
MV-4125_S18__NODE_430_length_21651_cov_20.211937	21651	No terminal repeats	15	11	0.9779	NA	0	3.0733	NA	NA
Biragzang__NODE_2390_length_5689_cov_6.299432	5689	No terminal repeats	7	11	0.9778	NA	1	4.0159	NA	NA
MV-4125_S18__NODE_1208_length_9303_cov_27.188041	9303	No terminal repeats	9	11	0.9778	NA	0	1.2561	NA	NA
MV-4125_S18__NODE_347_length_24601_cov_16.319645	24601	No terminal repeats	21	11	0.9777	NA	0	2.8323	NA	NA
MV-4125_S18__NODE_1439_length_8083_cov_18.285127	8083	No terminal repeats	5	11	0.9775	NA	0	1.1273	NA	NA
MV-4125_S18__NODE_1314_length_8662_cov_16.497153	8662	No terminal repeats	9	11	0.9773	NA	2	3.9515	t4cp2	NA
MV-4128_S29__NODE_1076_length_5990_cov_7.787026	5990	No terminal repeats	6	11	0.9769	NA	0	2.7943	NA	NA
cell-4125-0-44_S16__NODE_57_length_11814_cov_11.838167	11814	No terminal repeats	14	11	0.9768	NA	0	1.6271	NA	NA
MV-4122_S12__NODE_696_length_19658_cov_12.963730	19658	No terminal repeats	22	11	0.9765	NA	0	4.3642	NA	NF033135
MV-4128_S29__NODE_857_length_7503_cov_17.034774	7503	No terminal repeats	6	11	0.9764	NA	0	3.1100	NA	NA
MV-4122_S12__NODE_36_length_131504_cov_56.187594	131504	No terminal repeats	114	11	0.9761	NA	0	12.3380	NA	NA
MV-4122_S12__NODE_1081_length_13029_cov_68.679667	13029	No terminal repeats	12	11	0.9760	NA	0	2.6646	NA	NA
MV-4125_S18__NODE_59_length_65484_cov_31.311819	65484	No terminal repeats	52	11	0.9758	NA	3	10.4719	NA	NA
cell-4125-0-44_S16__NODE_593_length_5213_cov_24.524622	5213	No terminal repeats	3	11	0.9757	NA	0	1.7183	NA	NA
MV-4122_S12__NODE_2053_length_6454_cov_10.346148	6454	No terminal repeats	10	11	0.9757	NA	0	4.1401	NA	NA
MV-4122_S12__NODE_143_length_63401_cov_54.430430	63401	No terminal repeats	56	11	0.9751	NA	0	7.8476	NA	NF033105
Biragzang__NODE_877_length_10269_cov_14.725181	10269	No terminal repeats	10	11	0.9750	NA	1	0.6751	NA	NA
MV-4122_S12__NODE_1855_length_7307_cov_18.078599	7307	No terminal repeats	10	11	0.9749	NA	0	3.3280	NA	NA
MV-4122_S12__NODE_251_length_43303_cov_74.459304	43303	No terminal repeats	40	11	0.9748	NA	0	5.2033	NA	NA
MV-4122_S12__NODE_339_length_35376_cov_16.580901	35376	No terminal repeats	43	11	0.9746	NA	0	4.2562	NA	NA
MV-4128_S29__NODE_384_length_15305_cov_15.418754	15305	No terminal repeats	15	11	0.9746	NA	0	3.1940	NA	NA
MV-4122_S12__NODE_1889_length_7166_cov_9.291801	7166	No terminal repeats	8	11	0.9744	NA	0	2.6921	NA	NA
cell-4122-0-44_S10__NODE_133_length_12879_cov_772.161650	12879	No terminal repeats	11	11	0.9744	NA	1	1.0984	NA	NA
MV-4125_S18__NODE_1975_length_6297_cov_7.041173	6297	No terminal repeats	8	11	0.9742	NA	0	1.2506	NA	NA
MV-4122_S12__NODE_607_length_22244_cov_149.512983	22244	No terminal repeats	13	11	0.9742	NA	0	3.6030	NA	NA
MV-4128_S29__NODE_355_length_15904_cov_15.082592	15904	No terminal repeats	15	11	0.9741	NA	0	2.8384	NA	NA
MV-4125_S18__NODE_287_length_27511_cov_20.862799	27511	No terminal repeats	36	11	0.9740	NA	0	5.2203	NA	NA
cell-4122-0-44_S10__NODE_524_length_5229_cov_12.774256	5229	No terminal repeats	6	11	0.9739	NA	0	2.3791	NA	NA
MV-4122_S12__NODE_1176_length_11979_cov_13.930728	11979	No terminal repeats	14	11	0.9738	NA	0	8.1787	NA	NA
cell-4122-0-44_S10__NODE_114_length_13985_cov_18.165183	13985	No terminal repeats	16	11	0.9735	NA	0	3.7592	NA	NA
MV-4122_S12__NODE_2579_length_5004_cov_33.241665	5004	No terminal repeats	3	11	0.9731	NA	0	1.5428	NA	NA
MV-4122_S12__NODE_658_length_20917_cov_13.042470	20917	No terminal repeats	23	11	0.9731	NA	0	3.2975	NA	NA
MV-4122_S12__NODE_466_length_27254_cov_39.086805	27254	No terminal repeats	26	11	0.9730	NA	0	4.0103	NA	NA
Biragzang__NODE_2241_length_5920_cov_8.401705	5920	No terminal repeats	8	11	0.9728	NA	5	7.3088	F_traV;F_traB;F_traK;F_traE;F_traL	NA
MV-4125_S18__NODE_423_length_21908_cov_55.652862	21908	No terminal repeats	22	11	0.9726	NA	0	6.2855	NA	NA
Biragzang__NODE_1948_length_6456_cov_5.026246	6456	No terminal repeats	6	11	0.9725	NA	4	6.5550	F_trbC;F_traF;F_traH;F_traG	NA
MV-4125_S18__NODE_2590_length_5014_cov_21.790280	5014	No terminal repeats	6	11	0.9721	NA	1	2.6247	NA	NA
MV-4122_S12__NODE_1083_length_12958_cov_14.512439	12958	No terminal repeats	13	11	0.9720	NA	0	1.6965	NA	NA
MV-4128_S29__NODE_286_length_18684_cov_12.457190	18684	No terminal repeats	13	11	0.9720	NA	0	1.5715	NA	NA
MV-4128_S29__NODE_878_length_7376_cov_7.627237	7376	No terminal repeats	8	11	0.9719	NA	4	6.2835	T_virB9;MOBP1	NA
Biragzang__NODE_1898_length_6584_cov_5.969827	6584	No terminal repeats	11	11	0.9717	NA	0	3.3469	NA	NA
MV-4128_S29__NODE_183_length_24438_cov_20.585244	24438	No terminal repeats	27	11	0.9713	NA	0	13.6591	NA	NA
MV-4122_S12__NODE_2327_length_5611_cov_8.119330	5611	No terminal repeats	7	11	0.9709	NA	0	2.8114	NA	NA
MV-4125_S18__NODE_834_length_12738_cov_20.372388	12738	No terminal repeats	10	11	0.9709	NA	0	1.7944	NA	NA
MV-4125_S18__NODE_1786_length_6887_cov_87.760831	6887	No terminal repeats	5	11	0.9707	NA	1	4.3650	NA	NA
MV-4128_S29__NODE_920_length_7065_cov_7.738944	7065	No terminal repeats	15	11	0.9706	NA	0	0.5935	NA	NA
MV-4122_S12__NODE_2552_length_5052_cov_9.520512	5052	No terminal repeats	6	11	0.9704	NA	0	3.4172	NA	NA
MV-4125_S18__NODE_529_length_18564_cov_24.621535	18564	No terminal repeats	17	11	0.9703	NA	0	2.1893	NA	NA
MV-4125_S18__NODE_1285_length_8810_cov_7.919703	8810	No terminal repeats	12	11	0.9695	NA	0	1.3923	NA	NA
Biragzang__NODE_378_length_15793_cov_9.554835	15793	No terminal repeats	16	11	0.9695	NA	0	3.7014	NA	NA
MV-4122_S12__NODE_522_length_25167_cov_75.598359	25167	No terminal repeats	28	11	0.9692	NA	0	1.6000	NA	NA
cell-4122-0-22_S11__NODE_22_length_16824_cov_15.723180	16824	No terminal repeats	18	11	0.9688	NA	0	2.0289	NA	NA
MV-4125_S18__NODE_695_length_14610_cov_22.379801	14610	No terminal repeats	11	11	0.9688	NA	0	3.6487	NA	NA
MV-4128_S29__NODE_523_length_11438_cov_28.240358	11438	No terminal repeats	15	11	0.9685	NA	1	2.6493	NA	NA
Biragzang__NODE_2050_length_6244_cov_6.862983	6244	No terminal repeats	7	11	0.9684	NA	6	8.4223	F_traL;F_traE;F_traK;F_traB;F_traV;virb4	NA
Biragzang__NODE_1740_length_6926_cov_6.584922	6926	No terminal repeats	5	11	0.9680	NA	0	1.3815	NA	NA
MV-4125_S18__NODE_64_length_64308_cov_37.255630	64308	No terminal repeats	53	11	0.9679	NA	0	6.8320	NA	NA
MV-4122_S12__NODE_1860_length_7288_cov_74.154293	7288	No terminal repeats	12	11	0.9678	NA	0	3.6426	NA	NA
MV-4128_S29__NODE_641_length_9873_cov_226.239866	9873	No terminal repeats	11	11	0.9676	NA	0	4.7990	NA	NA
MV-4128_S29__NODE_459_length_12764_cov_23.376584	12764	No terminal repeats	10	11	0.9676	NA	0	4.2561	NA	NA
MV-4122_S12__NODE_109_length_74308_cov_43.919532	74308	No terminal repeats	71	11	0.9675	NA	1	3.1701	T_virB9	NA
MV-4125_S18__NODE_1698_length_7142_cov_9.876676	7142	No terminal repeats	7	11	0.9674	NA	0	1.5934	NA	NA
MV-4122_S12__NODE_535_length_24919_cov_55.566401	24919	No terminal repeats	25	11	0.9673	NA	0	3.2368	NA	NF033135
MV-4128_S29__NODE_72_length_41237_cov_19.240469	41237	No terminal repeats	43	11	0.9669	NA	0	12.4356	NA	NA
MV-4125_S18__NODE_2101_length_5982_cov_7.006749	5982	No terminal repeats	6	11	0.9663	NA	0	1.3676	NA	NA
MV-4125_S18__NODE_725_length_14076_cov_250.955923	14076	No terminal repeats	9	11	0.9662	NA	0	1.2972	NA	NA
MV-4125_S18__NODE_1379_length_8336_cov_16.840357	8336	No terminal repeats	10	11	0.9661	NA	0	1.7183	NA	NA
MV-4128_S29__NODE_605_length_10452_cov_24.451284	10452	No terminal repeats	12	11	0.9660	NA	8	8.3230	T_virB11;T_virB2;T_virB3;T_virB5;T_virB6;T_virB8;T_virB9;T_virB10	NA
MV-4122_S12__NODE_2154_length_6125_cov_37.991433	6125	No terminal repeats	4	11	0.9657	NA	0	1.4798	NA	NA
MV-4125_S18__NODE_1482_length_7934_cov_33.148496	7934	No terminal repeats	9	11	0.9647	NA	0	6.8166	NA	NA
MV-4125_S18__NODE_2537_length_5119_cov_10.259874	5119	No terminal repeats	7	11	0.9645	NA	0	0.7580	NA	NA
cell-4122-0-44_S10__NODE_526_length_5205_cov_18.396117	5205	No terminal repeats	5	11	0.9644	NA	0	1.0105	T_virB11	NA
MV-4122_S12__NODE_292_length_39699_cov_17.679825	39699	No terminal repeats	34	11	0.9643	NA	0	5.7747	NA	NA
MV-4128_S29__NODE_1140_length_5666_cov_7.212796	5666	No terminal repeats	7	11	0.9641	NA	0	1.5125	NA	NA
MV-4128_S29__NODE_564_length_10826_cov_16.974840	10826	No terminal repeats	11	11	0.9640	NA	0	3.6171	NA	NA
MV-4125_S18__NODE_330_length_25387_cov_19.859229	25387	No terminal repeats	24	11	0.9640	NA	0	2.9916	NA	NA
MV-4128_S29__NODE_811_length_7865_cov_10.420359	7865	No terminal repeats	11	11	0.9629	NA	0	1.6797	NA	NA
MV-4128_S29__NODE_1170_length_5527_cov_12.897295	5527	No terminal repeats	6	11	0.9626	NA	0	1.4317	NA	NA
Biragzang__NODE_1788_length_6827_cov_6.884672	6827	No terminal repeats	6	11	0.9616	NA	0	3.0025	NA	NA
MV-4125_S18__NODE_2546_length_5098_cov_10.569106	5098	No terminal repeats	7	11	0.9611	NA	0	2.0799	NA	NA
MV-4122_S12__NODE_1422_length_9876_cov_8.581407	9876	No terminal repeats	8	11	0.9608	NA	0	2.5096	NA	NA
MV-4122_S12__NODE_220_length_47562_cov_38.505189	47562	No terminal repeats	33	11	0.9598	NA	0	4.9789	NA	NA
MV-4125_S18__NODE_492_length_19577_cov_195.513677	19577	No terminal repeats	24	11	0.9594	NA	0	7.7858	NA	NA
cell-4125-0-44_S16__NODE_181_length_8125_cov_10.699133	8125	No terminal repeats	10	11	0.9591	NA	0	2.2703	NA	NA
MV-4122_S12__NODE_1546_length_9073_cov_9.663562	9073	No terminal repeats	11	11	0.9587	NA	1	4.6442	NA	NA
MV-4122_S12__NODE_1077_length_13084_cov_43.529665	13084	No terminal repeats	10	11	0.9587	NA	0	1.2134	NA	NA
MV-4122_S12__NODE_195_length_51189_cov_41.966989	51189	No terminal repeats	58	11	0.9582	NA	0	9.4602	NA	NF012178
MV-4122_S12__NODE_53_length_106966_cov_57.397059	106966	No terminal repeats	93	11	0.9582	NA	0	8.4253	NA	NA
MV-4128_S29__NODE_1047_length_6166_cov_9.011455	6166	No terminal repeats	5	11	0.9582	NA	0	1.5984	NA	NA
MV-4125_S18__NODE_1753_length_6976_cov_23.460338	6976	No terminal repeats	8	11	0.9580	NA	2	3.3754	T_virB3;T_virB2;T_virB11	NA
MV-4128_S29__NODE_508_length_11774_cov_16.166482	11774	No terminal repeats	11	11	0.9580	NA	0	0.6095	NA	NA
MV-4122_S12__NODE_590_length_22775_cov_194.141989	22775	No terminal repeats	22	11	0.9579	NA	7	9.7951	T_virB3;virb4;T_virB6;T_virB8;T_virB9;T_virB10	NA
cell-4122-0-44_S10__NODE_440_length_5922_cov_9.601670	5922	No terminal repeats	3	11	0.9579	NA	1	1.4545	NA	NA
MV-4125_S18__NODE_388_length_23149_cov_23.806660	23149	No terminal repeats	18	11	0.9578	NA	0	3.4017	NA	NA
MV-4128_S29__NODE_184_length_24371_cov_16.942013	24371	No terminal repeats	23	11	0.9576	NA	0	6.2265	NA	NA
MV-4125_S18__NODE_1835_length_6671_cov_58.598700	6671	No terminal repeats	6	11	0.9574	NA	1	1.1540	NA	NA
MV-4128_S29__NODE_180_length_24809_cov_18.016765	24809	No terminal repeats	25	11	0.9571	NA	0	0.6064	NA	NA
MV-4125_S18__NODE_124_length_45739_cov_36.727804	45739	No terminal repeats	42	11	0.9561	NA	0	5.1284	NA	NF012174
Biragzang__NODE_1767_length_6867_cov_6.466823	6867	No terminal repeats	8	11	0.9558	NA	0	4.3521	NA	NA
MV-4122_S12__NODE_158_length_59478_cov_38.562947	59478	No terminal repeats	53	11	0.9556	NA	0	4.4814	NA	NF033145;NF033135
MV-4122_S12__NODE_350_length_34647_cov_41.505637	34647	No terminal repeats	34	11	0.9555	NA	0	2.2872	NA	NF000496
MV-4128_S29__NODE_1281_length_5041_cov_7.817690	5041	No terminal repeats	7	11	0.9554	NA	0	3.5569	NA	NA
MV-4122_S12__NODE_608_length_22141_cov_76.288916	22141	No terminal repeats	23	11	0.9554	NA	0	3.1163	NA	NA
MV-4128_S29__NODE_972_length_6669_cov_44.985637	6669	No terminal repeats	6	11	0.9552	NA	0	1.6793	NA	NA
Biragzang__NODE_1004_length_9439_cov_23.535699	9439	No terminal repeats	12	11	0.9550	NA	4	4.9368	F_trbC;F_traU;F_traW;MOBH	NA
Biragzang__NODE_1718_length_6970_cov_5.764859	6970	No terminal repeats	9	11	0.9550	NA	2	7.9560	G_tfc19;G_tfc18;G_tfc22;G_tfc23;G_tfc24	NA
MV-4122_S12__NODE_35_length_132632_cov_121.390633	132632	No terminal repeats	117	11	0.9547	NA	0	6.5845	NA	NA
cell-4122-0-44_S10__NODE_434_length_5955_cov_14.810508	5955	No terminal repeats	5	11	0.9543	NA	0	1.5153	NA	NA
MV-4122_S12__NODE_1491_length_9342_cov_20.590287	9342	No terminal repeats	11	11	0.9539	NA	0	2.2250	NA	NA
MV-4128_S29__NODE_1134_length_5694_cov_13.151623	5694	No terminal repeats	7	11	0.9538	NA	0	1.8680	NA	NA
MV-4128_S29__NODE_327_length_17066_cov_15.761096	17066	No terminal repeats	16	11	0.9536	NA	0	4.5424	NA	NA
MV-4125_S18__NODE_109_length_48743_cov_23.494352	48743	No terminal repeats	38	11	0.9524	NA	0	2.2331	NA	NA
MV-4128_S29__NODE_692_length_9102_cov_25.944512	9102	No terminal repeats	9	11	0.9509	NA	0	3.5486	NA	NA
MV-4122_S12__NODE_1163_length_12104_cov_10.514980	12104	No terminal repeats	9	11	0.9504	NA	0	0.8721	NA	NA
MV-4128_S29__NODE_489_length_12090_cov_21.613710	12090	No terminal repeats	13	11	0.9499	NA	0	2.4143	NA	NA
MV-4125_S18__NODE_353_length_24436_cov_30.465937	24436	No terminal repeats	22	11	0.9496	NA	0	1.9759	NA	NA
Biragzang__NODE_1376_length_8055_cov_6.947250	8055	No terminal repeats	8	11	0.9487	NA	0	1.6855	NA	NA
MV-4128_S29__NODE_526_length_11426_cov_7.712514	11426	No terminal repeats	9	11	0.9485	NA	0	1.7023	NA	NA
MV-4128_S29__NODE_793_length_8067_cov_7.989641	8067	No terminal repeats	5	11	0.9485	NA	0	1.7183	NA	NA
MV-4128_S29__NODE_1198_length_5399_cov_10.255614	5399	No terminal repeats	3	11	0.9483	NA	0	1.7183	NA	NA
cell-4122-0-44_S10__NODE_248_length_8944_cov_23.380133	8944	No terminal repeats	7	11	0.9480	NA	0	2.4839	NA	NA
MV-4122_S12__NODE_995_length_14021_cov_12.453888	14021	No terminal repeats	10	11	0.9479	NA	0	2.4164	NA	NA
MV-4125_S18__NODE_106_length_50090_cov_23.888418	50090	No terminal repeats	48	11	0.9475	NA	0	6.8434	NA	NA
MV-4128_S29__NODE_758_length_8428_cov_6.429834	8428	No terminal repeats	10	11	0.9474	NA	0	1.2877	NA	NA
MV-4122_S12__NODE_885_length_15545_cov_34.414074	15545	No terminal repeats	17	11	0.9473	NA	0	3.1517	NA	NF012178
MV-4122_S12__NODE_1894_length_7144_cov_8.200592	7144	No terminal repeats	6	11	0.9471	NA	0	3.0480	NA	NA
MV-4122_S12__NODE_396_length_31145_cov_29.977742	31145	No terminal repeats	26	11	0.9468	NA	0	6.0725	NA	NA
MV-4122_S12__NODE_2397_length_5402_cov_8.438377	5402	No terminal repeats	5	11	0.9464	NA	0	4.7465	NA	NA
MV-4122_S12__NODE_702_length_19564_cov_46.008816	19564	No terminal repeats	20	11	0.9464	NA	0	6.4394	NA	NA
MV-4125_S18__NODE_1956_length_6355_cov_14.038889	6355	No terminal repeats	7	11	0.9459	NA	0	1.1733	NA	NA
Biragzang__NODE_375_length_15968_cov_20.423050	15968	No terminal repeats	18	11	0.9459	NA	0	3.4366	NA	NA
MV-4125_S18__NODE_1455_length_8020_cov_13.587194	8020	No terminal repeats	7	11	0.9458	NA	0	2.1715	NA	NA
MV-4125_S18__NODE_304_length_26866_cov_23.684085	26866	No terminal repeats	23	11	0.9456	NA	2	2.0540	MOBP1	NA
MV-4122_S12__NODE_695_length_19666_cov_42.432206	19666	No terminal repeats	19	11	0.9454	NA	0	3.2323	NA	NA
MV-4125_S18__NODE_641_length_15519_cov_23.974845	15519	No terminal repeats	14	11	0.9453	NA	0	1.9675	NA	NF033105
cell-4122-0-44_S10__NODE_401_length_6269_cov_16.398133	6269	No terminal repeats	5	11	0.9453	NA	0	1.3680	NA	NA
MV-4128_S29__NODE_252_length_20054_cov_14.576579	20054	No terminal repeats	14	11	0.9452	NA	0	1.3700	NA	NA
MV-4128_S29__NODE_440_length_13370_cov_14.716110	13370	No terminal repeats	13	11	0.9449	NA	0	1.3971	NA	NA
MV-4128_S29__NODE_910_length_7151_cov_10.850197	7151	No terminal repeats	7	11	0.9447	NA	0	2.5713	NA	NA
MV-4128_S29__NODE_1160_length_5580_cov_11.637647	5580	No terminal repeats	6	11	0.9446	NA	0	1.3859	NA	NA
MV-4122_S12__NODE_1386_length_10111_cov_20.025259	10111	No terminal repeats	9	11	0.9437	NA	0	1.4760	NA	NA
MV-4122_S12__NODE_1478_length_9490_cov_8.941918	9490	No terminal repeats	8	11	0.9436	NA	0	3.4341	NA	NA
MV-4122_S12__NODE_1202_length_11715_cov_14.516038	11715	No terminal repeats	13	11	0.9436	NA	0	1.1337	I_traY	NA
cell-4122-0-44_S10__NODE_490_length_5489_cov_254.518403	5489	No terminal repeats	5	11	0.9436	NA	0	1.1709	NA	NA
MV-4122_S12__NODE_75_length_92332_cov_57.313090	92332	No terminal repeats	70	11	0.9436	NA	0	7.0438	NA	NA
MV-4122_S12__NODE_2472_length_5238_cov_21.002894	5238	No terminal repeats	7	11	0.9433	NA	0	2.3224	NA	NA
MV-4122_S12__NODE_1234_length_11365_cov_59.306985	11365	No terminal repeats	11	11	0.9432	NA	0	2.9853	NA	NA
MV-4122_S12__NODE_2497_length_5169_cov_13.262026	5169	No terminal repeats	10	11	0.9432	NA	0	4.1212	NA	NF000005
MV-4128_S29__NODE_648_length_9775_cov_6.329218	9775	No terminal repeats	11	11	0.9429	NA	0	3.4751	NA	NA
MV-4122_S12__NODE_2465_length_5252_cov_37.358091	5252	No terminal repeats	5	11	0.9428	NA	0	0.3942	NA	NA
cell-4125-0-44_S16__NODE_391_length_6131_cov_8.893845	6131	No terminal repeats	6	11	0.9428	NA	0	1.3058	NA	NA
MV-4122_S12__NODE_1258_length_11099_cov_19.117439	11099	No terminal repeats	10	11	0.9424	NA	0	1.6234	NA	NA
MV-4128_S29__NODE_771_length_8299_cov_15.618025	8299	No terminal repeats	8	11	0.9422	NA	0	1.5581	NA	NA
MV-4122_S12__NODE_1168_length_12046_cov_9.363272	12046	No terminal repeats	9	11	0.9422	NA	0	3.8242	NA	NA
MV-4125_S18__NODE_2053_length_6099_cov_13.454997	6099	No terminal repeats	5	11	0.9422	NA	0	1.2639	NA	NA
MV-4122_S12__NODE_124_length_68751_cov_59.893444	68751	No terminal repeats	66	11	0.9421	NA	0	14.1753	NA	NF000272;NF012178
MV-4122_S12__NODE_177_length_56244_cov_205.445247	56244	No terminal repeats	54	11	0.9417	NA	0	11.5206	NA	NF012174
cell-4122-0-44_S10__NODE_295_length_7915_cov_23.231552	7915	No terminal repeats	6	11	0.9416	NA	0	0.5009	NA	NA
MV-4125_S18__NODE_166_length_39690_cov_19.241403	39690	No terminal repeats	33	11	0.9414	NA	0	4.0075	NA	NA
MV-4122_S12__NODE_221_length_47440_cov_39.200865	47440	No terminal repeats	43	11	0.9404	NA	0	6.2899	NA	NA
MV-4128_S29__NODE_621_length_10109_cov_19.202606	10109	No terminal repeats	13	11	0.9403	NA	0	1.3251	NA	NA
MV-4122_S12__NODE_308_length_37910_cov_79.129573	37910	No terminal repeats	37	11	0.9402	NA	0	2.3740	NA	NA
MV-4122_S12__NODE_943_length_14612_cov_56.221955	14612	No terminal repeats	17	11	0.9394	NA	0	3.8431	NA	NA
MV-4128_S29__NODE_371_length_15622_cov_14.755573	15622	No terminal repeats	16	11	0.9390	NA	1	2.0861	T_virB9	NA
MV-4128_S29__NODE_436_length_13520_cov_23.608838	13520	No terminal repeats	10	11	0.9390	NA	0	2.7222	NA	NA
MV-4125_S18__NODE_1668_length_7261_cov_6.119206	7261	No terminal repeats	7	11	0.9390	NA	0	2.6700	NA	NA
MV-4122_S12__NODE_1580_length_8858_cov_18.737249	8858	No terminal repeats	17	11	0.9388	NA	0	1.2325	NA	NA
MV-4128_S29__NODE_1056_length_6114_cov_13.366562	6114	No terminal repeats	4	11	0.9385	NA	0	1.9657	NA	NA
MV-4128_S29__NODE_783_length_8189_cov_20.584091	8189	No terminal repeats	9	11	0.9380	NA	0	4.0183	NA	NA
MV-4128_S29__NODE_90_length_35942_cov_27.467774	35942	No terminal repeats	35	11	0.9373	NA	0	2.8212	NA	NA
MV-4122_S12__NODE_1316_length_10637_cov_7.154697	10637	No terminal repeats	13	11	0.9372	NA	0	1.5051	NA	NA
MV-4125_S18__NODE_620_length_15906_cov_23.471579	15906	No terminal repeats	14	11	0.9365	NA	0	0.2991	NA	NA
MV-4128_S29__NODE_153_length_27276_cov_19.127255	27276	No terminal repeats	24	11	0.9357	NA	0	3.2129	NA	NA
MV-4128_S29__NODE_854_length_7543_cov_7.131277	7543	No terminal repeats	10	11	0.9355	NA	6	7.5248	T_virB8;T_virB6;T_virB5;virb4;T_virB3;T_virB2	NA
MV-4125_S18__NODE_237_length_31872_cov_20.634284	31872	No terminal repeats	35	11	0.9354	NA	0	2.6578	NA	NA
cell-4122-0-44_S10__NODE_515_length_5309_cov_29.940997	5309	No terminal repeats	5	11	0.9353	NA	0	1.4798	NA	NA
MV-4122_S12__NODE_90_length_80965_cov_50.669052	80965	No terminal repeats	67	11	0.9352	NA	0	3.3384	NA	NA
cell-4122-0-44_S10__NODE_143_length_12251_cov_18.265087	12251	No terminal repeats	7	11	0.9350	NA	0	1.1640	NA	NA
MV-4122_S12__NODE_1637_length_8588_cov_39.994609	8588	No terminal repeats	6	11	0.9350	NA	0	1.0618	NA	NA
MV-4128_S29__NODE_160_length_26580_cov_17.520113	26580	No terminal repeats	25	11	0.9342	NA	0	2.9341	NA	NF033135
MV-4128_S29__NODE_671_length_9418_cov_15.238278	9418	No terminal repeats	8	11	0.9338	NA	0	0.5725	NA	NA
cell-4125-0-44_S16__NODE_325_length_6523_cov_5.929499	6523	No terminal repeats	6	11	0.9337	NA	0	1.8563	NA	NA
MV-4122_S12__NODE_1665_length_8435_cov_8.664320	8435	No terminal repeats	9	11	0.9334	NA	0	3.1018	NA	NF033144
MV-4122_S12__NODE_1454_length_9641_cov_9.551742	9641	No terminal repeats	15	11	0.9327	NA	0	2.2870	NA	NF000460
MV-4122_S12__NODE_347_length_34819_cov_26.670147	34819	No terminal repeats	29	11	0.9323	NA	0	1.1367	NA	NA
MV-4125_S18__NODE_1058_length_10448_cov_19.095738	10448	No terminal repeats	7	11	0.9322	NA	0	1.2903	NA	NA
Biragzang__NODE_1787_length_6827_cov_7.407265	6827	No terminal repeats	9	11	0.9321	NA	8	9.5804	G_tfc7;t4cp1;MOBH;F_traL;F_traE;F_traK	NA
cell-4122-0-44_S10__NODE_139_length_12406_cov_18.908105	12406	No terminal repeats	13	11	0.9316	NA	0	0.6553	NA	NA
cell-4122-0-44_S10__NODE_238_length_9158_cov_15.705262	9158	No terminal repeats	8	11	0.9315	NA	0	1.5859	NA	NA
MV-4122_S12__NODE_1474_length_9499_cov_51.915078	9499	No terminal repeats	9	11	0.9311	NA	0	1.2954	NA	NF012174
MV-4122_S12__NODE_881_length_15596_cov_83.171160	15596	No terminal repeats	13	11	0.9309	NA	0	0.8860	NA	NA
MV-4122_S12__NODE_1073_length_13140_cov_19.780206	13140	No terminal repeats	13	11	0.9309	NA	0	4.7592	NA	NA
cell-4125-0-44_S16__NODE_349_length_6349_cov_5.862409	6349	No terminal repeats	7	11	0.9304	NA	0	2.2846	T_virB11	NA
cell-4122-0-44_S10__NODE_417_length_6078_cov_20.659472	6078	No terminal repeats	7	11	0.9304	NA	0	0.5905	NA	NA
MV-4122_S12__NODE_523_length_25163_cov_24.163852	25163	No terminal repeats	29	11	0.9298	NA	0	4.5039	NA	NA
MV-4125_S18__NODE_102_length_51140_cov_23.660781	51140	No terminal repeats	42	11	0.9298	NA	0	8.1680	NA	NA
MV-4125_S18__NODE_459_length_20854_cov_66.168854	20854	No terminal repeats	21	11	0.9297	NA	1	7.8810	NA	NA
MV-4122_S12__NODE_1038_length_13577_cov_65.513829	13577	No terminal repeats	18	11	0.9294	NA	1	5.1804	NA	NA
MV-4122_S12__NODE_737_length_18750_cov_24.797325	18750	No terminal repeats	19	11	0.9292	NA	0	3.9180	NA	NA
MV-4122_S12__NODE_394_length_31241_cov_49.857212	31241	No terminal repeats	24	11	0.9291	NA	0	2.0038	NA	NA
MV-4122_S12__NODE_1816_length_7548_cov_5.800347	7548	No terminal repeats	9	11	0.9288	NA	0	2.9795	NA	NA
MV-4125_S18__NODE_2017_length_6187_cov_18.426941	6187	No terminal repeats	5	11	0.9285	NA	0	1.5673	NA	NA
MV-4122_S12__NODE_1623_length_8659_cov_8.488029	8659	No terminal repeats	10	11	0.9279	NA	0	2.8656	NA	NA
MV-4125_S18__NODE_453_length_21029_cov_25.265376	21029	No terminal repeats	19	11	0.9279	NA	0	2.4377	NA	NA
MV-4122_S12__NODE_513_length_25460_cov_27.327180	25460	No terminal repeats	26	11	0.9277	NA	0	3.8382	NA	NA
MV-4128_S29__NODE_879_length_7374_cov_18.365077	7374	No terminal repeats	9	11	0.9274	NA	0	3.6411	NA	NA
MV-4128_S29__NODE_806_length_7900_cov_7.317655	7900	No terminal repeats	6	11	0.9272	NA	0	0.6802	NA	NA
MV-4122_S12__NODE_1210_length_11594_cov_51.564607	11594	No terminal repeats	8	11	0.9268	NA	0	1.8593	NA	NA
MV-4125_S18__NODE_2177_length_5798_cov_13.933136	5798	No terminal repeats	8	11	0.9267	NA	0	1.2325	NA	NA
cell-4122-0-44_S10__NODE_97_length_15004_cov_19.253729	15004	No terminal repeats	18	11	0.9265	NA	1	0.5295	NA	NA
MV-4125_S18__NODE_1193_length_9417_cov_16.828135	9417	No terminal repeats	10	11	0.9265	NA	0	1.6498	NA	NA
MV-4122_S12__NODE_210_length_48839_cov_48.778575	48839	No terminal repeats	49	11	0.9262	NA	0	7.9775	NA	NA
MV-4125_S18__NODE_356_length_24291_cov_57.139132	24291	No terminal repeats	21	11	0.9258	NA	1	0.1227	MOBQ	NA
MV-4122_S12__NODE_1086_length_12884_cov_47.864915	12884	No terminal repeats	10	11	0.9251	NA	0	0.8848	NA	NA
MV-4122_S12__NODE_1861_length_7284_cov_10.164615	7284	No terminal repeats	6	11	0.9244	NA	0	1.1826	NA	NA
MV-4125_S18__NODE_515_length_18956_cov_18.418814	18956	No terminal repeats	19	11	0.9236	NA	0	1.5620	NA	NA
MV-4125_S18__NODE_936_length_11562_cov_23.143478	11562	No terminal repeats	13	11	0.9230	NA	0	1.6041	NA	NA
MV-4128_S29__NODE_1274_length_5071_cov_8.800439	5071	No terminal repeats	7	11	0.9228	NA	0	0.6119	NA	NA
MV-4122_S12__NODE_1112_length_12514_cov_23.419215	12514	No terminal repeats	15	11	0.9228	NA	0	2.2013	NA	NA
MV-4128_S29__NODE_624_length_10095_cov_6.659263	10095	No terminal repeats	12	11	0.9227	NA	0	1.3353	NA	NA
MV-4122_S12__NODE_2127_length_6195_cov_9.611726	6195	No terminal repeats	8	11	0.9227	NA	0	1.6634	NA	NA
MV-4122_S12__NODE_112_length_73799_cov_204.588007	73799	No terminal repeats	75	11	0.9226	NA	1	11.2240	NA	NF033105;NF012178;NF000272
MV-4128_S29__NODE_74_length_39536_cov_24.730731	39536	No terminal repeats	38	11	0.9224	NA	0	8.9037	NA	NA
Biragzang__NODE_2633_length_5325_cov_11.314991	5325	No terminal repeats	9	11	0.9209	NA	0	1.2780	NA	NA
cell-4122-0-44_S10__NODE_486_length_5525_cov_15.331444	5525	No terminal repeats	5	11	0.9207	NA	0	1.3929	NA	NA
MV-4125_S18__NODE_84_length_55742_cov_50.365399	55742	No terminal repeats	47	11	0.9207	NA	0	4.0571	NA	NF000095
MV-4128_S29__NODE_410_length_14332_cov_19.004273	14332	No terminal repeats	15	11	0.9204	NA	0	3.2874	NA	NA
MV-4122_S12__NODE_42_length_124290_cov_21.496969	124290	No terminal repeats	108	11	0.9202	NA	0	1.8401	NA	NF033117
MV-4128_S29__NODE_593_length_10579_cov_7.799981	10579	No terminal repeats	8	11	0.9199	NA	0	2.1150	NA	NF012174
MV-4128_S29__NODE_770_length_8312_cov_17.935328	8312	No terminal repeats	10	11	0.9198	NA	0	1.6488	NA	NA
MV-4128_S29__NODE_1002_length_6441_cov_19.927028	6441	No terminal repeats	8	11	0.9198	NA	0	1.1012	NA	NA
Biragzang__NODE_679_length_11794_cov_13.438368	11794	No terminal repeats	12	11	0.9195	NA	2	4.1823	I_traQ;traU	NA
MV-4122_S12__NODE_2122_length_6210_cov_52.264825	6210	No terminal repeats	5	11	0.9187	NA	0	1.4664	NA	NA
MV-4122_S12__NODE_747_length_18467_cov_30.511949	18467	No terminal repeats	28	11	0.9184	NA	0	3.3138	NA	NA
MV-4122_S12__NODE_878_length_15643_cov_27.334745	15643	No terminal repeats	12	11	0.9184	NA	0	1.0896	NA	NA
MV-4125_S18__NODE_2465_length_5243_cov_9.836739	5243	No terminal repeats	7	11	0.9183	NA	0	4.6434	NA	NA
MV-4122_S12__NODE_89_length_80974_cov_32.608522	80974	No terminal repeats	67	11	0.9179	NA	1	3.7916	T_virB11	NF012174;NF033135
Biragzang__NODE_2846_length_5084_cov_6.639491	5084	No terminal repeats	4	11	0.9178	NA	0	1.4077	NA	NA
cell-4122-0-44_S10__NODE_304_length_7774_cov_12.577147	7774	No terminal repeats	10	11	0.9163	NA	0	1.8765	NA	NA
MV-4125_S18__NODE_2474_length_5219_cov_10.194810	5219	No terminal repeats	3	11	0.9159	NA	0	0.8602	NA	NA
MV-4128_S29__NODE_225_length_21493_cov_23.696240	21493	No terminal repeats	19	11	0.9157	NA	0	4.8585	NA	NA
MV-4125_S18__NODE_2259_length_5627_cov_14.365398	5627	No terminal repeats	5	11	0.9151	NA	0	1.2606	NA	NA
Biragzang__NODE_2068_length_6211_cov_5.840156	6211	No terminal repeats	8	11	0.9148	NA	1	4.8267	NA	NA
MV-4128_S29__NODE_833_length_7672_cov_15.990679	7672	No terminal repeats	9	11	0.9137	NA	0	2.0079	NA	NA
MV-4128_S29__NODE_690_length_9129_cov_9.682169	9129	No terminal repeats	9	11	0.9131	NA	0	0.7083	NA	NA
MV-4128_S29__NODE_308_length_17745_cov_15.452968	17745	No terminal repeats	21	11	0.9129	NA	0	2.1438	NA	NA
MV-4122_S12__NODE_333_length_35743_cov_56.954831	35743	No terminal repeats	29	11	0.9127	NA	0	0.9856	NA	NA
MV-4128_S29__NODE_1105_length_5861_cov_6.694282	5861	No terminal repeats	9	11	0.9125	NA	0	0.5029	NA	NA
cell-4122-0-44_S10__NODE_59_length_20382_cov_673.933537	20382	No terminal repeats	18	11	0.9124	NA	0	1.2143	NA	NA
MV-4128_S29__NODE_332_length_16865_cov_15.092623	16865	No terminal repeats	17	11	0.9122	NA	0	0.9869	NA	NA
MV-4122_S12__NODE_740_length_18606_cov_37.056493	18606	No terminal repeats	19	11	0.9121	NA	0	4.5654	NA	NA
Biragzang__NODE_1682_length_7045_cov_6.138484	7045	No terminal repeats	8	11	0.9119	NA	5	5.9309	F_traL;t4cp1;G_tfc7	NA
MV-4128_S29__NODE_635_length_9915_cov_16.967241	9915	No terminal repeats	9	11	0.9118	NA	0	1.8102	NA	NF000272
cell-4122-0-44_S10__NODE_364_length_6733_cov_20.330788	6733	No terminal repeats	10	11	0.9113	NA	0	0.1856	NA	NA
MV-4128_S29__NODE_903_length_7191_cov_13.850476	7191	No terminal repeats	7	11	0.9110	NA	0	0.9953	NA	NA
cell-4125-0-44_S16__NODE_203_length_7783_cov_6.833333	7783	No terminal repeats	3	11	0.9109	NA	0	0.8687	NA	NA
MV-4128_S29__NODE_877_length_7378_cov_12.424416	7378	No terminal repeats	11	11	0.9106	NA	0	1.6808	NA	NA
Biragzang__NODE_1448_length_7799_cov_4.631586	7799	No terminal repeats	6	11	0.9097	NA	0	2.1525	NA	NA
MV-4122_S12__NODE_1109_length_12540_cov_37.235322	12540	No terminal repeats	11	11	0.9097	NA	0	0.2010	NA	NA
MV-4122_S12__NODE_1259_length_11078_cov_21.456681	11078	No terminal repeats	10	11	0.9096	NA	0	1.6922	NA	NA
MV-4122_S12__NODE_1480_length_9465_cov_27.668438	9465	No terminal repeats	7	11	0.9094	NA	0	2.0695	NA	NF012174
cell-4125-0-44_S16__NODE_629_length_5083_cov_9.543954	5083	No terminal repeats	6	11	0.9089	NA	0	0.6055	NA	NA
cell-4122-0-44_S10__NODE_441_length_5921_cov_22.733890	5921	No terminal repeats	8	11	0.9088	NA	0	0.6898	NA	NF033105
MV-4125_S18__NODE_364_length_24055_cov_28.911167	24055	No terminal repeats	18	11	0.9085	NA	0	3.3205	NA	NF012178;NF000272
MV-4125_S18__NODE_644_length_15466_cov_22.277529	15466	No terminal repeats	14	11	0.9083	NA	0	1.0785	NA	NA
MV-4125_S18__NODE_1743_length_7003_cov_18.305843	7003	No terminal repeats	8	11	0.9081	NA	0	0.7629	NA	NA
MV-4122_S12__NODE_1632_length_8616_cov_29.575050	8616	No terminal repeats	7	11	0.9081	NA	0	1.8129	NA	NA
MV-4128_S29__NODE_359_length_15790_cov_13.053321	15790	No terminal repeats	12	11	0.9078	NA	0	1.8454	NA	NA
MV-4122_S12__NODE_1979_length_6802_cov_15.601749	6802	No terminal repeats	8	11	0.9075	NA	0	0.5810	NA	NA
MV-4128_S29__NODE_295_length_18137_cov_25.605906	18137	No terminal repeats	18	11	0.9071	NA	0	3.7974	NA	NA
MV-4125_S18__NODE_486_length_19867_cov_32.012013	19867	No terminal repeats	13	11	0.9069	NA	0	1.3443	NA	NA
MV-4128_S29__NODE_677_length_9361_cov_11.914894	9361	No terminal repeats	8	11	0.9069	NA	0	2.1070	NA	NA
MV-4128_S29__NODE_682_length_9298_cov_14.534350	9298	No terminal repeats	8	11	0.9063	NA	0	1.4132	NA	NA
MV-4125_S18__NODE_754_length_13698_cov_20.319578	13698	No terminal repeats	17	11	0.9054	NA	0	0.3469	NA	NA
MV-4125_S18__NODE_1848_length_6637_cov_11.917046	6637	No terminal repeats	6	11	0.9045	NA	0	2.2965	NA	NA
MV-4125_S18__NODE_1181_length_9500_cov_23.525357	9500	No terminal repeats	12	11	0.9039	NA	0	1.9247	NA	NA
Biragzang__NODE_705_length_11598_cov_7.778394	11598	No terminal repeats	12	11	0.9030	NA	0	0.6243	NA	NA
MV-4125_S18__NODE_2371_length_5409_cov_14.816773	5409	No terminal repeats	5	11	0.9026	NA	0	0.8553	NA	NA
cell-4125-0-44_S16__NODE_490_length_5636_cov_6.294392	5636	No terminal repeats	5	11	0.9015	NA	0	0.6098	NA	NA
MV-4122_S12__NODE_2118_length_6219_cov_17.499513	6219	No terminal repeats	6	11	0.9014	NA	1	1.6385	NA	NA
MV-4128_S29__NODE_591_length_10595_cov_19.003131	10595	No terminal repeats	13	11	0.9014	NA	0	2.6637	NA	NA
cell-4125-0-44_S16__NODE_541_length_5402_cov_11.924631	5402	No terminal repeats	4	11	0.9000	NA	0	1.1117	NA	NA
MV-4122_S12__NODE_63_length_100493_cov_113.329925	100493	No terminal repeats	96	11	0.8999	NA	0	2.2733	NA	NF033105;NF012178;NF000438
MV-4128_S29__NODE_651_length_9736_cov_12.854354	9736	No terminal repeats	11	11	0.8997	NA	0	0.2471	NA	NA
MV-4122_S12__NODE_102_length_76551_cov_34.392217	76551	No terminal repeats	75	11	0.8992	NA	0	5.4816	NA	NA
MV-4122_S12__NODE_1563_length_8948_cov_35.077926	8948	No terminal repeats	6	11	0.8989	NA	0	2.4406	NA	NA
MV-4128_S29__NODE_479_length_12278_cov_15.922278	12278	No terminal repeats	12	11	0.8988	NA	0	0.3482	NA	NA
MV-4128_S29__NODE_707_length_8918_cov_20.517658	8918	No terminal repeats	10	11	0.8986	NA	0	1.7858	NA	NA
MV-4122_S12__NODE_863_length_15931_cov_55.630008	15931	No terminal repeats	15	11	0.8983	NA	0	1.8506	NA	NA
MV-4128_S29__NODE_867_length_7466_cov_18.510322	7466	No terminal repeats	8	11	0.8980	NA	0	1.5975	NA	NF033135
MV-4125_S18__NODE_209_length_34242_cov_29.273788	34242	No terminal repeats	29	11	0.8975	NA	0	1.9657	NA	NA
MV-4122_S12__NODE_2484_length_5204_cov_30.650612	5204	No terminal repeats	4	11	0.8970	NA	0	0.3545	NA	NA
MV-4122_S12__NODE_2279_length_5750_cov_88.295874	5750	No terminal repeats	9	11	0.8968	NA	0	0.4770	NA	NA
MV-4128_S29__NODE_531_length_11364_cov_20.240074	11364	No terminal repeats	14	11	0.8964	NA	0	2.1069	NA	NA
cell-4125-0-44_S16__NODE_408_length_6024_cov_10.248115	6024	No terminal repeats	5	11	0.8961	NA	2	2.5282	F_traH;F_traG	NA
MV-4122_S12__NODE_1572_length_8897_cov_25.470934	8897	No terminal repeats	10	11	0.8960	NA	0	1.0485	NA	NA
MV-4125_S18__NODE_1028_length_10729_cov_13.043002	10729	No terminal repeats	10	11	0.8956	NA	0	1.1715	NA	NA
MV-4128_S29__NODE_1143_length_5659_cov_8.482691	5659	No terminal repeats	5	11	0.8951	NA	0	1.5728	NA	NA
MV-4125_S18__NODE_2038_length_6145_cov_24.472085	6145	No terminal repeats	7	11	0.8939	NA	0	1.2647	NA	NA
Biragzang__NODE_1971_length_6421_cov_7.536915	6421	No terminal repeats	7	11	0.8937	NA	0	1.1266	NA	NA
MV-4128_S29__NODE_34_length_63524_cov_41.918968	63524	No terminal repeats	60	11	0.8926	NA	0	12.2493	NA	NA
MV-4125_S18__NODE_2155_length_5872_cov_23.397112	5872	No terminal repeats	8	11	0.8923	NA	0	0.2630	NA	NA
MV-4125_S18__NODE_2454_length_5258_cov_13.891217	5258	No terminal repeats	5	11	0.8914	NA	0	0.6015	NA	NA
Biragzang__NODE_2576_length_5401_cov_15.199027	5401	No terminal repeats	4	11	0.8914	NA	0	1.4139	NA	NA
MV-4125_S18__NODE_1589_length_7512_cov_16.893791	7512	No terminal repeats	7	11	0.8912	NA	0	2.0967	NA	NA
cell-4125-0-44_S16__NODE_289_length_6836_cov_6.084353	6836	No terminal repeats	6	11	0.8912	NA	0	1.8023	NA	NA
MV-4122_S12__NODE_1479_length_9475_cov_8.347346	9475	No terminal repeats	10	11	0.8908	NA	0	1.7108	NA	NA
MV-4128_S29__NODE_1057_length_6111_cov_7.843461	6111	No terminal repeats	7	11	0.8900	NA	0	1.7485	NA	NA
cell-4122-0-44_S10__NODE_446_length_5883_cov_14.960021	5883	No terminal repeats	5	11	0.8896	NA	0	1.1400	NA	NA
MV-4122_S12__NODE_2108_length_6282_cov_5.026658	6282	No terminal repeats	5	11	0.8884	NA	0	2.1280	NA	NA
MV-4122_S12__NODE_1256_length_11153_cov_23.558028	11153	No terminal repeats	10	11	0.8883	NA	1	2.4733	NA	NA
cell-4125-0-44_S16__NODE_235_length_7333_cov_6.967161	7333	No terminal repeats	7	11	0.8878	NA	0	1.0566	NA	NA
MV-4128_S29__NODE_417_length_14223_cov_14.035503	14223	No terminal repeats	19	11	0.8870	NA	0	1.6493	NA	NA
MV-4122_S12__NODE_2057_length_6445_cov_26.125196	6445	No terminal repeats	7	11	0.8870	NA	0	0.2276	NA	NA
MV-4128_S29__NODE_106_length_34056_cov_24.193553	34056	No terminal repeats	34	11	0.8868	NA	0	3.9852	NA	NA
MV-4122_S12__NODE_2557_length_5036_cov_15.586027	5036	No terminal repeats	4	11	0.8867	NA	1	1.4894	MOBQ	NA
MV-4122_S12__NODE_2248_length_5820_cov_7.484302	5820	No terminal repeats	7	11	0.8866	NA	0	1.7220	NA	NA
MV-4128_S29__NODE_257_length_19857_cov_14.526916	19857	No terminal repeats	8	11	0.8846	NA	0	2.7859	NA	NA
MV-4122_S12__NODE_621_length_21846_cov_23.085586	21846	No terminal repeats	21	11	0.8845	NA	0	2.2459	NA	NA
cell-4125-0-44_S16__NODE_462_length_5780_cov_9.553013	5780	No terminal repeats	9	11	0.8845	NA	1	2.0182	NA	NA
MV-4122_S12__NODE_1095_length_12717_cov_11.278234	12717	No terminal repeats	14	11	0.8844	NA	0	1.4832	NA	NA
MV-4122_S12__NODE_1462_length_9580_cov_48.371129	9580	No terminal repeats	11	11	0.8842	NA	0	0.5553	NA	NA
MV-4128_S29__NODE_1052_length_6135_cov_17.487336	6135	No terminal repeats	4	11	0.8841	NA	0	1.3943	NA	NA
MV-4128_S29__NODE_341_length_16352_cov_13.042523	16352	No terminal repeats	15	11	0.8834	NA	0	2.5400	NA	NF000272
Biragzang__NODE_913_length_10004_cov_5.827118	10004	No terminal repeats	8	11	0.8826	NA	1	2.0388	NA	NA
MV-4128_S29__NODE_985_length_6571_cov_11.175414	6571	No terminal repeats	3	11	0.8821	NA	0	0.3563	NA	NA
MV-4122_S12__NODE_328_length_35889_cov_56.814980	35889	No terminal repeats	31	11	0.8812	NA	0	2.0468	NA	NA
cell-4122-0-44_S10__NODE_436_length_5949_cov_20.518493	5949	No terminal repeats	10	11	0.8810	NA	0	1.9363	NA	NA
cell-4122-0-44_S10__NODE_534_length_5162_cov_22.372626	5162	No terminal repeats	5	11	0.8808	NA	0	0.3545	NA	NA
MV-4128_S29__NODE_716_length_8865_cov_15.419069	8865	No terminal repeats	8	11	0.8804	NA	0	1.6792	NA	NA
cell-4122-0-44_S10__NODE_350_length_6902_cov_12.689499	6902	No terminal repeats	8	11	0.8802	NA	0	0.3388	NA	NA
MV-4122_S12__NODE_1886_length_7173_cov_11.116746	7173	No terminal repeats	8	11	0.8801	NA	0	0.7338	NA	NA
MV-4128_S29__NODE_1148_length_5638_cov_5.349454	5638	No terminal repeats	7	11	0.8792	NA	0	0.4103	NA	NA
MV-4122_S12__NODE_947_length_14561_cov_36.118503	14561	No terminal repeats	11	11	0.8789	NA	0	1.8783	NA	NA
MV-4122_S12__NODE_1401_length_9986_cov_12.177726	9986	No terminal repeats	15	11	0.8781	NA	0	2.9611	NA	NA
MV-4128_S29__NODE_337_length_16405_cov_17.407523	16405	No terminal repeats	13	11	0.8778	NA	0	0.9945	NA	NF000272
MV-4125_S18__NODE_679_length_14935_cov_11.622984	14935	No terminal repeats	16	11	0.8777	NA	0	3.0041	NA	NF012178
MV-4122_S12__NODE_2529_length_5097_cov_34.698929	5097	No terminal repeats	5	11	0.8772	NA	0	2.4710	NA	NF033135
MV-4128_S29__NODE_925_length_7032_cov_10.316898	7032	No terminal repeats	7	11	0.8771	NA	0	0.1409	NA	NA
MV-4125_S18__NODE_1765_length_6937_cov_18.185847	6937	No terminal repeats	8	11	0.8769	NA	0	0.9664	NA	NA
MV-4128_S29__NODE_939_length_6918_cov_11.511292	6918	No terminal repeats	8	11	0.8768	NA	0	1.0379	NA	NA
MV-4128_S29__NODE_270_length_19219_cov_25.068775	19219	No terminal repeats	15	11	0.8767	NA	0	1.3467	NA	NA
MV-4128_S29__NODE_1082_length_5954_cov_29.414986	5954	No terminal repeats	7	11	0.8766	NA	0	0.2630	NA	NA
MV-4128_S29__NODE_517_length_11619_cov_11.556209	11619	No terminal repeats	10	11	0.8765	NA	0	1.7770	NA	NA
MV-4128_S29__NODE_326_length_17069_cov_13.326320	17069	No terminal repeats	13	11	0.8760	NA	0	2.1819	NA	NA
Biragzang__NODE_2655_length_5304_cov_7.147647	5304	No terminal repeats	5	11	0.8758	NA	0	0.3304	NA	NA
MV-4122_S12__NODE_599_length_22665_cov_19.983591	22665	No terminal repeats	14	11	0.8746	NA	0	1.7701	NA	NA
MV-4122_S12__NODE_272_length_41443_cov_41.493549	41443	No terminal repeats	29	11	0.8744	NA	1	2.3877	T_virB9	NA
MV-4122_S12__NODE_595_length_22695_cov_10.764929	22695	No terminal repeats	16	11	0.8743	NA	0	2.9297	NA	NA
cell-4122-0-44_S10__NODE_107_length_14566_cov_19.721659	14566	No terminal repeats	6	11	0.8741	NA	0	0.3081	NA	NA
MV-4122_S12__NODE_657_length_20959_cov_15.269853	20959	No terminal repeats	21	11	0.8741	NA	0	2.6515	NA	NF033105
MV-4122_S12__NODE_2305_length_5674_cov_6.629116	5674	No terminal repeats	5	11	0.8740	NA	0	1.7654	NA	NA
MV-4122_S12__NODE_766_length_18032_cov_50.109084	18032	No terminal repeats	16	11	0.8733	NA	0	2.5760	NA	NA
cell-4122-0-44_S10__NODE_171_length_11297_cov_17.804928	11297	No terminal repeats	14	11	0.8732	NA	0	0.5297	NA	NA
cell-4122-0-44_S10__NODE_477_length_5593_cov_13.819610	5593	No terminal repeats	6	11	0.8729	NA	0	1.8536	NA	NA
cell-4125-0-44_S16__NODE_420_length_5973_cov_6.812268	5973	No terminal repeats	7	11	0.8713	NA	0	0.2528	NA	NA
MV-4128_S29__NODE_589_length_10604_cov_15.875912	10604	No terminal repeats	11	11	0.8702	NA	0	0.5527	NA	NA
MV-4128_S29__NODE_229_length_21195_cov_12.176254	21195	No terminal repeats	20	11	0.8697	NA	0	0.7739	NA	NA
MV-4125_S18__NODE_202_length_34955_cov_47.813295	34955	No terminal repeats	32	11	0.8693	NA	0	2.7330	NA	NF000496
MV-4122_S12__NODE_2489_length_5197_cov_7.442240	5197	No terminal repeats	6	11	0.8690	NA	0	1.0064	NA	NA
MV-4122_S12__NODE_937_length_14732_cov_38.119711	14732	No terminal repeats	13	11	0.8688	NA	0	1.1203	NA	NA
MV-4122_S12__NODE_1134_length_12334_cov_51.739963	12334	No terminal repeats	11	11	0.8676	NA	0	2.0328	NA	NA
MV-4122_S12__NODE_761_length_18154_cov_24.159512	18154	No terminal repeats	18	11	0.8676	NA	0	3.1376	NA	NA
MV-4125_S18__NODE_402_length_22388_cov_45.668428	22388	No terminal repeats	20	11	0.8668	NA	0	2.1407	NA	NA
cell-4122-0-44_S10__NODE_177_length_10951_cov_18.389042	10951	No terminal repeats	9	11	0.8666	NA	0	1.0590	NA	NA
MV-4122_S12__NODE_1731_length_8056_cov_13.388451	8056	No terminal repeats	7	11	0.8658	NA	0	1.2798	NA	NA
MV-4128_S29__NODE_482_length_12238_cov_20.545843	12238	No terminal repeats	11	11	0.8657	NA	0	0.9509	NA	NA
MV-4128_S29__NODE_968_length_6699_cov_11.843317	6699	No terminal repeats	4	11	0.8656	NA	0	1.2239	NA	NA
MV-4128_S29__NODE_1024_length_6293_cov_7.207599	6293	No terminal repeats	5	11	0.8654	NA	0	1.0239	NA	NA
MV-4122_S12__NODE_1724_length_8085_cov_14.179577	8085	No terminal repeats	5	11	0.8653	NA	0	1.6795	NA	NA
MV-4128_S29__NODE_977_length_6625_cov_3.804414	6625	No terminal repeats	8	11	0.8652	NA	0	1.4458	NA	NA
MV-4128_S29__NODE_998_length_6478_cov_15.416783	6478	No terminal repeats	6	11	0.8650	NA	0	1.8270	NA	NA
cell-4125-0-44_S16__NODE_55_length_12002_cov_10.790324	12002	No terminal repeats	11	11	0.8650	NA	0	0.8234	NA	NA
MV-4128_S29__NODE_405_length_14459_cov_20.019994	14459	No terminal repeats	16	11	0.8650	NA	0	2.7161	NA	NA
cell-4125-0-44_S16__NODE_445_length_5854_cov_11.509226	5854	No terminal repeats	6	11	0.8647	NA	0	0.1469	NA	NA
cell-4125-0-44_S16__NODE_185_length_8092_cov_5.960682	8092	No terminal repeats	10	11	0.8642	NA	0	1.0781	NA	NA
MV-4125_S18__NODE_609_length_16153_cov_20.017766	16153	No terminal repeats	14	11	0.8640	NA	0	2.3253	NA	NA
MV-4122_S12__NODE_1610_length_8714_cov_17.137314	8714	No terminal repeats	8	11	0.8628	NA	0	1.5496	NA	NA
MV-4128_S29__NODE_509_length_11772_cov_19.108304	11772	No terminal repeats	9	11	0.8628	NA	0	1.3358	NA	NA
MV-4122_S12__NODE_577_length_23346_cov_27.424542	23346	No terminal repeats	23	11	0.8623	NA	0	2.7631	NA	NA
MV-4122_S12__NODE_381_length_32104_cov_155.241692	32104	No terminal repeats	35	11	0.8621	NA	0	4.7647	NA	NA
MV-4128_S29__NODE_599_length_10506_cov_11.817912	10506	No terminal repeats	10	11	0.8618	NA	0	1.0183	NA	NA
MV-4122_S12__NODE_981_length_14170_cov_25.369961	14170	No terminal repeats	13	11	0.8611	NA	0	1.1418	NA	NA
MV-4122_S12__NODE_1714_length_8116_cov_27.634785	8116	No terminal repeats	9	11	0.8603	NA	0	1.1486	NA	NA
MV-4122_S12__NODE_1944_length_6938_cov_8.668604	6938	No terminal repeats	5	11	0.8602	NA	0	0.7693	NA	NA
MV-4122_S12__NODE_2103_length_6301_cov_9.763529	6301	No terminal repeats	9	11	0.8599	NA	0	0.3965	NA	NA
MV-4128_S29__NODE_391_length_14790_cov_15.657550	14790	No terminal repeats	10	11	0.8592	NA	0	1.0210	NA	NA
MV-4128_S29__NODE_642_length_9863_cov_28.726346	9863	No terminal repeats	11	11	0.8588	NA	0	4.2717	NA	NA
MV-4125_S18__NODE_882_length_12170_cov_6.841106	12170	No terminal repeats	16	11	0.8586	NA	0	3.5069	NA	NA
MV-4122_S12__NODE_631_length_21662_cov_199.915444	21662	No terminal repeats	19	11	0.8584	NA	5	7.1375	T_virB6;T_virB5;virb4;T_virB3;T_virB2	NA
cell-4125-0-44_S16__NODE_308_length_6628_cov_7.467519	6628	No terminal repeats	6	11	0.8583	NA	0	2.2277	NA	NA
MV-4128_S29__NODE_1080_length_5966_cov_10.834715	5966	No terminal repeats	5	11	0.8580	NA	0	0.2777	NA	NA
MV-4128_S29__NODE_362_length_15775_cov_13.741476	15775	No terminal repeats	17	11	0.8578	NA	0	3.2764	NA	NA
cell-4125-0-44_S16__NODE_424_length_5930_cov_8.629617	5930	No terminal repeats	3	11	0.8576	NA	0	0.9652	NA	NA
MV-4128_S29__NODE_794_length_8063_cov_13.049825	8063	No terminal repeats	9	11	0.8568	NA	0	0.5545	NA	NA
MV-4125_S18__NODE_1257_length_9000_cov_7.108664	9000	No terminal repeats	10	11	0.8561	NA	0	1.5790	NA	NA
MV-4125_S18__NODE_94_length_52530_cov_33.069652	52530	No terminal repeats	39	11	0.8561	NA	0	2.6720	NA	NA
Biragzang__NODE_1205_length_8645_cov_6.050990	8645	No terminal repeats	10	11	0.8559	NA	0	0.4381	NA	NA
MV-4122_S12__NODE_318_length_36946_cov_42.761053	36946	No terminal repeats	36	11	0.8557	NA	0	0.8397	NA	NA
MV-4125_S18__NODE_798_length_13149_cov_26.651978	13149	No terminal repeats	11	11	0.8550	NA	0	2.8307	NA	NF000496
MV-4125_S18__NODE_1096_length_10090_cov_22.322770	10090	No terminal repeats	11	11	0.8549	NA	0	0.3610	NA	NA
MV-4122_S12__NODE_476_length_26849_cov_38.442189	26849	No terminal repeats	16	11	0.8543	NA	0	2.7648	NA	NA
MV-4125_S18__NODE_1445_length_8069_cov_7.586973	8069	No terminal repeats	4	11	0.8540	NA	0	1.2903	NA	NA
MV-4125_S18__NODE_1949_length_6370_cov_10.709580	6370	No terminal repeats	9	11	0.8533	NA	0	0.1192	NA	NA
MV-4128_S29__NODE_1233_length_5240_cov_6.659402	5240	No terminal repeats	5	11	0.8530	NA	0	1.4096	NA	NA
MV-4125_S18__NODE_1459_length_8015_cov_6.426005	8015	No terminal repeats	8	11	0.8526	NA	0	1.7183	NA	NA
cell-4122-0-44_S10__NODE_104_length_14717_cov_14.692607	14717	No terminal repeats	15	11	0.8519	NA	0	0.3792	NA	NA
MV-4125_S18__NODE_1095_length_10099_cov_5.955297	10099	No terminal repeats	11	11	0.8519	NA	0	0.9370	NA	NA
MV-4122_S12__NODE_1730_length_8061_cov_32.021359	8061	No terminal repeats	7	11	0.8519	NA	0	0.1512	NA	NA
Biragzang__NODE_2027_length_6294_cov_8.957205	6294	No terminal repeats	7	11	0.8516	NA	0	0.5257	NA	NA
MV-4122_S12__NODE_442_length_28332_cov_27.636171	28332	No terminal repeats	25	11	0.8510	NA	0	1.4471	NA	NA
MV-4128_S29__NODE_1135_length_5688_cov_10.238772	5688	No terminal repeats	6	11	0.8508	NA	0	0.2924	NA	NA
MV-4128_S29__NODE_710_length_8889_cov_10.713041	8889	No terminal repeats	8	11	0.8497	NA	0	0.2528	NA	NA
MV-4125_S18__NODE_1263_length_8969_cov_6.990464	8969	No terminal repeats	9	11	0.8485	NA	0	1.4448	NA	NF033103
MV-4128_S29__NODE_372_length_15616_cov_36.663325	15616	No terminal repeats	9	11	0.8474	NA	0	2.1529	NA	NA
MV-4125_S18__NODE_487_length_19844_cov_19.499065	19844	No terminal repeats	19	11	0.8465	NA	0	1.8899	NA	NA
MV-4128_S29__NODE_847_length_7559_cov_24.517457	7559	No terminal repeats	11	11	0.8465	NA	0	3.7126	NA	NA
cell-4125-0-44_S16__NODE_598_length_5194_cov_7.828955	5194	No terminal repeats	5	11	0.8463	NA	0	0.1718	NA	NA
Biragzang__NODE_220_length_21126_cov_6.523468	21126	No terminal repeats	20	11	0.8454	NA	0	0.7246	NA	NA
MV-4128_S29__NODE_573_length_10765_cov_26.583847	10765	No terminal repeats	7	11	0.8436	NA	0	0.8465	NA	NA
MV-4128_S29__NODE_311_length_17672_cov_15.257195	17672	No terminal repeats	6	11	0.8433	NA	0	1.1948	NA	NA
MV-4122_S12__NODE_1847_length_7339_cov_19.762356	7339	No terminal repeats	7	11	0.8427	NA	0	1.7335	NA	NA
MV-4122_S12__NODE_1372_length_10180_cov_31.132049	10180	No terminal repeats	9	11	0.8422	NA	0	0.9178	NA	NA
MV-4125_S18__NODE_201_length_34968_cov_55.479707	34968	No terminal repeats	30	11	0.8414	NA	0	0.2405	NA	NF000027
MV-4122_S12__NODE_2458_length_5264_cov_6.055865	5264	No terminal repeats	7	11	0.8411	NA	0	2.5629	NA	NA
MV-4122_S12__NODE_462_length_27348_cov_41.963874	27348	No terminal repeats	31	11	0.8408	NA	0	0.6792	NA	NA
MV-4128_S29__NODE_1067_length_6052_cov_12.328164	6052	No terminal repeats	4	11	0.8407	NA	0	0.3674	NA	NA
MV-4128_S29__NODE_336_length_16445_cov_25.636059	16445	No terminal repeats	16	11	0.8405	NA	0	2.6421	NA	NA
MV-4125_S18__NODE_1144_length_9768_cov_6.903222	9768	No terminal repeats	12	11	0.8402	NA	0	0.7114	NA	NA
cell-4125-0-44_S16__NODE_542_length_5402_cov_7.079671	5402	No terminal repeats	6	11	0.8394	NA	0	0.6306	NA	NA
MV-4128_S29__NODE_660_length_9569_cov_14.703069	9569	No terminal repeats	9	11	0.8391	NA	0	1.2815	NA	NA
MV-4125_S18__NODE_2359_length_5435_cov_15.606877	5435	No terminal repeats	6	11	0.8380	NA	0	1.7092	NA	NA
MV-4128_S29__NODE_144_length_29128_cov_15.231108	29128	No terminal repeats	25	11	0.8378	NA	0	0.7879	NA	NA
MV-4128_S29__NODE_49_length_47776_cov_25.885166	47776	No terminal repeats	48	11	0.8377	NA	0	4.3682	NA	NA
MV-4122_S12__NODE_2098_length_6310_cov_10.106635	6310	No terminal repeats	6	11	0.8366	NA	0	0.6226	NA	NA
MV-4128_S29__NODE_1192_length_5417_cov_16.219321	5417	No terminal repeats	6	11	0.8366	NA	0	0.7380	NA	NA
MV-4125_S18__NODE_835_length_12737_cov_5.625848	12737	No terminal repeats	13	11	0.8364	NA	0	1.0384	NA	NA
Biragzang__NODE_2794_length_5130_cov_24.272118	5130	No terminal repeats	6	11	0.8353	NA	1	1.4636	F_traE	NA
MV-4128_S29__NODE_941_length_6860_cov_12.064952	6860	No terminal repeats	5	11	0.8352	NA	0	1.3533	NA	NF033135
MV-4125_S18__NODE_174_length_37945_cov_21.303721	37945	No terminal repeats	40	11	0.8351	NA	0	1.7394	NA	NA
MV-4122_S12__NODE_307_length_37966_cov_36.605049	37966	No terminal repeats	34	11	0.8348	NA	0	1.3947	NA	NA
MV-4128_S29__NODE_486_length_12151_cov_15.603092	12151	No terminal repeats	4	11	0.8338	NA	0	1.2168	NA	NA
MV-4125_S18__NODE_796_length_13160_cov_7.244105	13160	No terminal repeats	14	11	0.8335	NA	0	2.5856	NA	NA
MV-4128_S29__NODE_787_length_8154_cov_14.714780	8154	No terminal repeats	4	11	0.8335	NA	0	0.4062	NA	NA
MV-4125_S18__NODE_1335_length_8538_cov_14.280325	8538	No terminal repeats	9	11	0.8331	NA	0	0.2471	NA	NA
MV-4128_S29__NODE_966_length_6726_cov_11.971818	6726	No terminal repeats	6	11	0.8321	NA	0	0.8470	NA	NA
MV-4122_S12__NODE_1116_length_12486_cov_12.612501	12486	No terminal repeats	13	11	0.8312	NA	0	2.3592	NA	NA
Biragzang__NODE_1005_length_9439_cov_6.484655	9439	No terminal repeats	8	11	0.8306	NA	0	0.3143	NA	NA
MV-4122_S12__NODE_1097_length_12676_cov_28.819269	12676	No terminal repeats	10	11	0.8301	NA	0	1.9206	NA	NF033135
MV-4122_S12__NODE_2493_length_5191_cov_6.748952	5191	No terminal repeats	7	11	0.8301	NA	0	0.1920	NA	NA
MV-4122_S12__NODE_1626_length_8648_cov_25.923892	8648	No terminal repeats	11	11	0.8298	NA	0	1.6705	NA	NA
MV-4122_S12__NODE_938_length_14729_cov_10.440848	14729	No terminal repeats	16	11	0.8286	NA	0	2.2005	NA	NA
cell-4122-0-44_S10__NODE_544_length_5101_cov_27.302616	5101	No terminal repeats	7	11	0.8276	NA	0	0.1583	NA	NA
MV-4128_S29__NODE_631_length_10022_cov_20.634093	10022	No terminal repeats	8	11	0.8263	NA	0	1.4756	NA	NA
MV-4125_S18__NODE_885_length_12097_cov_5.720312	12097	No terminal repeats	11	11	0.8255	NA	0	3.4763	NA	NF000469;NF033087
MV-4122_S12__NODE_1793_length_7639_cov_29.452795	7639	No terminal repeats	6	11	0.8250	NA	0	1.9281	NA	NA
MV-4125_S18__NODE_1551_length_7623_cov_43.253568	7623	No terminal repeats	9	11	0.8245	NA	0	0.5154	NA	NA
Biragzang__NODE_2695_length_5254_cov_6.678784	5254	No terminal repeats	5	11	0.8240	NA	0	0.4801	NA	NA
MV-4122_S12__NODE_1045_length_13415_cov_32.103743	13415	No terminal repeats	11	11	0.8232	NA	0	1.2409	NA	NF000272
MV-4122_S12__NODE_2139_length_6161_cov_43.490174	6161	No terminal repeats	8	11	0.8232	NA	0	0.2217	NA	NA
MV-4122_S12__NODE_592_length_22757_cov_43.292882	22757	No terminal repeats	24	11	0.8231	NA	0	2.9945	NA	NA
MV-4128_S29__NODE_386_length_15050_cov_14.261887	15050	No terminal repeats	14	11	0.8218	NA	0	2.1469	NA	NA
cell-4125-0-44_S16__NODE_105_length_9885_cov_6.950763	9885	No terminal repeats	10	11	0.8208	NA	0	0.2050	NA	NA
MV-4122_S12__NODE_861_length_15973_cov_43.222641	15973	No terminal repeats	14	11	0.8199	NA	0	1.6673	NA	NA
MV-4122_S12__NODE_200_length_50457_cov_107.841217	50457	No terminal repeats	49	11	0.8191	NA	0	4.7648	NA	NF000493
MV-4122_S12__NODE_1148_length_12219_cov_41.230023	12219	No terminal repeats	13	11	0.8182	NA	0	2.2972	NA	NA
Biragzang__NODE_1946_length_6460_cov_6.626854	6460	No terminal repeats	5	11	0.8182	NA	0	0.1830	NA	NA
MV-4122_S12__NODE_2454_length_5271_cov_30.179831	5271	No terminal repeats	7	11	0.8180	NA	0	0.2512	NA	NA
MV-4122_S12__NODE_1185_length_11848_cov_41.564318	11848	No terminal repeats	11	11	0.8175	NA	0	0.3342	NA	NA
MV-4122_S12__NODE_787_length_17519_cov_36.132730	17519	No terminal repeats	18	11	0.8173	NA	0	0.9322	NA	NA
MV-4128_S29__NODE_1195_length_5411_cov_5.957431	5411	No terminal repeats	5	11	0.8172	NA	0	0.7757	NA	NF033087;NF033145
MV-4128_S29__NODE_664_length_9551_cov_15.256108	9551	No terminal repeats	8	11	0.8154	NA	0	1.3478	NA	NF033145;NF033087
MV-4128_S29__NODE_956_length_6790_cov_14.864291	6790	No terminal repeats	6	11	0.8151	NA	0	0.5845	NA	NA
MV-4122_S12__NODE_833_length_16395_cov_25.681701	16395	No terminal repeats	12	11	0.8148	NA	0	2.2950	NA	NF000272
MV-4128_S29__NODE_545_length_11146_cov_15.395095	11146	No terminal repeats	10	11	0.8146	NA	0	1.6347	NA	NA
MV-4128_S29__NODE_856_length_7514_cov_15.627832	7514	No terminal repeats	8	11	0.8145	NA	0	0.5903	NA	NA
MV-4128_S29__NODE_774_length_8248_cov_17.233736	8248	No terminal repeats	8	11	0.8128	NA	0	0.8404	NA	NA
Biragzang__NODE_2575_length_5402_cov_5.780251	5402	No terminal repeats	5	11	0.8127	NA	0	0.5868	NA	NA
cell-4122-0-44_S10__NODE_261_length_8730_cov_11.228588	8730	No terminal repeats	13	11	0.8110	NA	0	1.6801	NA	NA
Biragzang__NODE_1967_length_6426_cov_6.043164	6426	No terminal repeats	6	11	0.8104	NA	0	0.2294	NA	NA
MV-4128_S29__NODE_661_length_9563_cov_13.833193	9563	No terminal repeats	10	11	0.8102	NA	0	0.2939	NA	NA
MV-4125_S18__NODE_1360_length_8415_cov_24.978349	8415	No terminal repeats	8	11	0.8087	NA	0	0.8306	NA	NA
MV-4125_S18__NODE_2425_length_5302_cov_6.269106	5302	No terminal repeats	5	11	0.8086	NA	0	0.7376	NA	NA
MV-4122_S12__NODE_2275_length_5758_cov_8.281255	5758	No terminal repeats	8	11	0.8074	NA	0	1.1958	NA	NA
MV-4122_S12__NODE_234_length_45634_cov_55.255227	45634	No terminal repeats	45	11	0.8073	NA	0	2.1527	NA	NA
Biragzang__NODE_2898_length_5011_cov_5.175141	5011	No terminal repeats	6	11	0.8060	NA	0	0.2987	NA	NF012174
MV-4128_S29__NODE_1013_length_6380_cov_7.644269	6380	No terminal repeats	7	11	0.8052	NA	0	0.4126	NA	NA
MV-4125_S18__NODE_2283_length_5585_cov_18.821338	5585	No terminal repeats	6	11	0.8050	NA	0	1.0447	NA	NA
MV-4122_S12__NODE_387_length_31704_cov_44.634396	31704	No terminal repeats	29	11	0.8043	NA	0	1.3070	NA	NA
cell-4122-0-44_S10__NODE_316_length_7565_cov_11.689481	7565	No terminal repeats	4	11	0.8040	NA	0	0.1845	NA	NA
MV-4128_S29__NODE_1099_length_5890_cov_14.187661	5890	No terminal repeats	6	11	0.8032	NA	0	0.3069	NA	NA
MV-4122_S12__NODE_1435_length_9783_cov_22.799856	9783	No terminal repeats	10	11	0.8032	NA	0	1.1478	NA	NA
cell-4125-0-44_S16__NODE_539_length_5409_cov_10.648674	5409	No terminal repeats	6	11	0.8028	NA	0	2.0066	NA	NA
MV-4125_S18__NODE_1106_length_10053_cov_24.926985	10053	No terminal repeats	7	11	0.8014	NA	0	1.8321	NA	NA
MV-4128_S29__NODE_467_length_12606_cov_8.237670	12606	No terminal repeats	12	11	0.8014	NA	0	1.4395	NA	NA
MV-4122_S12__NODE_1630_length_8631_cov_10.690065	8631	No terminal repeats	7	11	0.8010	NA	0	2.9378	NA	NA
MV-4128_S29__NODE_843_length_7601_cov_4.817122	7601	No terminal repeats	9	11	0.8006	NA	0	0.3299	NA	NA
MV-4122_S12__NODE_2368_length_5490_cov_6.564121	5490	No terminal repeats	5	11	0.8000	NA	0	0.5299	NA	NA
MV-4128_S29__NODE_777_length_8223_cov_13.782076	8223	No terminal repeats	10	11	0.7993	NA	0	0.5593	NA	NA
MV-4122_S12__NODE_539_length_24672_cov_43.264045	24672	No terminal repeats	21	11	0.7987	NA	0	2.8238	NA	NF000272
MV-4128_S29__NODE_1125_length_5762_cov_6.087962	5762	No terminal repeats	4	11	0.7982	NA	0	0.2848	NA	NA
Biragzang__NODE_1509_length_7572_cov_47.997339	7572	No terminal repeats	8	11	0.7981	NA	0	2.1845	NA	NF000496;NF012147
MV-4125_S18__NODE_1719_length_7074_cov_7.072945	7074	No terminal repeats	9	11	0.7980	NA	0	0.4327	NA	NA
MV-4125_S18__NODE_299_length_26959_cov_22.504460	26959	No terminal repeats	23	11	0.7968	NA	0	0.9524	NA	NA
MV-4122_S12__NODE_811_length_17002_cov_30.695167	17002	No terminal repeats	18	11	0.7966	NA	0	2.7781	NA	NA
Biragzang__NODE_1999_length_6364_cov_9.544143	6364	No terminal repeats	5	11	0.7955	NA	0	1.4424	NA	NA
cell-4125-0-44_S16__NODE_113_length_9684_cov_25.434001	9684	No terminal repeats	11	11	0.7950	NA	0	2.5585	NA	NA
MV-4122_S12__NODE_629_length_21696_cov_27.875791	21696	No terminal repeats	19	11	0.7943	NA	0	1.6201	NA	NA
MV-4125_S18__NODE_2413_length_5320_cov_7.779867	5320	No terminal repeats	3	11	0.7942	NA	0	0.3210	NA	NA
cell-4122-0-44_S10__NODE_134_length_12855_cov_15.301406	12855	No terminal repeats	11	11	0.7940	NA	0	0.8547	NA	NA
MV-4125_S18__NODE_34_length_82035_cov_63.297743	82035	No terminal repeats	78	11	0.7934	NA	0	2.2536	NA	NA
MV-4128_S29__NODE_496_length_11954_cov_16.617867	11954	No terminal repeats	14	11	0.7925	NA	0	0.5788	NA	NA
MV-4125_S18__NODE_1702_length_7128_cov_22.279372	7128	No terminal repeats	9	11	0.7924	NA	0	0.5048	NA	NA
MV-4122_S12__NODE_1324_length_10599_cov_41.098350	10599	No terminal repeats	9	11	0.7922	NA	0	2.4087	NA	NA
MV-4128_S29__NODE_302_length_17911_cov_16.449485	17911	No terminal repeats	9	11	0.7918	NA	0	2.5587	NA	NF012174
MV-4122_S12__NODE_1321_length_10616_cov_61.764984	10616	No terminal repeats	10	11	0.7909	NA	0	1.3158	NA	NA
MV-4125_S18__NODE_1450_length_8051_cov_8.039645	8051	No terminal repeats	9	11	0.7905	NA	0	1.9865	NA	NA
cell-4125-0-44_S16__NODE_148_length_8674_cov_5.875740	8674	No terminal repeats	6	11	0.7899	NA	0	1.0792	NA	NA
MV-4128_S29__NODE_472_length_12453_cov_11.825617	12453	No terminal repeats	10	11	0.7895	NA	0	0.9077	NA	NA
MV-4128_S29__NODE_834_length_7655_cov_15.062500	7655	No terminal repeats	8	11	0.7880	NA	0	0.3651	NA	NA
MV-4125_S18__NODE_2511_length_5163_cov_10.819499	5163	No terminal repeats	6	11	0.7878	NA	5	5.5500	virb4;T_virB6;T_virB8;T_virB9;T_virB10	NA
cell-4122-0-44_S10__NODE_254_length_8859_cov_25.277828	8859	No terminal repeats	7	11	0.7875	NA	0	0.1490	NA	NA
MV-4128_S29__NODE_233_length_20821_cov_21.995907	20821	No terminal repeats	16	11	0.7874	NA	0	1.4535	NA	NA
MV-4125_S18__NODE_478_length_20191_cov_18.797030	20191	No terminal repeats	18	11	0.7867	NA	0	3.4604	NA	NF012178
MV-4128_S29__NODE_85_length_36977_cov_29.620362	36977	No terminal repeats	35	11	0.7866	NA	0	2.4977	NA	NA
MV-4128_S29__NODE_1268_length_5096_cov_18.398929	5096	No terminal repeats	6	11	0.7852	NA	0	0.6424	NA	NA
MV-4122_S12__NODE_2381_length_5442_cov_42.051049	5442	No terminal repeats	5	11	0.7844	NA	0	1.7383	NA	NA
MV-4122_S12__NODE_732_length_18868_cov_27.210333	18868	No terminal repeats	21	11	0.7836	NA	0	0.5402	NA	NA
MV-4128_S29__NODE_451_length_13071_cov_27.968423	13071	No terminal repeats	11	11	0.7834	NA	0	1.2557	NA	NA
MV-4128_S29__NODE_979_length_6620_cov_12.729779	6620	No terminal repeats	6	11	0.7829	NA	0	0.6041	NA	NA
MV-4128_S29__NODE_643_length_9853_cov_7.505001	9853	No terminal repeats	10	11	0.7828	NA	0	1.4807	NA	NA
MV-4122_S12__NODE_847_length_16142_cov_14.845154	16142	No terminal repeats	13	11	0.7826	NA	0	0.1704	NA	NA
MV-4128_S29__NODE_745_length_8538_cov_11.564069	8538	No terminal repeats	9	11	0.7808	NA	0	0.9485	NA	NA
MV-4128_S29__NODE_782_length_8205_cov_15.867117	8205	No terminal repeats	7	11	0.7807	NA	0	0.1528	NA	NA
MV-4125_S18__NODE_1655_length_7291_cov_7.191128	7291	No terminal repeats	10	11	0.7799	NA	0	2.1397	NA	NF033105
Biragzang__NODE_1430_length_7873_cov_19.403044	7873	No terminal repeats	6	11	0.7796	NA	0	0.5132	I_traW	NA
Biragzang__NODE_1424_length_7900_cov_7.469089	7900	No terminal repeats	8	11	0.7794	NA	0	1.2556	NA	NA
cell-4125-0-44_S16__NODE_187_length_8051_cov_9.952851	8051	No terminal repeats	6	11	0.7793	NA	0	0.3149	NA	NA
MV-4128_S29__NODE_1130_length_5724_cov_22.414182	5724	No terminal repeats	7	11	0.7785	NA	0	0.2336	NA	NA
MV-4128_S29__NODE_1119_length_5792_cov_15.334495	5792	No terminal repeats	5	11	0.7772	NA	0	1.2017	NA	NA
MV-4125_S18__NODE_830_length_12788_cov_26.355611	12788	No terminal repeats	14	11	0.7765	NA	0	1.1720	NA	NA
Biragzang__NODE_1710_length_6990_cov_6.940447	6990	No terminal repeats	6	11	0.7762	NA	0	1.7105	NA	NF012174
MV-4128_S29__NODE_881_length_7354_cov_11.221537	7354	No terminal repeats	8	11	0.7761	NA	0	0.8235	NA	NA
MV-4128_S29__NODE_812_length_7851_cov_15.445998	7851	No terminal repeats	7	11	0.7761	NA	0	0.8512	NA	NA
Biragzang__NODE_349_length_16697_cov_19.911669	16697	No terminal repeats	14	11	0.7760	NA	0	3.4206	NA	NA
MV-4128_S29__NODE_147_length_28440_cov_26.469191	28440	No terminal repeats	31	11	0.7754	NA	0	6.0522	NA	NA
MV-4128_S29__NODE_1162_length_5565_cov_13.605626	5565	No terminal repeats	6	11	0.7754	NA	0	2.7622	NA	NA
cell-4125-0-44_S16__NODE_261_length_7101_cov_6.205365	7101	No terminal repeats	3	11	0.7744	NA	0	0.4086	NA	NA
cell-4122-0-44_S10__NODE_163_length_11543_cov_17.026985	11543	No terminal repeats	11	11	0.7740	NA	1	0.3324	NA	NA
MV-4122_S12__NODE_1164_length_12086_cov_71.426897	12086	No terminal repeats	13	11	0.7740	NA	0	1.6807	NA	NF033135
MV-4128_S29__NODE_679_length_9324_cov_16.252023	9324	No terminal repeats	10	11	0.7735	NA	0	0.9048	NA	NA
Biragzang__NODE_2546_length_5436_cov_13.610481	5436	No terminal repeats	6	11	0.7734	NA	0	0.7406	NA	NA
MV-4128_S29__NODE_1219_length_5300_cov_18.243470	5300	No terminal repeats	2	11	0.7728	NA	0	0.7486	NA	NA
Biragzang__NODE_2024_length_6305_cov_8.487200	6305	No terminal repeats	9	11	0.7727	NA	0	1.1726	NA	NA
MV-4128_S29__NODE_836_length_7642_cov_12.632661	7642	No terminal repeats	9	11	0.7726	NA	0	0.5194	NA	NA
MV-4125_S18__NODE_45_length_71332_cov_47.928631	71332	No terminal repeats	61	11	0.7724	NA	0	2.7715	NA	NA
MV-4125_S18__NODE_1059_length_10447_cov_27.313510	10447	No terminal repeats	9	11	0.7719	NA	0	1.4670	NA	NA
Biragzang__NODE_2198_length_5993_cov_6.673291	5993	No terminal repeats	8	11	0.7716	NA	0	0.8758	NA	NA
MV-4128_S29__NODE_1055_length_6125_cov_14.766392	6125	No terminal repeats	7	11	0.7708	NA	0	0.3200	NA	NA
MV-4128_S29__NODE_1161_length_5575_cov_7.930435	5575	No terminal repeats	5	11	0.7699	NA	0	1.1686	NA	NA
MV-4122_S12__NODE_1852_length_7313_cov_42.585836	7313	No terminal repeats	7	11	0.7695	NA	0	0.1502	NA	NA
MV-4128_S29__NODE_456_length_12964_cov_12.526687	12964	No terminal repeats	10	11	0.7695	NA	0	0.7374	NA	NA
MV-4128_S29__NODE_1008_length_6406_cov_11.184695	6406	No terminal repeats	7	11	0.7690	NA	0	0.8478	NA	NA
MV-4128_S29__NODE_719_length_8826_cov_15.658078	8826	No terminal repeats	9	11	0.7681	NA	0	0.2729	NA	NA
Biragzang__NODE_2480_length_5538_cov_6.896042	5538	No terminal repeats	6	11	0.7677	NA	0	0.2590	NA	NA
MV-4128_S29__NODE_1098_length_5895_cov_13.268836	5895	No terminal repeats	6	11	0.7664	NA	0	0.4497	NA	NA
MV-4122_S12__NODE_1986_length_6778_cov_24.957906	6778	No terminal repeats	6	11	0.7659	NA	0	1.2041	NA	NA
MV-4128_S29__NODE_498_length_11911_cov_8.329116	11911	No terminal repeats	8	11	0.7655	NA	0	0.8666	NA	NA
MV-4122_S12__NODE_2171_length_6071_cov_26.251164	6071	No terminal repeats	4	11	0.7642	NA	0	0.3628	NA	NF033134
MV-4128_S29__NODE_490_length_12084_cov_13.483831	12084	No terminal repeats	12	11	0.7642	NA	0	0.1273	NA	NA
MV-4122_S12__NODE_2141_length_6156_cov_38.744796	6156	No terminal repeats	4	11	0.7639	NA	0	0.1678	NA	NA
MV-4125_S18__NODE_1872_length_6579_cov_6.898069	6579	No terminal repeats	6	11	0.7632	NA	0	0.9423	NA	NA
MV-4125_S18__NODE_415_length_22069_cov_6.701281	22069	No terminal repeats	23	11	0.7629	NA	0	2.6069	NA	NA
MV-4128_S29__NODE_1214_length_5326_cov_13.029406	5326	No terminal repeats	7	11	0.7627	NA	0	0.3095	NA	NA
MV-4122_S12__NODE_2451_length_5280_cov_10.581818	5280	No terminal repeats	7	11	0.7626	NA	0	1.4874	NA	NA
MV-4128_S29__NODE_171_length_25355_cov_26.892451	25355	No terminal repeats	24	11	0.7626	NA	1	3.0474	NA	NA
MV-4125_S18__NODE_1777_length_6909_cov_20.388095	6909	No terminal repeats	7	11	0.7623	NA	0	0.1860	NA	NA
MV-4128_S29__NODE_1118_length_5797_cov_13.306339	5797	No terminal repeats	5	11	0.7605	NA	0	1.5747	NA	NA
MV-4128_S29__NODE_114_length_32406_cov_26.880869	32406	No terminal repeats	34	11	0.7599	NA	0	2.9570	NA	NA
MV-4125_S18__NODE_2066_length_6075_cov_16.448173	6075	No terminal repeats	8	11	0.7590	NA	0	1.6167	NA	NA
MV-4122_S12__NODE_2466_length_5252_cov_21.730614	5252	No terminal repeats	6	11	0.7583	NA	0	0.5778	NA	NA
MV-4122_S12__NODE_2323_length_5617_cov_23.546206	5617	No terminal repeats	6	11	0.7579	NA	0	0.3951	NA	NA
MV-4128_S29__NODE_453_length_13066_cov_20.865422	13066	No terminal repeats	5	11	0.7575	NA	0	0.7406	NA	NA
MV-4125_S18__NODE_610_length_16126_cov_22.549810	16126	No terminal repeats	15	11	0.7570	NA	0	3.0967	NA	NA
MV-4128_S29__NODE_667_length_9490_cov_12.996820	9490	No terminal repeats	7	11	0.7552	NA	0	0.5970	NA	NA
MV-4128_S29__NODE_216_length_22265_cov_21.029986	22265	No terminal repeats	20	11	0.7548	NA	0	0.2850	NA	NA
MV-4122_S12__NODE_1825_length_7478_cov_30.609457	7478	No terminal repeats	9	11	0.7548	NA	0	1.2930	NA	NA
MV-4128_S29__NODE_816_length_7816_cov_17.862518	7816	No terminal repeats	7	11	0.7538	NA	0	0.1374	NA	NA
MV-4128_S29__NODE_1175_length_5498_cov_12.812236	5498	No terminal repeats	5	11	0.7530	NA	0	0.4377	NA	NA
MV-4125_S18__NODE_93_length_52630_cov_43.458982	52630	No terminal repeats	51	11	0.7522	NA	0	3.3586	NA	NF000496
MV-4122_S12__NODE_1690_length_8267_cov_31.136264	8267	No terminal repeats	7	11	0.7519	NA	0	0.5243	NA	NA
MV-4122_S12__NODE_1175_length_11983_cov_14.067404	11983	No terminal repeats	10	11	0.7517	NA	0	1.7629	NA	NA
MV-4122_S12__NODE_1132_length_12343_cov_8.579020	12343	No terminal repeats	9	11	0.7517	NA	0	0.8276	NA	NA
MV-4122_S12__NODE_1153_length_12177_cov_9.458010	12177	No terminal repeats	14	11	0.7511	NA	0	4.2838	NA	NA
MV-4122_S12__NODE_2448_length_5297_cov_21.810568	5297	No terminal repeats	7	11	0.7502	NA	1	1.7575	NA	NF000005
MV-4122_S12__NODE_972_length_14227_cov_24.091871	14227	No terminal repeats	11	11	0.7468	NA	0	0.9573	NA	NF033135
MV-4128_S29__NODE_408_length_14353_cov_24.218282	14353	No terminal repeats	11	11	0.7464	NA	0	2.0858	NA	NA
MV-4125_S18__NODE_1029_length_10727_cov_6.359352	10727	No terminal repeats	11	11	0.7459	NA	0	2.2489	NA	NA
MV-4122_S12__NODE_2070_length_6403_cov_7.693132	6403	No terminal repeats	9	11	0.7457	NA	0	0.2552	NA	NF012178
MV-4128_S29__NODE_1153_length_5607_cov_8.558898	5607	No terminal repeats	5	11	0.7434	NA	0	0.8859	NA	NF033117
MV-4122_S12__NODE_902_length_15263_cov_42.163072	15263	No terminal repeats	16	11	0.7426	NA	0	2.4470	NA	NF033135
MV-4122_S12__NODE_2404_length_5390_cov_28.412559	5390	No terminal repeats	3	11	0.7419	NA	0	0.6620	NA	NA
MV-4125_S18__NODE_1516_length_7795_cov_20.067183	7795	No terminal repeats	5	11	0.7413	NA	0	0.6353	NA	NA
MV-4122_S12__NODE_409_length_30235_cov_44.975679	30235	No terminal repeats	23	11	0.7411	NA	0	0.3507	NA	NA
MV-4128_S29__NODE_1145_length_5647_cov_6.680794	5647	No terminal repeats	5	11	0.7407	NA	0	0.8138	NA	NA
MV-4122_S12__NODE_1313_length_10661_cov_20.774184	10661	No terminal repeats	6	11	0.7402	NA	0	0.3278	NA	NA
MV-4128_S29__NODE_940_length_6872_cov_7.904063	6872	No terminal repeats	9	11	0.7401	NA	0	1.0783	NA	NA
MV-4125_S18__NODE_923_length_11667_cov_18.701688	11667	No terminal repeats	4	11	0.7399	NA	0	0.2338	NA	NA
MV-4128_S29__NODE_1011_length_6383_cov_13.347977	6383	No terminal repeats	4	11	0.7396	NA	0	0.1973	NA	NA
MV-4125_S18__NODE_495_length_19491_cov_30.466454	19491	No terminal repeats	9	11	0.7396	NA	0	0.2132	NA	NA
MV-4128_S29__NODE_1063_length_6070_cov_12.180881	6070	No terminal repeats	7	11	0.7396	NA	0	0.2586	NA	NA
MV-4122_S12__NODE_625_length_21790_cov_22.297769	21790	No terminal repeats	19	11	0.7383	NA	0	0.6813	NA	NA
MV-4122_S12__NODE_2264_length_5782_cov_39.247075	5782	No terminal repeats	3	11	0.7378	NA	0	1.2334	NA	NA
Biragzang__NODE_900_length_10115_cov_12.918588	10115	No terminal repeats	10	11	0.7370	NA	0	0.7235	NA	NA
MV-4125_S18__NODE_921_length_11687_cov_7.031981	11687	No terminal repeats	13	11	0.7359	NA	1	2.0892	T_virB9	NA
MV-4128_S29__NODE_700_length_9000_cov_17.566238	9000	No terminal repeats	5	11	0.7352	NA	0	0.4062	NA	NA
MV-4128_S29__NODE_552_length_11013_cov_15.450082	11013	No terminal repeats	14	11	0.7351	NA	0	0.2053	NA	NA
MV-4122_S12__NODE_752_length_18388_cov_21.025910	18388	No terminal repeats	15	11	0.7341	NA	0	0.2027	NA	NA
MV-4122_S12__NODE_1342_length_10426_cov_26.027480	10426	No terminal repeats	6	11	0.7331	NA	0	1.3974	NA	NA
MV-4122_S12__NODE_2259_length_5795_cov_7.925784	5795	No terminal repeats	6	11	0.7327	NA	0	0.3687	NA	NA
Biragzang__NODE_2375_length_5706_cov_4.952044	5706	No terminal repeats	7	11	0.7326	NA	0	0.5958	NA	NA
MV-4125_S18__NODE_2153_length_5875_cov_12.491753	5875	No terminal repeats	4	11	0.7320	NA	0	0.1704	NA	NA
cell-4122-0-44_S10__NODE_469_length_5719_cov_15.673199	5719	No terminal repeats	8	11	0.7313	NA	1	1.2035	NA	NA
MV-4128_S29__NODE_861_length_7488_cov_14.013723	7488	No terminal repeats	7	11	0.7309	NA	0	2.0352	NA	NA
MV-4122_S12__NODE_1139_length_12299_cov_23.058151	12299	No terminal repeats	12	11	0.7304	NA	0	2.3394	NA	NF033105
cell-4122-0-44_S10__NODE_464_length_5749_cov_17.509132	5749	No terminal repeats	6	11	0.7302	NA	0	0.2072	NA	NA
MV-4122_S12__NODE_506_length_25758_cov_43.747345	25758	No terminal repeats	26	11	0.7280	NA	0	2.0408	NA	NA
MV-4128_S29__NODE_113_length_32621_cov_22.785942	32621	No terminal repeats	26	11	0.7279	NA	0	0.7677	NA	NA
MV-4128_S29__NODE_871_length_7436_cov_15.038613	7436	No terminal repeats	6	11	0.7274	NA	0	0.4062	NA	NA
MV-4128_S29__NODE_721_length_8763_cov_14.113803	8763	No terminal repeats	9	11	0.7271	NA	0	0.2898	NA	NA
MV-4125_S18__NODE_159_length_40401_cov_23.754970	40401	No terminal repeats	39	11	0.7266	NA	0	0.9157	NA	NA
MV-4122_S12__NODE_362_length_33782_cov_22.537937	33782	No terminal repeats	28	11	0.7258	NA	0	0.9422	NA	NA
MV-4122_S12__NODE_286_length_39975_cov_168.672821	39975	No terminal repeats	40	11	0.7250	NA	0	4.3216	NA	NA
MV-4122_S12__NODE_1051_length_13360_cov_59.537918	13360	No terminal repeats	10	11	0.7239	NA	0	0.3053	NA	NA
MV-4122_S12__NODE_2345_length_5550_cov_19.339945	5550	No terminal repeats	4	11	0.7235	NA	0	1.0622	NA	NA
MV-4125_S18__NODE_2206_length_5724_cov_7.853590	5724	No terminal repeats	6	11	0.7226	NA	0	0.5143	NA	NA
MV-4122_S12__NODE_1078_length_13061_cov_10.627941	13061	No terminal repeats	10	11	0.7220	NA	0	0.9416	NA	NA
MV-4128_S29__NODE_697_length_9026_cov_32.002898	9026	No terminal repeats	8	11	0.7217	NA	0	1.9134	NA	NA
cell-4125-0-44_S16__NODE_394_length_6098_cov_9.859507	6098	No terminal repeats	6	11	0.7211	NA	0	0.1724	NA	NA
MV-4125_S18__NODE_221_length_33152_cov_23.198507	33152	No terminal repeats	30	11	0.7210	NA	0	0.3970	NA	NF033145
MV-4125_S18__NODE_2207_length_5724_cov_6.629212	5724	No terminal repeats	6	11	0.7205	NA	0	0.5570	NA	NA
MV-4128_S29__NODE_902_length_7195_cov_5.294818	7195	No terminal repeats	8	11	0.7201	NA	0	0.3141	NA	NA
MV-4122_S12__NODE_1235_length_11358_cov_9.501637	11358	No terminal repeats	8	11	0.7200	NA	0	0.6955	NA	NA
MV-4128_S29__NODE_996_length_6518_cov_14.671670	6518	No terminal repeats	5	11	0.7189	NA	0	1.1614	NA	NA
MV-4122_S12__NODE_1570_length_8917_cov_41.678515	8917	No terminal repeats	8	11	0.7175	NA	0	1.1688	NA	NA
MV-4125_S18__NODE_2540_length_5119_cov_5.151659	5119	No terminal repeats	4	11	0.7172	NA	0	0.6446	NA	NA
MV-4128_S29__NODE_755_length_8452_cov_15.650589	8452	No terminal repeats	7	11	0.7171	NA	0	1.2118	NA	NA
MV-4122_S12__NODE_2076_length_6379_cov_11.288583	6379	No terminal repeats	9	11	0.7168	NA	0	0.3294	NA	NA
Biragzang__NODE_2437_length_5612_cov_8.592586	5612	No terminal repeats	7	11	0.7164	NA	0	0.8825	NA	NA
MV-4125_S18__NODE_1475_length_7950_cov_21.053452	7950	No terminal repeats	9	11	0.7153	NA	0	0.7814	NA	NA
MV-4128_S29__NODE_1247_length_5194_cov_11.592917	5194	No terminal repeats	5	11	0.7152	NA	0	0.7276	NA	NA
MV-4122_S12__NODE_1878_length_7206_cov_11.736540	7206	No terminal repeats	8	11	0.7133	NA	0	0.1914	NA	NA
MV-4122_S12__NODE_267_length_41730_cov_40.507283	41730	No terminal repeats	44	11	0.7129	NA	0	1.9946	NA	NA
MV-4122_S12__NODE_438_length_28521_cov_25.275768	28521	No terminal repeats	21	11	0.7121	NA	0	0.8994	NA	NF033145
MV-4125_S18__NODE_1716_length_7096_cov_50.197699	7096	No terminal repeats	6	11	0.7120	NA	0	0.5154	NA	NA
MV-4125_S18__NODE_2045_length_6133_cov_6.663376	6133	No terminal repeats	6	11	0.7119	NA	0	1.1839	NA	NA
MV-4122_S12__NODE_883_length_15564_cov_21.804243	15564	No terminal repeats	12	11	0.7119	NA	0	0.9401	NA	NA
MV-4128_S29__NODE_592_length_10584_cov_13.674898	10584	No terminal repeats	1	11	0.7103	NA	0	0.3563	NA	NA
MV-4125_S18__NODE_637_length_15561_cov_31.257191	15561	No terminal repeats	15	11	0.7097	NA	0	0.8832	NA	NA
MV-4128_S29__NODE_1092_length_5915_cov_12.582594	5915	No terminal repeats	7	11	0.7096	NA	0	1.1962	NA	NA
Biragzang__NODE_299_length_18291_cov_14.429041	18291	No terminal repeats	10	11	0.7090	NA	0	1.0218	NA	NA
cell-4122-0-44_S10__NODE_450_length_5858_cov_14.805962	5858	No terminal repeats	9	11	0.7088	NA	0	0.4248	NA	NA
cell-4122-0-44_S10__NODE_182_length_10790_cov_20.538891	10790	No terminal repeats	7	11	0.7079	NA	0	0.1593	NA	NA
MV-4128_S29__NODE_420_length_14037_cov_14.699971	14037	No terminal repeats	14	11	0.7079	NA	0	0.8902	NA	NA
MV-4128_S29__NODE_1159_length_5583_cov_4.105825	5583	No terminal repeats	6	11	0.7076	NA	0	1.5930	NA	NA
MV-4122_S12__NODE_2260_length_5790_cov_25.721186	5790	No terminal repeats	5	11	0.7056	NA	0	1.0759	NA	NA
Biragzang__NODE_2460_length_5583_cov_4.999276	5583	No terminal repeats	7	11	0.7055	NA	0	0.9567	NA	NA
Biragzang__NODE_965_length_9658_cov_6.654587	9658	No terminal repeats	7	11	0.7054	NA	0	0.8223	NA	NA
MV-4128_S29__NODE_516_length_11633_cov_14.216963	11633	No terminal repeats	11	11	0.7040	NA	0	0.4652	NA	NA
MV-4128_S29__NODE_1289_length_5021_cov_7.492348	5021	No terminal repeats	6	11	0.7034	NA	0	1.0802	NA	NA
MV-4122_S12__NODE_701_length_19570_cov_31.315911	19570	No terminal repeats	18	11	0.7027	NA	0	1.3845	NA	NA
MV-4125_S18__NODE_1383_length_8304_cov_17.032368	8304	No terminal repeats	9	11	0.7018	NA	0	0.5161	NA	NA
cell-4122-0-44_S10__NODE_319_length_7510_cov_10.023608	7510	No terminal repeats	5	11	0.7010	NA	0	0.3218	NA	NA
MV-4122_S12__NODE_194_length_51423_cov_46.062276	51423	No terminal repeats	48	11	0.7007	NA	0	2.3669	NA	NA
